txn_id,account_id,txn_ts,amount,currency,direction,channel,txn_type,counterparty_account,counterparty_name,counterparty_country,mcc,device_id,is_cash,narrative
TXN-0000001,ACC-00025,2026-04-01T08:00:00,14249.02,VRD,DEBIT,CARD,PURCHASE,EXT-VERDANA,Fictional Counterparty,VD,,DEV-0018,FALSE,Synthetic routine activity
TXN-0000002,ACC-00050,2026-04-01T08:00:00,2374.83,VRD,DEBIT,CARD,PURCHASE,EXT-VERDANA,Fictional Counterparty,VD,,DEV-0053,FALSE,Synthetic routine activity
TXN-0000003,ACC-00075,2026-04-01T08:00:00,7325.79,VRD,DEBIT,CARD,PURCHASE,EXT-VERDANA,Fictional Counterparty,VD,,DEV-0028,FALSE,Synthetic routine activity
TXN-0000004,ACC-00102,2026-04-01T10:06:00,12879.94,VRD,CREDIT,CARD,PURCHASE,EXT-VERDANA,Fictional Counterparty,VD,,DEV-0019,FALSE,Synthetic routine activity
TXN-0000005,ACC-00127,2026-04-01T10:06:00,13678.66,VRD,DEBIT,CARD,PURCHASE,EXT-VERDANA,Fictional Counterparty,VD,,DEV-0054,FALSE,Synthetic routine activity
TXN-0000006,ACC-00007,2026-04-01T10:16:00,9335.96,VRD,DEBIT,TRANSFER,TRANSFER,EXT-VERDANA,Fictional Counterparty,VD,,DEV-0004,FALSE,Synthetic routine activity
TXN-0000007,ACC-00034,2026-04-01T12:22:00,2537.59,VRD,CREDIT,TRANSFER,TRANSFER,EXT-VERDANA,Fictional Counterparty,VD,,DEV-0055,FALSE,Synthetic routine activity
TXN-0000008,ACC-00059,2026-04-01T12:22:00,13768.73,VRD,DEBIT,TRANSFER,TRANSFER,EXT-VERDANA,Fictional Counterparty,VD,,DEV-0030,FALSE,Synthetic routine activity
TXN-0000009,ACC-00084,2026-04-01T12:22:00,4197.81,VRD,DEBIT,TRANSFER,TRANSFER,EXT-VERDANA,Fictional Counterparty,VD,,DEV-0005,FALSE,Synthetic routine activity
TXN-0000010,ACC-00109,2026-04-01T12:22:00,1600.38,VRD,DEBIT,TRANSFER,TRANSFER,EXT-VERDANA,Fictional Counterparty,VD,,DEV-0040,FALSE,Synthetic routine activity
TXN-0000011,ACC-00016,2026-04-01T14:38:00,6228.39,VRD,DEBIT,MOBILE,TRANSFER,EXT-VERDANA,Fictional Counterparty,VD,,DEV-0041,FALSE,Synthetic routine activity
TXN-0000012,ACC-00041,2026-04-01T14:38:00,8029.32,VRD,DEBIT,MOBILE,TRANSFER,EXT-VERDANA,Fictional Counterparty,VD,,DEV-0016,FALSE,Synthetic routine activity
TXN-0000013,ACC-00068,2026-04-01T16:44:00,11893.61,VRD,CREDIT,MOBILE,TRANSFER,EXT-VERDANA,Fictional Counterparty,VD,,DEV-0007,FALSE,Synthetic routine activity
TXN-0000014,ACC-00093,2026-04-01T16:44:00,4336.93,VRD,DEBIT,MOBILE,TRANSFER,EXT-VERDANA,Fictional Counterparty,VD,,DEV-0042,FALSE,Synthetic routine activity
TXN-0000015,ACC-00118,2026-04-01T16:44:00,7730.58,VRD,DEBIT,MOBILE,TRANSFER,EXT-VERDANA,Fictional Counterparty,VD,,DEV-0017,FALSE,Synthetic routine activity
TXN-0000016,ACC-00027,2026-04-02T09:19:00,14077.58,VRD,CREDIT,TRANSFER,TRANSFER,EXT-VERDANA,Fictional Counterparty,VD,,DEV-0053,FALSE,Synthetic routine activity
TXN-0000017,ACC-00052,2026-04-02T09:19:00,6522.14,VRD,DEBIT,TRANSFER,TRANSFER,EXT-VERDANA,Fictional Counterparty,VD,,DEV-0028,FALSE,Synthetic routine activity
TXN-0000018,ACC-00077,2026-04-02T09:19:00,8148.63,VRD,DEBIT,TRANSFER,TRANSFER,EXT-VERDANA,Fictional Counterparty,VD,,DEV-0003,FALSE,Synthetic routine activity
TXN-0000019,ACC-00129,2026-04-02T11:25:00,6602.58,VRD,CREDIT,TRANSFER,TRANSFER,EXT-VERDANA,Fictional Counterparty,VD,,DEV-0029,FALSE,Synthetic routine activity
TXN-0000020,ACC-00009,2026-04-02T11:35:00,6059.13,VRD,DEBIT,MOBILE,TRANSFER,EXT-VERDANA,Fictional Counterparty,VD,,DEV-0039,FALSE,Synthetic routine activity
TXN-0000021,ACC-00061,2026-04-02T13:41:00,9657.48,VRD,CREDIT,MOBILE,TRANSFER,EXT-VERDANA,Fictional Counterparty,VD,,DEV-0005,FALSE,Synthetic routine activity
TXN-0000022,ACC-00086,2026-04-02T13:41:00,5917.20,VRD,DEBIT,MOBILE,TRANSFER,EXT-VERDANA,Fictional Counterparty,VD,,DEV-0040,FALSE,Synthetic routine activity
TXN-0000023,ACC-00111,2026-04-02T13:41:00,2371.44,VRD,DEBIT,MOBILE,TRANSFER,EXT-VERDANA,Fictional Counterparty,VD,,DEV-0015,FALSE,Synthetic routine activity
TXN-0000024,ACC-00018,2026-04-02T15:57:00,5844.51,VRD,DEBIT,CARD,PURCHASE,EXT-VERDANA,Fictional Counterparty,VD,,DEV-0016,FALSE,Synthetic routine activity
TXN-0000025,ACC-00043,2026-04-02T15:57:00,10780.82,VRD,DEBIT,CARD,PURCHASE,EXT-VERDANA,Fictional Counterparty,VD,,DEV-0051,FALSE,Synthetic routine activity
TXN-0000026,ACC-00095,2026-04-02T17:03:00,2014.68,VRD,CREDIT,CARD,PURCHASE,EXT-VERDANA,Fictional Counterparty,VD,,DEV-0017,FALSE,Synthetic routine activity
TXN-0000027,ACC-00120,2026-04-02T17:03:00,14827.17,VRD,DEBIT,CARD,PURCHASE,EXT-VERDANA,Fictional Counterparty,VD,,DEV-0052,FALSE,Synthetic routine activity
TXN-0000028,ACC-00097,2026-04-03T08:22:00,765.33,VRD,DEBIT,TRANSFER,TRANSFER,EXT-VERDANA,Fictional Counterparty,VD,,DEV-0052,FALSE,Synthetic routine activity
TXN-0000029,ACC-00122,2026-04-03T08:22:00,8685.81,VRD,CREDIT,TRANSFER,TRANSFER,EXT-VERDANA,Fictional Counterparty,VD,,DEV-0027,FALSE,Synthetic routine activity
TXN-0000030,ACC-00029,2026-04-03T10:38:00,2024.37,VRD,DEBIT,MOBILE,TRANSFER,EXT-VERDANA,Fictional Counterparty,VD,,DEV-0028,FALSE,Synthetic routine activity
TXN-0000031,ACC-00054,2026-04-03T10:38:00,10446.56,VRD,CREDIT,MOBILE,TRANSFER,EXT-VERDANA,Fictional Counterparty,VD,,DEV-0003,FALSE,Synthetic routine activity
TXN-0000032,ACC-00079,2026-04-03T10:38:00,1242.04,VRD,DEBIT,MOBILE,TRANSFER,EXT-VERDANA,Fictional Counterparty,VD,,DEV-0038,FALSE,Synthetic routine activity
TXN-0000033,ACC-00011,2026-04-03T12:54:00,14448.23,VRD,DEBIT,CARD,PURCHASE,EXT-VERDANA,Fictional Counterparty,VD,,DEV-0014,FALSE,Synthetic routine activity
TXN-0000034,ACC-00063,2026-04-03T14:00:00,4333.68,VRD,DEBIT,CARD,PURCHASE,EXT-VERDANA,Fictional Counterparty,VD,,DEV-0040,FALSE,Synthetic routine activity
TXN-0000035,ACC-00088,2026-04-03T14:00:00,4090.17,VRD,CREDIT,CARD,PURCHASE,EXT-VERDANA,Fictional Counterparty,VD,,DEV-0015,FALSE,Synthetic routine activity
TXN-0000036,ACC-00113,2026-04-03T14:00:00,1854.72,VRD,DEBIT,CARD,PURCHASE,EXT-VERDANA,Fictional Counterparty,VD,,DEV-0050,FALSE,Synthetic routine activity
TXN-0000037,ACC-00020,2026-04-03T16:16:00,12269.89,VRD,CREDIT,TRANSFER,TRANSFER,EXT-VERDANA,Fictional Counterparty,VD,,DEV-0051,FALSE,Synthetic routine activity
TXN-0000038,ACC-00045,2026-04-03T16:16:00,5874.78,VRD,DEBIT,TRANSFER,TRANSFER,EXT-VERDANA,Fictional Counterparty,VD,,DEV-0026,FALSE,Synthetic routine activity
TXN-0000039,ACC-00099,2026-04-04T09:41:00,608.68,VRD,DEBIT,MOBILE,TRANSFER,EXT-VERDANA,Fictional Counterparty,VD,,DEV-0027,FALSE,Synthetic routine activity
TXN-0000040,ACC-00124,2026-04-04T09:41:00,1448.31,VRD,DEBIT,MOBILE,TRANSFER,EXT-VERDANA,Fictional Counterparty,VD,,DEV-0002,FALSE,Synthetic routine activity
TXN-0000041,ACC-00004,2026-04-04T09:51:00,4804.95,VRD,DEBIT,CARD,PURCHASE,EXT-VERDANA,Fictional Counterparty,VD,,DEV-0012,FALSE,Synthetic routine activity
TXN-0000042,ACC-00031,2026-04-04T11:57:00,9905.36,VRD,DEBIT,CARD,PURCHASE,EXT-VERDANA,Fictional Counterparty,VD,,DEV-0003,FALSE,Synthetic routine activity
TXN-0000043,ACC-00056,2026-04-04T11:57:00,841.41,VRD,DEBIT,CARD,PURCHASE,EXT-VERDANA,Fictional Counterparty,VD,,DEV-0038,FALSE,Synthetic routine activity
TXN-0000044,ACC-00081,2026-04-04T11:57:00,2300.24,VRD,CREDIT,CARD,PURCHASE,EXT-VERDANA,Fictional Counterparty,VD,,DEV-0013,FALSE,Synthetic routine activity
TXN-0000045,ACC-00106,2026-04-04T11:57:00,13569.37,VRD,DEBIT,CARD,PURCHASE,EXT-VERDANA,Fictional Counterparty,VD,,DEV-0048,FALSE,Synthetic routine activity
TXN-0000046,ACC-00013,2026-04-04T13:13:00,2197.17,VRD,CREDIT,TRANSFER,TRANSFER,EXT-VERDANA,Fictional Counterparty,VD,,DEV-0049,FALSE,Synthetic routine activity
TXN-0000047,ACC-00038,2026-04-04T13:13:00,5713.95,VRD,DEBIT,TRANSFER,TRANSFER,EXT-VERDANA,Fictional Counterparty,VD,,DEV-0024,FALSE,Synthetic routine activity
TXN-0000048,ACC-00065,2026-04-04T15:19:00,13465.18,VRD,DEBIT,TRANSFER,TRANSFER,EXT-VERDANA,Fictional Counterparty,VD,,DEV-0015,FALSE,Synthetic routine activity
TXN-0000049,ACC-00090,2026-04-04T15:19:00,13876.00,VRD,DEBIT,TRANSFER,TRANSFER,EXT-VERDANA,Fictional Counterparty,VD,,DEV-0050,FALSE,Synthetic routine activity
TXN-0000050,ACC-00115,2026-04-04T15:19:00,9840.44,VRD,CREDIT,TRANSFER,TRANSFER,EXT-VERDANA,Fictional Counterparty,VD,,DEV-0025,FALSE,Synthetic routine activity
TXN-0000051,ACC-00022,2026-04-04T17:35:00,2767.19,VRD,DEBIT,MOBILE,TRANSFER,EXT-VERDANA,Fictional Counterparty,VD,,DEV-0026,FALSE,Synthetic routine activity
TXN-0000052,ACC-00047,2026-04-04T17:35:00,849.06,VRD,CREDIT,MOBILE,TRANSFER,EXT-VERDANA,Fictional Counterparty,VD,,DEV-0001,FALSE,Synthetic routine activity
TXN-0000053,ACC-00072,2026-04-04T17:35:00,8835.28,VRD,DEBIT,MOBILE,TRANSFER,EXT-VERDANA,Fictional Counterparty,VD,,DEV-0036,FALSE,Synthetic routine activity
TXN-0000054,ACC-00024,2026-04-05T08:54:00,3477.06,VRD,DEBIT,CARD,PURCHASE,EXT-VERDANA,Fictional Counterparty,VD,,DEV-0001,FALSE,Synthetic routine activity
TXN-0000055,ACC-00049,2026-04-05T08:54:00,1010.07,VRD,DEBIT,CARD,PURCHASE,EXT-VERDANA,Fictional Counterparty,VD,,DEV-0036,FALSE,Synthetic routine activity
TXN-0000056,ACC-00074,2026-04-05T08:54:00,10904.70,VRD,CREDIT,CARD,PURCHASE,EXT-VERDANA,Fictional Counterparty,VD,,DEV-0011,FALSE,Synthetic routine activity
TXN-0000057,ACC-00101,2026-04-05T10:00:00,9786.60,VRD,DEBIT,CARD,PURCHASE,EXT-VERDANA,Fictional Counterparty,VD,,DEV-0002,FALSE,Synthetic routine activity
TXN-0000058,ACC-00126,2026-04-05T10:00:00,8836.00,VRD,DEBIT,CARD,PURCHASE,EXT-VERDANA,Fictional Counterparty,VD,,DEV-0037,FALSE,Synthetic routine activity
TXN-0000059,ACC-00006,2026-04-05T10:10:00,13257.67,VRD,CREDIT,TRANSFER,TRANSFER,EXT-VERDANA,Fictional Counterparty,VD,,DEV-0047,FALSE,Synthetic routine activity
TXN-0000060,ACC-00033,2026-04-05T12:16:00,5220.90,VRD,DEBIT,TRANSFER,TRANSFER,EXT-VERDANA,Fictional Counterparty,VD,,DEV-0038,FALSE,Synthetic routine activity
TXN-0000061,ACC-00058,2026-04-05T12:16:00,7705.08,VRD,DEBIT,TRANSFER,TRANSFER,EXT-VERDANA,Fictional Counterparty,VD,,DEV-0013,FALSE,Synthetic routine activity
TXN-0000062,ACC-00083,2026-04-05T12:16:00,6720.50,VRD,DEBIT,TRANSFER,TRANSFER,EXT-VERDANA,Fictional Counterparty,VD,,DEV-0048,FALSE,Synthetic routine activity
TXN-0000063,ACC-00108,2026-04-05T12:16:00,6629.50,VRD,CREDIT,TRANSFER,TRANSFER,EXT-VERDANA,Fictional Counterparty,VD,,DEV-0023,FALSE,Synthetic routine activity
TXN-0000064,ACC-00015,2026-04-05T14:32:00,3032.30,VRD,DEBIT,MOBILE,TRANSFER,EXT-VERDANA,Fictional Counterparty,VD,,DEV-0024,FALSE,Synthetic routine activity
TXN-0000065,ACC-00040,2026-04-05T14:32:00,11870.38,VRD,CREDIT,MOBILE,TRANSFER,EXT-VERDANA,Fictional Counterparty,VD,,DEV-0059,FALSE,Synthetic routine activity
TXN-0000066,ACC-00067,2026-04-05T16:38:00,6897.60,VRD,DEBIT,MOBILE,TRANSFER,EXT-VERDANA,Fictional Counterparty,VD,,DEV-0050,FALSE,Synthetic routine activity
TXN-0000067,ACC-00092,2026-04-05T16:38:00,13041.14,VRD,DEBIT,MOBILE,TRANSFER,EXT-VERDANA,Fictional Counterparty,VD,,DEV-0025,FALSE,Synthetic routine activity
TXN-0000068,ACC-00117,2026-04-05T16:38:00,11381.89,VRD,DEBIT,MOBILE,TRANSFER,EXT-VERDANA,Fictional Counterparty,VD,,DEV-0060,FALSE,Synthetic routine activity
TXN-0000069,ACC-00001,2026-04-06T09:13:00,10976.14,VRD,CREDIT,TRANSFER,TRANSFER,EXT-VERDANA,Fictional Counterparty,VD,,DEV-0001,FALSE,Synthetic routine activity
TXN-0000070,ACC-00026,2026-04-06T09:13:00,10200.88,VRD,DEBIT,TRANSFER,TRANSFER,EXT-VERDANA,Fictional Counterparty,VD,,DEV-0036,FALSE,Synthetic routine activity
TXN-0000071,ACC-00051,2026-04-06T09:13:00,13800.16,VRD,DEBIT,TRANSFER,TRANSFER,EXT-VERDANA,Fictional Counterparty,VD,,DEV-0011,FALSE,Synthetic routine activity
TXN-0000072,ACC-00076,2026-04-06T09:13:00,7032.16,VRD,DEBIT,TRANSFER,TRANSFER,EXT-VERDANA,Fictional Counterparty,VD,,DEV-0046,FALSE,Synthetic routine activity
TXN-0000073,ACC-00103,2026-04-06T11:19:00,6727.10,VRD,CREDIT,TRANSFER,TRANSFER,EXT-VERDANA,Fictional Counterparty,VD,,DEV-0037,FALSE,Synthetic routine activity
TXN-0000074,ACC-00128,2026-04-06T11:19:00,7218.03,VRD,DEBIT,TRANSFER,TRANSFER,EXT-VERDANA,Fictional Counterparty,VD,,DEV-0012,FALSE,Synthetic routine activity
TXN-0000075,ACC-00008,2026-04-06T11:29:00,4399.35,VRD,DEBIT,MOBILE,TRANSFER,EXT-VERDANA,Fictional Counterparty,VD,,DEV-0022,FALSE,Synthetic routine activity
TXN-0000076,ACC-00035,2026-04-06T13:35:00,9002.83,VRD,CREDIT,MOBILE,TRANSFER,EXT-VERDANA,Fictional Counterparty,VD,,DEV-0013,FALSE,Synthetic routine activity
TXN-0000077,ACC-00060,2026-04-06T13:35:00,10295.06,VRD,DEBIT,MOBILE,TRANSFER,EXT-VERDANA,Fictional Counterparty,VD,,DEV-0048,FALSE,Synthetic routine activity
TXN-0000078,ACC-00085,2026-04-06T13:35:00,12347.04,VRD,DEBIT,MOBILE,TRANSFER,EXT-VERDANA,Fictional Counterparty,VD,,DEV-0023,FALSE,Synthetic routine activity
TXN-0000079,ACC-00110,2026-04-06T13:35:00,7865.75,VRD,DEBIT,MOBILE,TRANSFER,EXT-VERDANA,Fictional Counterparty,VD,,DEV-0058,FALSE,Synthetic routine activity
TXN-0000080,ACC-00017,2026-04-06T15:51:00,8879.14,VRD,DEBIT,CARD,PURCHASE,EXT-VERDANA,Fictional Counterparty,VD,,DEV-0059,FALSE,Synthetic routine activity
TXN-0000081,ACC-00042,2026-04-06T15:51:00,14099.84,VRD,DEBIT,CARD,PURCHASE,EXT-VERDANA,Fictional Counterparty,VD,,DEV-0034,FALSE,Synthetic routine activity
TXN-0000082,ACC-00069,2026-04-06T17:57:00,2539.47,VRD,CREDIT,CARD,PURCHASE,EXT-VERDANA,Fictional Counterparty,VD,,DEV-0025,FALSE,Synthetic routine activity
TXN-0000083,ACC-00094,2026-04-06T17:57:00,5722.89,VRD,DEBIT,CARD,PURCHASE,EXT-VERDANA,Fictional Counterparty,VD,,DEV-0060,FALSE,Synthetic routine activity
TXN-0000084,ACC-00119,2026-04-06T17:57:00,8312.09,VRD,DEBIT,CARD,PURCHASE,EXT-VERDANA,Fictional Counterparty,VD,,DEV-0035,FALSE,Synthetic routine activity
TXN-0000085,ACC-00096,2026-04-07T08:16:00,6998.30,VRD,CREDIT,TRANSFER,TRANSFER,EXT-VERDANA,Fictional Counterparty,VD,,DEV-0035,FALSE,Synthetic routine activity
TXN-0000086,ACC-00121,2026-04-07T08:16:00,4559.35,VRD,DEBIT,TRANSFER,TRANSFER,EXT-VERDANA,Fictional Counterparty,VD,,DEV-0010,FALSE,Synthetic routine activity
TXN-0000087,ACC-00028,2026-04-07T10:32:00,14442.41,VRD,CREDIT,MOBILE,TRANSFER,EXT-VERDANA,Fictional Counterparty,VD,,DEV-0011,FALSE,Synthetic routine activity
TXN-0000088,ACC-00053,2026-04-07T10:32:00,2824.94,VRD,DEBIT,MOBILE,TRANSFER,EXT-VERDANA,Fictional Counterparty,VD,,DEV-0046,FALSE,Synthetic routine activity
TXN-0000089,ACC-00078,2026-04-07T10:32:00,7063.06,VRD,DEBIT,MOBILE,TRANSFER,EXT-VERDANA,Fictional Counterparty,VD,,DEV-0021,FALSE,Synthetic routine activity
TXN-0000090,ACC-00130,2026-04-07T12:38:00,10079.13,VRD,CREDIT,MOBILE,TRANSFER,EXT-VERDANA,Fictional Counterparty,VD,,DEV-0047,FALSE,Synthetic routine activity
TXN-0000091,ACC-00010,2026-04-07T12:48:00,6896.33,VRD,DEBIT,CARD,PURCHASE,EXT-VERDANA,Fictional Counterparty,VD,,DEV-0057,FALSE,Synthetic routine activity
TXN-0000092,ACC-00062,2026-04-07T14:54:00,9343.94,VRD,CREDIT,CARD,PURCHASE,EXT-VERDANA,Fictional Counterparty,VD,,DEV-0023,FALSE,Synthetic routine activity
TXN-0000093,ACC-00087,2026-04-07T14:54:00,4358.57,VRD,DEBIT,CARD,PURCHASE,EXT-VERDANA,Fictional Counterparty,VD,,DEV-0058,FALSE,Synthetic routine activity
TXN-0000094,ACC-00112,2026-04-07T14:54:00,11861.82,VRD,DEBIT,CARD,PURCHASE,EXT-VERDANA,Fictional Counterparty,VD,,DEV-0033,FALSE,Synthetic routine activity
TXN-0000095,ACC-00019,2026-04-07T16:10:00,13504.94,VRD,DEBIT,TRANSFER,TRANSFER,EXT-VERDANA,Fictional Counterparty,VD,,DEV-0034,FALSE,Synthetic routine activity
TXN-0000096,ACC-00044,2026-04-07T16:10:00,2806.96,VRD,DEBIT,TRANSFER,TRANSFER,EXT-VERDANA,Fictional Counterparty,VD,,DEV-0009,FALSE,Synthetic routine activity
TXN-0000097,ACC-00098,2026-04-08T09:35:00,8500.23,VRD,DEBIT,MOBILE,TRANSFER,EXT-VERDANA,Fictional Counterparty,VD,,DEV-0010,FALSE,Synthetic routine activity
TXN-0000098,ACC-00123,2026-04-08T09:35:00,7306.54,VRD,CREDIT,MOBILE,TRANSFER,EXT-VERDANA,Fictional Counterparty,VD,,DEV-0045,FALSE,Synthetic routine activity
TXN-0000099,ACC-00030,2026-04-08T11:51:00,4045.94,VRD,DEBIT,CARD,PURCHASE,EXT-VERDANA,Fictional Counterparty,VD,,DEV-0046,FALSE,Synthetic routine activity
TXN-0000100,ACC-00055,2026-04-08T11:51:00,8649.95,VRD,CREDIT,CARD,PURCHASE,EXT-VERDANA,Fictional Counterparty,VD,,DEV-0021,FALSE,Synthetic routine activity
TXN-0000101,ACC-00080,2026-04-08T11:51:00,7324.74,VRD,DEBIT,CARD,PURCHASE,EXT-VERDANA,Fictional Counterparty,VD,,DEV-0056,FALSE,Synthetic routine activity
TXN-0000102,ACC-00012,2026-04-08T13:07:00,5680.96,VRD,DEBIT,TRANSFER,TRANSFER,EXT-VERDANA,Fictional Counterparty,VD,,DEV-0032,FALSE,Synthetic routine activity
TXN-0000103,ACC-00064,2026-04-08T15:13:00,5170.10,VRD,DEBIT,TRANSFER,TRANSFER,EXT-VERDANA,Fictional Counterparty,VD,,DEV-0058,FALSE,Synthetic routine activity
TXN-0000104,ACC-00089,2026-04-08T15:13:00,9883.68,VRD,CREDIT,TRANSFER,TRANSFER,EXT-VERDANA,Fictional Counterparty,VD,,DEV-0033,FALSE,Synthetic routine activity
TXN-0000105,ACC-00114,2026-04-08T15:13:00,7465.13,VRD,DEBIT,TRANSFER,TRANSFER,EXT-VERDANA,Fictional Counterparty,VD,,DEV-0008,FALSE,Synthetic routine activity
TXN-0000106,ACC-00021,2026-04-08T17:29:00,13853.92,VRD,CREDIT,MOBILE,TRANSFER,EXT-VERDANA,Fictional Counterparty,VD,,DEV-0009,FALSE,Synthetic routine activity
TXN-0000107,ACC-00046,2026-04-08T17:29:00,11230.12,VRD,DEBIT,MOBILE,TRANSFER,EXT-VERDANA,Fictional Counterparty,VD,,DEV-0044,FALSE,Synthetic routine activity
TXN-0000108,ACC-00023,2026-04-09T08:48:00,12536.69,VRD,DEBIT,CARD,PURCHASE,EXT-VERDANA,Fictional Counterparty,VD,,DEV-0044,FALSE,Synthetic routine activity
TXN-0000109,ACC-00048,2026-04-09T08:48:00,6369.30,VRD,CREDIT,CARD,PURCHASE,EXT-VERDANA,Fictional Counterparty,VD,,DEV-0019,FALSE,Synthetic routine activity
TXN-0000110,ACC-00073,2026-04-09T08:48:00,1715.57,VRD,DEBIT,CARD,PURCHASE,EXT-VERDANA,Fictional Counterparty,VD,,DEV-0054,FALSE,Synthetic routine activity
TXN-0000111,ACC-00005,2026-04-09T10:04:00,14996.68,VRD,DEBIT,TRANSFER,TRANSFER,EXT-VERDANA,Fictional Counterparty,VD,,DEV-0030,FALSE,Synthetic routine activity
TXN-0000112,ACC-00100,2026-04-09T10:54:00,11923.28,VRD,DEBIT,CARD,PURCHASE,EXT-VERDANA,Fictional Counterparty,VD,,DEV-0045,FALSE,Synthetic routine activity
TXN-0000113,ACC-00125,2026-04-09T10:54:00,12508.15,VRD,DEBIT,CARD,PURCHASE,EXT-VERDANA,Fictional Counterparty,VD,,DEV-0020,FALSE,Synthetic routine activity
TXN-0000114,ACC-00032,2026-04-09T12:10:00,7881.56,VRD,DEBIT,TRANSFER,TRANSFER,EXT-VERDANA,Fictional Counterparty,VD,,DEV-0021,FALSE,Synthetic routine activity
TXN-0000115,ACC-00057,2026-04-09T12:10:00,13853.18,VRD,DEBIT,TRANSFER,TRANSFER,EXT-VERDANA,Fictional Counterparty,VD,,DEV-0056,FALSE,Synthetic routine activity
TXN-0000116,ACC-00082,2026-04-09T12:10:00,13148.92,VRD,CREDIT,TRANSFER,TRANSFER,EXT-VERDANA,Fictional Counterparty,VD,,DEV-0031,FALSE,Synthetic routine activity
TXN-0000117,ACC-00107,2026-04-09T12:10:00,1892.13,VRD,DEBIT,TRANSFER,TRANSFER,EXT-VERDANA,Fictional Counterparty,VD,,DEV-0006,FALSE,Synthetic routine activity
TXN-0000118,ACC-00014,2026-04-09T14:26:00,9538.90,VRD,CREDIT,MOBILE,TRANSFER,EXT-VERDANA,Fictional Counterparty,VD,,DEV-0007,FALSE,Synthetic routine activity
TXN-0000119,ACC-00039,2026-04-09T14:26:00,11146.10,VRD,DEBIT,MOBILE,TRANSFER,EXT-VERDANA,Fictional Counterparty,VD,,DEV-0042,FALSE,Synthetic routine activity
TXN-0000120,ACC-00066,2026-04-09T16:32:00,7989.08,VRD,DEBIT,MOBILE,TRANSFER,EXT-VERDANA,Fictional Counterparty,VD,,DEV-0033,FALSE,Synthetic routine activity
TXN-0000121,ACC-00091,2026-04-09T16:32:00,2678.83,VRD,DEBIT,MOBILE,TRANSFER,EXT-VERDANA,Fictional Counterparty,VD,,DEV-0008,FALSE,Synthetic routine activity
TXN-0000122,ACC-00116,2026-04-09T16:32:00,6934.62,VRD,CREDIT,MOBILE,TRANSFER,EXT-VERDANA,Fictional Counterparty,VD,,DEV-0043,FALSE,Synthetic routine activity
TXN-0000123,ACC-00025,2026-04-10T09:07:00,10679.19,VRD,DEBIT,TRANSFER,TRANSFER,EXT-VERDANA,Fictional Counterparty,VD,,DEV-0019,FALSE,Synthetic routine activity
TXN-0000124,ACC-00050,2026-04-10T09:07:00,11164.98,VRD,DEBIT,TRANSFER,TRANSFER,EXT-VERDANA,Fictional Counterparty,VD,,DEV-0054,FALSE,Synthetic routine activity
TXN-0000125,ACC-00075,2026-04-10T09:07:00,10969.03,VRD,CREDIT,TRANSFER,TRANSFER,EXT-VERDANA,Fictional Counterparty,VD,,DEV-0029,FALSE,Synthetic routine activity
TXN-0000126,ACC-00102,2026-04-10T11:13:00,2792.88,VRD,DEBIT,TRANSFER,TRANSFER,EXT-VERDANA,Fictional Counterparty,VD,,DEV-0020,FALSE,Synthetic routine activity
TXN-0000127,ACC-00127,2026-04-10T11:13:00,1252.51,VRD,DEBIT,TRANSFER,TRANSFER,EXT-VERDANA,Fictional Counterparty,VD,,DEV-0055,FALSE,Synthetic routine activity
TXN-0000128,ACC-00007,2026-04-10T11:23:00,12459.88,VRD,CREDIT,MOBILE,TRANSFER,EXT-VERDANA,Fictional Counterparty,VD,,DEV-0005,FALSE,Synthetic routine activity
TXN-0000129,ACC-00034,2026-04-10T13:29:00,11783.38,VRD,DEBIT,MOBILE,TRANSFER,EXT-VERDANA,Fictional Counterparty,VD,,DEV-0056,FALSE,Synthetic routine activity
TXN-0000130,ACC-00059,2026-04-10T13:29:00,11179.24,VRD,DEBIT,MOBILE,TRANSFER,EXT-VERDANA,Fictional Counterparty,VD,,DEV-0031,FALSE,Synthetic routine activity
TXN-0000131,ACC-00084,2026-04-10T13:29:00,4314.06,VRD,DEBIT,MOBILE,TRANSFER,EXT-VERDANA,Fictional Counterparty,VD,,DEV-0006,FALSE,Synthetic routine activity
TXN-0000132,ACC-00109,2026-04-10T13:29:00,1232.90,VRD,CREDIT,MOBILE,TRANSFER,EXT-VERDANA,Fictional Counterparty,VD,,DEV-0041,FALSE,Synthetic routine activity
TXN-0000133,ACC-00016,2026-04-10T15:45:00,13943.29,VRD,DEBIT,CARD,PURCHASE,EXT-VERDANA,Fictional Counterparty,VD,,DEV-0042,FALSE,Synthetic routine activity
TXN-0000134,ACC-00041,2026-04-10T15:45:00,11425.01,VRD,CREDIT,CARD,PURCHASE,EXT-VERDANA,Fictional Counterparty,VD,,DEV-0017,FALSE,Synthetic routine activity
TXN-0000135,ACC-00068,2026-04-10T17:51:00,10850.23,VRD,DEBIT,CARD,PURCHASE,EXT-VERDANA,Fictional Counterparty,VD,,DEV-0008,FALSE,Synthetic routine activity
TXN-0000136,ACC-00093,2026-04-10T17:51:00,9938.40,VRD,DEBIT,CARD,PURCHASE,EXT-VERDANA,Fictional Counterparty,VD,,DEV-0043,FALSE,Synthetic routine activity
TXN-0000137,ACC-00118,2026-04-10T17:51:00,511.54,VRD,DEBIT,CARD,PURCHASE,EXT-VERDANA,Fictional Counterparty,VD,,DEV-0018,FALSE,Synthetic routine activity
TXN-0000138,ACC-00070,2026-04-11T08:10:00,11801.56,VRD,CREDIT,TRANSFER,TRANSFER,EXT-VERDANA,Fictional Counterparty,VD,,DEV-0043,FALSE,Synthetic routine activity
TXN-0000139,ACC-00095,2026-04-11T08:10:00,12371.24,VRD,DEBIT,TRANSFER,TRANSFER,EXT-VERDANA,Fictional Counterparty,VD,,DEV-0018,FALSE,Synthetic routine activity
TXN-0000140,ACC-00120,2026-04-11T08:10:00,11011.86,VRD,DEBIT,TRANSFER,TRANSFER,EXT-VERDANA,Fictional Counterparty,VD,,DEV-0053,FALSE,Synthetic routine activity
TXN-0000141,ACC-00002,2026-04-11T10:26:00,12932.20,VRD,CREDIT,MOBILE,TRANSFER,EXT-VERDANA,Fictional Counterparty,VD,,DEV-0019,FALSE,Synthetic routine activity
TXN-0000142,ACC-00027,2026-04-11T10:26:00,12088.19,VRD,DEBIT,MOBILE,TRANSFER,EXT-VERDANA,Fictional Counterparty,VD,,DEV-0054,FALSE,Synthetic routine activity
TXN-0000143,ACC-00052,2026-04-11T10:26:00,12994.35,VRD,DEBIT,MOBILE,TRANSFER,EXT-VERDANA,Fictional Counterparty,VD,,DEV-0029,FALSE,Synthetic routine activity
TXN-0000144,ACC-00077,2026-04-11T10:26:00,14902.39,VRD,DEBIT,MOBILE,TRANSFER,EXT-VERDANA,Fictional Counterparty,VD,,DEV-0004,FALSE,Synthetic routine activity
TXN-0000145,ACC-00104,2026-04-11T12:32:00,7185.13,VRD,CREDIT,MOBILE,TRANSFER,EXT-VERDANA,Fictional Counterparty,VD,,DEV-0055,FALSE,Synthetic routine activity
TXN-0000146,ACC-00129,2026-04-11T12:32:00,12753.10,VRD,DEBIT,MOBILE,TRANSFER,EXT-VERDANA,Fictional Counterparty,VD,,DEV-0030,FALSE,Synthetic routine activity
TXN-0000147,ACC-00009,2026-04-11T12:42:00,4573.24,VRD,DEBIT,CARD,PURCHASE,EXT-VERDANA,Fictional Counterparty,VD,,DEV-0040,FALSE,Synthetic routine activity
TXN-0000148,ACC-00036,2026-04-11T14:48:00,13157.51,VRD,CREDIT,CARD,PURCHASE,EXT-VERDANA,Fictional Counterparty,VD,,DEV-0031,FALSE,Synthetic routine activity
TXN-0000149,ACC-00061,2026-04-11T14:48:00,11042.42,VRD,DEBIT,CARD,PURCHASE,EXT-VERDANA,Fictional Counterparty,VD,,DEV-0006,FALSE,Synthetic routine activity
TXN-0000150,ACC-00086,2026-04-11T14:48:00,12478.58,VRD,DEBIT,CARD,PURCHASE,EXT-VERDANA,Fictional Counterparty,VD,,DEV-0041,FALSE,Synthetic routine activity
TXN-0000151,ACC-00111,2026-04-11T14:48:00,6266.58,VRD,DEBIT,CARD,PURCHASE,EXT-VERDANA,Fictional Counterparty,VD,,DEV-0016,FALSE,Synthetic routine activity
TXN-0000152,ACC-00018,2026-04-11T16:04:00,11923.37,VRD,DEBIT,TRANSFER,TRANSFER,EXT-VERDANA,Fictional Counterparty,VD,,DEV-0017,FALSE,Synthetic routine activity
TXN-0000153,ACC-00043,2026-04-11T16:04:00,1145.39,VRD,DEBIT,TRANSFER,TRANSFER,EXT-VERDANA,Fictional Counterparty,VD,,DEV-0052,FALSE,Synthetic routine activity
TXN-0000154,ACC-00097,2026-04-12T09:29:00,9565.74,VRD,CREDIT,MOBILE,TRANSFER,EXT-VERDANA,Fictional Counterparty,VD,,DEV-0053,FALSE,Synthetic routine activity
TXN-0000155,ACC-00122,2026-04-12T09:29:00,10230.09,VRD,DEBIT,MOBILE,TRANSFER,EXT-VERDANA,Fictional Counterparty,VD,,DEV-0028,FALSE,Synthetic routine activity
TXN-0000156,ACC-00029,2026-04-12T11:45:00,4130.51,VRD,CREDIT,CARD,PURCHASE,EXT-VERDANA,Fictional Counterparty,VD,,DEV-0029,FALSE,Synthetic routine activity
TXN-0000157,ACC-00054,2026-04-12T11:45:00,7285.34,VRD,DEBIT,CARD,PURCHASE,EXT-VERDANA,Fictional Counterparty,VD,,DEV-0004,FALSE,Synthetic routine activity
TXN-0000158,ACC-00079,2026-04-12T11:45:00,2745.91,VRD,DEBIT,CARD,PURCHASE,EXT-VERDANA,Fictional Counterparty,VD,,DEV-0039,FALSE,Synthetic routine activity
TXN-0000159,ACC-00011,2026-04-12T13:01:00,1622.76,VRD,DEBIT,TRANSFER,TRANSFER,EXT-VERDANA,Fictional Counterparty,VD,,DEV-0015,FALSE,Synthetic routine activity
TXN-0000160,ACC-00063,2026-04-12T15:07:00,4418.39,VRD,CREDIT,TRANSFER,TRANSFER,EXT-VERDANA,Fictional Counterparty,VD,,DEV-0041,FALSE,Synthetic routine activity
TXN-0000161,ACC-00088,2026-04-12T15:07:00,8334.19,VRD,DEBIT,TRANSFER,TRANSFER,EXT-VERDANA,Fictional Counterparty,VD,,DEV-0016,FALSE,Synthetic routine activity
TXN-0000162,ACC-00113,2026-04-12T15:07:00,1005.97,VRD,DEBIT,TRANSFER,TRANSFER,EXT-VERDANA,Fictional Counterparty,VD,,DEV-0051,FALSE,Synthetic routine activity
TXN-0000163,ACC-00020,2026-04-12T17:23:00,6791.63,VRD,DEBIT,MOBILE,TRANSFER,EXT-VERDANA,Fictional Counterparty,VD,,DEV-0052,FALSE,Synthetic routine activity
TXN-0000164,ACC-00045,2026-04-12T17:23:00,4126.82,VRD,DEBIT,MOBILE,TRANSFER,EXT-VERDANA,Fictional Counterparty,VD,,DEV-0027,FALSE,Synthetic routine activity
TXN-0000165,ACC-00022,2026-04-13T08:42:00,4288.49,VRD,CREDIT,CARD,PURCHASE,EXT-VERDANA,Fictional Counterparty,VD,,DEV-0027,FALSE,Synthetic routine activity
TXN-0000166,ACC-00047,2026-04-13T08:42:00,13390.42,VRD,DEBIT,CARD,PURCHASE,EXT-VERDANA,Fictional Counterparty,VD,,DEV-0002,FALSE,Synthetic routine activity
TXN-0000167,ACC-00099,2026-04-13T10:48:00,9538.52,VRD,DEBIT,CARD,PURCHASE,EXT-VERDANA,Fictional Counterparty,VD,,DEV-0028,FALSE,Synthetic routine activity
TXN-0000168,ACC-00124,2026-04-13T10:48:00,1912.55,VRD,CREDIT,CARD,PURCHASE,EXT-VERDANA,Fictional Counterparty,VD,,DEV-0003,FALSE,Synthetic routine activity
TXN-0000169,ACC-00031,2026-04-13T12:04:00,8190.61,VRD,DEBIT,TRANSFER,TRANSFER,EXT-VERDANA,Fictional Counterparty,VD,,DEV-0004,FALSE,Synthetic routine activity
TXN-0000170,ACC-00056,2026-04-13T12:04:00,3315.79,VRD,CREDIT,TRANSFER,TRANSFER,EXT-VERDANA,Fictional Counterparty,VD,,DEV-0039,FALSE,Synthetic routine activity
TXN-0000171,ACC-00081,2026-04-13T12:04:00,810.56,VRD,DEBIT,TRANSFER,TRANSFER,EXT-VERDANA,Fictional Counterparty,VD,,DEV-0014,FALSE,Synthetic routine activity
TXN-0000172,ACC-00013,2026-04-13T14:20:00,4833.14,VRD,DEBIT,MOBILE,TRANSFER,EXT-VERDANA,Fictional Counterparty,VD,,DEV-0050,FALSE,Synthetic routine activity
TXN-0000173,ACC-00065,2026-04-13T16:26:00,2754.04,VRD,DEBIT,MOBILE,TRANSFER,EXT-VERDANA,Fictional Counterparty,VD,,DEV-0016,FALSE,Synthetic routine activity
TXN-0000174,ACC-00090,2026-04-13T16:26:00,12719.27,VRD,CREDIT,MOBILE,TRANSFER,EXT-VERDANA,Fictional Counterparty,VD,,DEV-0051,FALSE,Synthetic routine activity
TXN-0000175,ACC-00115,2026-04-13T16:26:00,9220.35,VRD,DEBIT,MOBILE,TRANSFER,EXT-VERDANA,Fictional Counterparty,VD,,DEV-0026,FALSE,Synthetic routine activity
TXN-0000176,ACC-00024,2026-04-14T09:01:00,4762.48,VRD,DEBIT,TRANSFER,TRANSFER,EXT-VERDANA,Fictional Counterparty,VD,,DEV-0002,FALSE,Synthetic routine activity
TXN-0000177,ACC-00049,2026-04-14T09:01:00,8347.51,VRD,CREDIT,TRANSFER,TRANSFER,EXT-VERDANA,Fictional Counterparty,VD,,DEV-0037,FALSE,Synthetic routine activity
TXN-0000178,ACC-00074,2026-04-14T09:01:00,4996.16,VRD,DEBIT,TRANSFER,TRANSFER,EXT-VERDANA,Fictional Counterparty,VD,,DEV-0012,FALSE,Synthetic routine activity
TXN-0000179,ACC-00101,2026-04-14T11:07:00,4941.05,VRD,DEBIT,TRANSFER,TRANSFER,EXT-VERDANA,Fictional Counterparty,VD,,DEV-0003,FALSE,Synthetic routine activity
TXN-0000180,ACC-00126,2026-04-14T11:07:00,1221.01,VRD,DEBIT,TRANSFER,TRANSFER,EXT-VERDANA,Fictional Counterparty,VD,,DEV-0038,FALSE,Synthetic routine activity
TXN-0000181,ACC-00006,2026-04-14T11:17:00,509.76,VRD,DEBIT,MOBILE,TRANSFER,EXT-VERDANA,Fictional Counterparty,VD,,DEV-0048,FALSE,Synthetic routine activity
TXN-0000182,ACC-00033,2026-04-14T13:23:00,5132.89,VRD,DEBIT,MOBILE,TRANSFER,EXT-VERDANA,Fictional Counterparty,VD,,DEV-0039,FALSE,Synthetic routine activity
TXN-0000183,ACC-00058,2026-04-14T13:23:00,8182.56,VRD,DEBIT,MOBILE,TRANSFER,EXT-VERDANA,Fictional Counterparty,VD,,DEV-0014,FALSE,Synthetic routine activity
TXN-0000184,ACC-00083,2026-04-14T13:23:00,13908.44,VRD,CREDIT,MOBILE,TRANSFER,EXT-VERDANA,Fictional Counterparty,VD,,DEV-0049,FALSE,Synthetic routine activity
TXN-0000185,ACC-00108,2026-04-14T13:23:00,8086.98,VRD,DEBIT,MOBILE,TRANSFER,EXT-VERDANA,Fictional Counterparty,VD,,DEV-0024,FALSE,Synthetic routine activity
TXN-0000186,ACC-00015,2026-04-14T15:39:00,14665.20,VRD,CREDIT,CARD,PURCHASE,EXT-VERDANA,Fictional Counterparty,VD,,DEV-0025,FALSE,Synthetic routine activity
TXN-0000187,ACC-00040,2026-04-14T15:39:00,974.05,VRD,DEBIT,CARD,PURCHASE,EXT-VERDANA,Fictional Counterparty,VD,,DEV-0060,FALSE,Synthetic routine activity
TXN-0000188,ACC-00067,2026-04-14T17:45:00,1213.81,VRD,DEBIT,CARD,PURCHASE,EXT-VERDANA,Fictional Counterparty,VD,,DEV-0051,FALSE,Synthetic routine activity
TXN-0000189,ACC-00092,2026-04-14T17:45:00,1027.84,VRD,DEBIT,CARD,PURCHASE,EXT-VERDANA,Fictional Counterparty,VD,,DEV-0026,FALSE,Synthetic routine activity
TXN-0000190,ACC-00117,2026-04-14T17:45:00,6369.08,VRD,CREDIT,CARD,PURCHASE,EXT-VERDANA,Fictional Counterparty,VD,,DEV-0001,FALSE,Synthetic routine activity
TXN-0000191,ACC-00069,2026-04-15T08:04:00,7659.51,VRD,DEBIT,TRANSFER,TRANSFER,EXT-VERDANA,Fictional Counterparty,VD,,DEV-0026,FALSE,Synthetic routine activity
TXN-0000192,ACC-00094,2026-04-15T08:04:00,7321.52,VRD,DEBIT,TRANSFER,TRANSFER,EXT-VERDANA,Fictional Counterparty,VD,,DEV-0001,FALSE,Synthetic routine activity
TXN-0000193,ACC-00119,2026-04-15T08:04:00,2674.75,VRD,DEBIT,TRANSFER,TRANSFER,EXT-VERDANA,Fictional Counterparty,VD,,DEV-0036,FALSE,Synthetic routine activity
TXN-0000194,ACC-00001,2026-04-15T10:20:00,909.94,VRD,DEBIT,MOBILE,TRANSFER,EXT-VERDANA,Fictional Counterparty,VD,,DEV-0002,FALSE,Synthetic routine activity
TXN-0000195,ACC-00026,2026-04-15T10:20:00,14108.80,VRD,DEBIT,MOBILE,TRANSFER,EXT-VERDANA,Fictional Counterparty,VD,,DEV-0037,FALSE,Synthetic routine activity
TXN-0000196,ACC-00051,2026-04-15T10:20:00,9615.07,VRD,DEBIT,MOBILE,TRANSFER,EXT-VERDANA,Fictional Counterparty,VD,,DEV-0012,FALSE,Synthetic routine activity
TXN-0000197,ACC-00076,2026-04-15T10:20:00,12962.47,VRD,CREDIT,MOBILE,TRANSFER,EXT-VERDANA,Fictional Counterparty,VD,,DEV-0047,FALSE,Synthetic routine activity
TXN-0000198,ACC-00103,2026-04-15T12:26:00,13151.79,VRD,DEBIT,MOBILE,TRANSFER,EXT-VERDANA,Fictional Counterparty,VD,,DEV-0038,FALSE,Synthetic routine activity
TXN-0000199,ACC-00128,2026-04-15T12:26:00,4317.69,VRD,DEBIT,MOBILE,TRANSFER,EXT-VERDANA,Fictional Counterparty,VD,,DEV-0013,FALSE,Synthetic routine activity
TXN-0000200,ACC-00008,2026-04-15T12:36:00,11460.62,VRD,CREDIT,CARD,PURCHASE,EXT-VERDANA,Fictional Counterparty,VD,,DEV-0023,FALSE,Synthetic routine activity
TXN-0000201,ACC-00035,2026-04-15T14:42:00,7745.35,VRD,DEBIT,CARD,PURCHASE,EXT-VERDANA,Fictional Counterparty,VD,,DEV-0014,FALSE,Synthetic routine activity
TXN-0000202,ACC-00060,2026-04-15T14:42:00,13430.80,VRD,DEBIT,CARD,PURCHASE,EXT-VERDANA,Fictional Counterparty,VD,,DEV-0049,FALSE,Synthetic routine activity
TXN-0000203,ACC-00085,2026-04-15T14:42:00,3368.53,VRD,DEBIT,CARD,PURCHASE,EXT-VERDANA,Fictional Counterparty,VD,,DEV-0024,FALSE,Synthetic routine activity
TXN-0000204,ACC-00110,2026-04-15T14:42:00,7537.49,VRD,CREDIT,CARD,PURCHASE,EXT-VERDANA,Fictional Counterparty,VD,,DEV-0059,FALSE,Synthetic routine activity
TXN-0000205,ACC-00017,2026-04-15T16:58:00,6811.73,VRD,DEBIT,TRANSFER,TRANSFER,EXT-VERDANA,Fictional Counterparty,VD,,DEV-0060,FALSE,Synthetic routine activity
TXN-0000206,ACC-00042,2026-04-15T16:58:00,6984.35,VRD,CREDIT,TRANSFER,TRANSFER,EXT-VERDANA,Fictional Counterparty,VD,,DEV-0035,FALSE,Synthetic routine activity
TXN-0000207,ACC-00071,2026-04-16T09:23:00,6501.46,VRD,CREDIT,MOBILE,TRANSFER,EXT-VERDANA,Fictional Counterparty,VD,,DEV-0001,FALSE,Synthetic routine activity
TXN-0000208,ACC-00096,2026-04-16T09:23:00,9545.41,VRD,DEBIT,MOBILE,TRANSFER,EXT-VERDANA,Fictional Counterparty,VD,,DEV-0036,FALSE,Synthetic routine activity
TXN-0000209,ACC-00121,2026-04-16T09:23:00,11061.10,VRD,DEBIT,MOBILE,TRANSFER,EXT-VERDANA,Fictional Counterparty,VD,,DEV-0011,FALSE,Synthetic routine activity
TXN-0000210,ACC-00003,2026-04-16T11:39:00,1250.84,VRD,CREDIT,CARD,PURCHASE,EXT-VERDANA,Fictional Counterparty,VD,,DEV-0037,FALSE,Synthetic routine activity
TXN-0000211,ACC-00028,2026-04-16T11:39:00,3479.62,VRD,DEBIT,CARD,PURCHASE,EXT-VERDANA,Fictional Counterparty,VD,,DEV-0012,FALSE,Synthetic routine activity
TXN-0000212,ACC-00053,2026-04-16T11:39:00,10873.03,VRD,DEBIT,CARD,PURCHASE,EXT-VERDANA,Fictional Counterparty,VD,,DEV-0047,FALSE,Synthetic routine activity
TXN-0000213,ACC-00078,2026-04-16T11:39:00,9843.71,VRD,DEBIT,CARD,PURCHASE,EXT-VERDANA,Fictional Counterparty,VD,,DEV-0022,FALSE,Synthetic routine activity
TXN-0000214,ACC-00105,2026-04-16T13:45:00,5021.53,VRD,CREDIT,CARD,PURCHASE,EXT-VERDANA,Fictional Counterparty,VD,,DEV-0013,FALSE,Synthetic routine activity
TXN-0000215,ACC-00130,2026-04-16T13:45:00,3046.13,VRD,DEBIT,CARD,PURCHASE,EXT-VERDANA,Fictional Counterparty,VD,,DEV-0048,FALSE,Synthetic routine activity
TXN-0000216,ACC-00010,2026-04-16T13:55:00,13346.58,VRD,DEBIT,TRANSFER,TRANSFER,EXT-VERDANA,Fictional Counterparty,VD,,DEV-0058,FALSE,Synthetic routine activity
TXN-0000217,ACC-00037,2026-04-16T15:01:00,5591.70,VRD,CREDIT,TRANSFER,TRANSFER,EXT-VERDANA,Fictional Counterparty,VD,,DEV-0049,FALSE,Synthetic routine activity
TXN-0000218,ACC-00062,2026-04-16T15:01:00,14978.67,VRD,DEBIT,TRANSFER,TRANSFER,EXT-VERDANA,Fictional Counterparty,VD,,DEV-0024,FALSE,Synthetic routine activity
TXN-0000219,ACC-00087,2026-04-16T15:01:00,12849.34,VRD,DEBIT,TRANSFER,TRANSFER,EXT-VERDANA,Fictional Counterparty,VD,,DEV-0059,FALSE,Synthetic routine activity
TXN-0000220,ACC-00112,2026-04-16T15:01:00,3338.71,VRD,DEBIT,TRANSFER,TRANSFER,EXT-VERDANA,Fictional Counterparty,VD,,DEV-0034,FALSE,Synthetic routine activity
TXN-0000221,ACC-00019,2026-04-16T17:17:00,3280.84,VRD,DEBIT,MOBILE,TRANSFER,EXT-VERDANA,Fictional Counterparty,VD,,DEV-0035,FALSE,Synthetic routine activity
TXN-0000222,ACC-00044,2026-04-16T17:17:00,4196.86,VRD,DEBIT,MOBILE,TRANSFER,EXT-VERDANA,Fictional Counterparty,VD,,DEV-0010,FALSE,Synthetic routine activity
TXN-0000223,ACC-00021,2026-04-17T08:36:00,8770.54,VRD,DEBIT,CARD,PURCHASE,EXT-VERDANA,Fictional Counterparty,VD,,DEV-0010,FALSE,Synthetic routine activity
TXN-0000224,ACC-00046,2026-04-17T08:36:00,14159.62,VRD,DEBIT,CARD,PURCHASE,EXT-VERDANA,Fictional Counterparty,VD,,DEV-0045,FALSE,Synthetic routine activity
TXN-0000225,ACC-00098,2026-04-17T10:42:00,9382.82,VRD,CREDIT,CARD,PURCHASE,EXT-VERDANA,Fictional Counterparty,VD,,DEV-0011,FALSE,Synthetic routine activity
TXN-0000226,ACC-00123,2026-04-17T10:42:00,11998.51,VRD,DEBIT,CARD,PURCHASE,EXT-VERDANA,Fictional Counterparty,VD,,DEV-0046,FALSE,Synthetic routine activity
TXN-0000227,ACC-00030,2026-04-17T12:58:00,8433.35,VRD,CREDIT,TRANSFER,TRANSFER,EXT-VERDANA,Fictional Counterparty,VD,,DEV-0047,FALSE,Synthetic routine activity
TXN-0000228,ACC-00055,2026-04-17T12:58:00,7555.22,VRD,DEBIT,TRANSFER,TRANSFER,EXT-VERDANA,Fictional Counterparty,VD,,DEV-0022,FALSE,Synthetic routine activity
TXN-0000229,ACC-00080,2026-04-17T12:58:00,5540.92,VRD,DEBIT,TRANSFER,TRANSFER,EXT-VERDANA,Fictional Counterparty,VD,,DEV-0057,FALSE,Synthetic routine activity
TXN-0000230,ACC-00012,2026-04-17T14:14:00,1688.01,VRD,DEBIT,MOBILE,TRANSFER,EXT-VERDANA,Fictional Counterparty,VD,,DEV-0033,FALSE,Synthetic routine activity
TXN-0000231,ACC-00064,2026-04-17T16:20:00,13002.20,VRD,CREDIT,MOBILE,TRANSFER,EXT-VERDANA,Fictional Counterparty,VD,,DEV-0059,FALSE,Synthetic routine activity
TXN-0000232,ACC-00089,2026-04-17T16:20:00,2955.21,VRD,DEBIT,MOBILE,TRANSFER,EXT-VERDANA,Fictional Counterparty,VD,,DEV-0034,FALSE,Synthetic routine activity
TXN-0000233,ACC-00114,2026-04-17T16:20:00,12558.83,VRD,DEBIT,MOBILE,TRANSFER,EXT-VERDANA,Fictional Counterparty,VD,,DEV-0009,FALSE,Synthetic routine activity
TXN-0000234,ACC-00023,2026-04-18T09:55:00,13605.77,VRD,CREDIT,TRANSFER,TRANSFER,EXT-VERDANA,Fictional Counterparty,VD,,DEV-0045,FALSE,Synthetic routine activity
TXN-0000235,ACC-00048,2026-04-18T09:55:00,10147.41,VRD,DEBIT,TRANSFER,TRANSFER,EXT-VERDANA,Fictional Counterparty,VD,,DEV-0020,FALSE,Synthetic routine activity
TXN-0000236,ACC-00100,2026-04-18T11:01:00,5414.87,VRD,DEBIT,TRANSFER,TRANSFER,EXT-VERDANA,Fictional Counterparty,VD,,DEV-0046,FALSE,Synthetic routine activity
TXN-0000237,ACC-00125,2026-04-18T11:01:00,13139.03,VRD,CREDIT,TRANSFER,TRANSFER,EXT-VERDANA,Fictional Counterparty,VD,,DEV-0021,FALSE,Synthetic routine activity
TXN-0000238,ACC-00032,2026-04-18T13:17:00,5371.75,VRD,DEBIT,MOBILE,TRANSFER,EXT-VERDANA,Fictional Counterparty,VD,,DEV-0022,FALSE,Synthetic routine activity
TXN-0000239,ACC-00057,2026-04-18T13:17:00,4371.13,VRD,CREDIT,MOBILE,TRANSFER,EXT-VERDANA,Fictional Counterparty,VD,,DEV-0057,FALSE,Synthetic routine activity
TXN-0000240,ACC-00082,2026-04-18T13:17:00,11653.82,VRD,DEBIT,MOBILE,TRANSFER,EXT-VERDANA,Fictional Counterparty,VD,,DEV-0032,FALSE,Synthetic routine activity
TXN-0000241,ACC-00014,2026-04-18T15:33:00,7507.71,VRD,DEBIT,CARD,PURCHASE,EXT-VERDANA,Fictional Counterparty,VD,,DEV-0008,FALSE,Synthetic routine activity
TXN-0000242,ACC-00066,2026-04-18T17:39:00,2316.63,VRD,DEBIT,CARD,PURCHASE,EXT-VERDANA,Fictional Counterparty,VD,,DEV-0034,FALSE,Synthetic routine activity
TXN-0000243,ACC-00091,2026-04-18T17:39:00,14594.44,VRD,CREDIT,CARD,PURCHASE,EXT-VERDANA,Fictional Counterparty,VD,,DEV-0009,FALSE,Synthetic routine activity
TXN-0000244,ACC-00116,2026-04-18T17:39:00,2829.73,VRD,DEBIT,CARD,PURCHASE,EXT-VERDANA,Fictional Counterparty,VD,,DEV-0044,FALSE,Synthetic routine activity
TXN-0000245,ACC-00068,2026-04-19T08:58:00,13795.17,VRD,DEBIT,TRANSFER,TRANSFER,EXT-VERDANA,Fictional Counterparty,VD,,DEV-0009,FALSE,Synthetic routine activity
TXN-0000246,ACC-00093,2026-04-19T08:58:00,9961.76,VRD,DEBIT,TRANSFER,TRANSFER,EXT-VERDANA,Fictional Counterparty,VD,,DEV-0044,FALSE,Synthetic routine activity
TXN-0000247,ACC-00118,2026-04-19T08:58:00,3814.88,VRD,CREDIT,TRANSFER,TRANSFER,EXT-VERDANA,Fictional Counterparty,VD,,DEV-0019,FALSE,Synthetic routine activity
TXN-0000248,ACC-00025,2026-04-19T10:14:00,4408.16,VRD,DEBIT,MOBILE,TRANSFER,EXT-VERDANA,Fictional Counterparty,VD,,DEV-0020,FALSE,Synthetic routine activity
TXN-0000249,ACC-00050,2026-04-19T10:14:00,9533.92,VRD,CREDIT,MOBILE,TRANSFER,EXT-VERDANA,Fictional Counterparty,VD,,DEV-0055,FALSE,Synthetic routine activity
TXN-0000250,ACC-00075,2026-04-19T10:14:00,8659.80,VRD,DEBIT,MOBILE,TRANSFER,EXT-VERDANA,Fictional Counterparty,VD,,DEV-0030,FALSE,Synthetic routine activity
TXN-0000251,ACC-00102,2026-04-19T12:20:00,12364.10,VRD,DEBIT,MOBILE,TRANSFER,EXT-VERDANA,Fictional Counterparty,VD,,DEV-0021,FALSE,Synthetic routine activity
TXN-0000252,ACC-00127,2026-04-19T12:20:00,1629.59,VRD,DEBIT,MOBILE,TRANSFER,EXT-VERDANA,Fictional Counterparty,VD,,DEV-0056,FALSE,Synthetic routine activity
TXN-0000253,ACC-00007,2026-04-19T12:30:00,3795.91,VRD,DEBIT,CARD,PURCHASE,EXT-VERDANA,Fictional Counterparty,VD,,DEV-0006,FALSE,Synthetic routine activity
TXN-0000254,ACC-00034,2026-04-19T14:36:00,11964.51,VRD,DEBIT,CARD,PURCHASE,EXT-VERDANA,Fictional Counterparty,VD,,DEV-0057,FALSE,Synthetic routine activity
TXN-0000255,ACC-00059,2026-04-19T14:36:00,5767.77,VRD,DEBIT,CARD,PURCHASE,EXT-VERDANA,Fictional Counterparty,VD,,DEV-0032,FALSE,Synthetic routine activity
TXN-0000256,ACC-00084,2026-04-19T14:36:00,2141.52,VRD,CREDIT,CARD,PURCHASE,EXT-VERDANA,Fictional Counterparty,VD,,DEV-0007,FALSE,Synthetic routine activity
TXN-0000257,ACC-00109,2026-04-19T14:36:00,2385.02,VRD,DEBIT,CARD,PURCHASE,EXT-VERDANA,Fictional Counterparty,VD,,DEV-0042,FALSE,Synthetic routine activity
TXN-0000258,ACC-00016,2026-04-19T16:52:00,4152.03,VRD,CREDIT,TRANSFER,TRANSFER,EXT-VERDANA,Fictional Counterparty,VD,,DEV-0043,FALSE,Synthetic routine activity
TXN-0000259,ACC-00041,2026-04-19T16:52:00,13683.59,VRD,DEBIT,TRANSFER,TRANSFER,EXT-VERDANA,Fictional Counterparty,VD,,DEV-0018,FALSE,Synthetic routine activity
TXN-0000260,ACC-00070,2026-04-20T09:17:00,6259.57,VRD,DEBIT,MOBILE,TRANSFER,EXT-VERDANA,Fictional Counterparty,VD,,DEV-0044,FALSE,Synthetic routine activity
TXN-0000261,ACC-00095,2026-04-20T09:17:00,1344.34,VRD,DEBIT,MOBILE,TRANSFER,EXT-VERDANA,Fictional Counterparty,VD,,DEV-0019,FALSE,Synthetic routine activity
TXN-0000262,ACC-00120,2026-04-20T09:17:00,2840.08,VRD,DEBIT,MOBILE,TRANSFER,EXT-VERDANA,Fictional Counterparty,VD,,DEV-0054,FALSE,Synthetic routine activity
TXN-0000263,ACC-00002,2026-04-20T11:33:00,11938.54,VRD,DEBIT,CARD,PURCHASE,EXT-VERDANA,Fictional Counterparty,VD,,DEV-0020,FALSE,Synthetic routine activity
TXN-0000264,ACC-00027,2026-04-20T11:33:00,7635.22,VRD,DEBIT,CARD,PURCHASE,EXT-VERDANA,Fictional Counterparty,VD,,DEV-0055,FALSE,Synthetic routine activity
TXN-0000265,ACC-00052,2026-04-20T11:33:00,9906.28,VRD,DEBIT,CARD,PURCHASE,EXT-VERDANA,Fictional Counterparty,VD,,DEV-0030,FALSE,Synthetic routine activity
TXN-0000266,ACC-00077,2026-04-20T11:33:00,8648.02,VRD,CREDIT,CARD,PURCHASE,EXT-VERDANA,Fictional Counterparty,VD,,DEV-0005,FALSE,Synthetic routine activity
TXN-0000267,ACC-00104,2026-04-20T13:39:00,930.11,VRD,DEBIT,CARD,PURCHASE,EXT-VERDANA,Fictional Counterparty,VD,,DEV-0056,FALSE,Synthetic routine activity
TXN-0000268,ACC-00129,2026-04-20T13:39:00,10015.12,VRD,DEBIT,CARD,PURCHASE,EXT-VERDANA,Fictional Counterparty,VD,,DEV-0031,FALSE,Synthetic routine activity
TXN-0000269,ACC-00009,2026-04-20T13:49:00,3616.68,VRD,CREDIT,TRANSFER,TRANSFER,EXT-VERDANA,Fictional Counterparty,VD,,DEV-0041,FALSE,Synthetic routine activity
TXN-0000270,ACC-00036,2026-04-20T15:55:00,14670.65,VRD,DEBIT,TRANSFER,TRANSFER,EXT-VERDANA,Fictional Counterparty,VD,,DEV-0032,FALSE,Synthetic routine activity
TXN-0000271,ACC-00061,2026-04-20T15:55:00,13823.16,VRD,DEBIT,TRANSFER,TRANSFER,EXT-VERDANA,Fictional Counterparty,VD,,DEV-0007,FALSE,Synthetic routine activity
TXN-0000272,ACC-00086,2026-04-20T15:55:00,11121.32,VRD,DEBIT,TRANSFER,TRANSFER,EXT-VERDANA,Fictional Counterparty,VD,,DEV-0042,FALSE,Synthetic routine activity
TXN-0000273,ACC-00111,2026-04-20T15:55:00,10614.22,VRD,CREDIT,TRANSFER,TRANSFER,EXT-VERDANA,Fictional Counterparty,VD,,DEV-0017,FALSE,Synthetic routine activity
TXN-0000274,ACC-00018,2026-04-20T17:11:00,9583.16,VRD,DEBIT,MOBILE,TRANSFER,EXT-VERDANA,Fictional Counterparty,VD,,DEV-0018,FALSE,Synthetic routine activity
TXN-0000275,ACC-00043,2026-04-20T17:11:00,13420.56,VRD,CREDIT,MOBILE,TRANSFER,EXT-VERDANA,Fictional Counterparty,VD,,DEV-0053,FALSE,Synthetic routine activity
TXN-0000276,ACC-00020,2026-04-21T08:30:00,7047.31,VRD,DEBIT,CARD,PURCHASE,EXT-VERDANA,Fictional Counterparty,VD,,DEV-0053,FALSE,Synthetic routine activity
TXN-0000277,ACC-00045,2026-04-21T08:30:00,1535.81,VRD,DEBIT,CARD,PURCHASE,EXT-VERDANA,Fictional Counterparty,VD,,DEV-0028,FALSE,Synthetic routine activity
TXN-0000278,ACC-00072,2026-04-21T10:36:00,7811.27,VRD,CREDIT,CARD,PURCHASE,EXT-VERDANA,Fictional Counterparty,VD,,DEV-0019,FALSE,Synthetic routine activity
TXN-0000279,ACC-00097,2026-04-21T10:36:00,9988.92,VRD,DEBIT,CARD,PURCHASE,EXT-VERDANA,Fictional Counterparty,VD,,DEV-0054,FALSE,Synthetic routine activity
TXN-0000280,ACC-00122,2026-04-21T10:36:00,9155.01,VRD,DEBIT,CARD,PURCHASE,EXT-VERDANA,Fictional Counterparty,VD,,DEV-0029,FALSE,Synthetic routine activity
TXN-0000281,ACC-00004,2026-04-21T12:52:00,10985.88,VRD,CREDIT,TRANSFER,TRANSFER,EXT-VERDANA,Fictional Counterparty,VD,,DEV-0055,FALSE,Synthetic routine activity
TXN-0000282,ACC-00029,2026-04-21T12:52:00,11834.31,VRD,DEBIT,TRANSFER,TRANSFER,EXT-VERDANA,Fictional Counterparty,VD,,DEV-0030,FALSE,Synthetic routine activity
TXN-0000283,ACC-00054,2026-04-21T12:52:00,4031.96,VRD,DEBIT,TRANSFER,TRANSFER,EXT-VERDANA,Fictional Counterparty,VD,,DEV-0005,FALSE,Synthetic routine activity
TXN-0000284,ACC-00079,2026-04-21T12:52:00,5956.60,VRD,DEBIT,TRANSFER,TRANSFER,EXT-VERDANA,Fictional Counterparty,VD,,DEV-0040,FALSE,Synthetic routine activity
TXN-0000285,ACC-00011,2026-04-21T14:08:00,1613.86,VRD,DEBIT,MOBILE,TRANSFER,EXT-VERDANA,Fictional Counterparty,VD,,DEV-0016,FALSE,Synthetic routine activity
TXN-0000286,ACC-00106,2026-04-21T14:58:00,3790.61,VRD,CREDIT,TRANSFER,TRANSFER,EXT-VERDANA,Fictional Counterparty,VD,,DEV-0031,FALSE,Synthetic routine activity
TXN-0000287,ACC-00038,2026-04-21T16:14:00,13443.53,VRD,CREDIT,MOBILE,TRANSFER,EXT-VERDANA,Fictional Counterparty,VD,,DEV-0007,FALSE,Synthetic routine activity
TXN-0000288,ACC-00063,2026-04-21T16:14:00,13748.60,VRD,DEBIT,MOBILE,TRANSFER,EXT-VERDANA,Fictional Counterparty,VD,,DEV-0042,FALSE,Synthetic routine activity
TXN-0000289,ACC-00088,2026-04-21T16:14:00,7954.95,VRD,DEBIT,MOBILE,TRANSFER,EXT-VERDANA,Fictional Counterparty,VD,,DEV-0017,FALSE,Synthetic routine activity
TXN-0000290,ACC-00113,2026-04-21T16:14:00,4113.37,VRD,DEBIT,MOBILE,TRANSFER,EXT-VERDANA,Fictional Counterparty,VD,,DEV-0052,FALSE,Synthetic routine activity
TXN-0000291,ACC-00022,2026-04-22T09:49:00,11869.19,VRD,DEBIT,TRANSFER,TRANSFER,EXT-VERDANA,Fictional Counterparty,VD,,DEV-0028,FALSE,Synthetic routine activity
TXN-0000292,ACC-00047,2026-04-22T09:49:00,4490.16,VRD,DEBIT,TRANSFER,TRANSFER,EXT-VERDANA,Fictional Counterparty,VD,,DEV-0003,FALSE,Synthetic routine activity
TXN-0000293,ACC-00099,2026-04-22T11:55:00,694.02,VRD,CREDIT,TRANSFER,TRANSFER,EXT-VERDANA,Fictional Counterparty,VD,,DEV-0029,FALSE,Synthetic routine activity
TXN-0000294,ACC-00124,2026-04-22T11:55:00,2400.58,VRD,DEBIT,TRANSFER,TRANSFER,EXT-VERDANA,Fictional Counterparty,VD,,DEV-0004,FALSE,Synthetic routine activity
TXN-0000295,ACC-00031,2026-04-22T13:11:00,7716.43,VRD,CREDIT,MOBILE,TRANSFER,EXT-VERDANA,Fictional Counterparty,VD,,DEV-0005,FALSE,Synthetic routine activity
TXN-0000296,ACC-00056,2026-04-22T13:11:00,8038.88,VRD,DEBIT,MOBILE,TRANSFER,EXT-VERDANA,Fictional Counterparty,VD,,DEV-0040,FALSE,Synthetic routine activity
TXN-0000297,ACC-00081,2026-04-22T13:11:00,5639.53,VRD,DEBIT,MOBILE,TRANSFER,EXT-VERDANA,Fictional Counterparty,VD,,DEV-0015,FALSE,Synthetic routine activity
TXN-0000298,ACC-00013,2026-04-22T15:27:00,2253.95,VRD,DEBIT,CARD,PURCHASE,EXT-VERDANA,Fictional Counterparty,VD,,DEV-0051,FALSE,Synthetic routine activity
TXN-0000299,ACC-00065,2026-04-22T17:33:00,5200.60,VRD,CREDIT,CARD,PURCHASE,EXT-VERDANA,Fictional Counterparty,VD,,DEV-0017,FALSE,Synthetic routine activity
TXN-0000300,ACC-00090,2026-04-22T17:33:00,9975.09,VRD,DEBIT,CARD,PURCHASE,EXT-VERDANA,Fictional Counterparty,VD,,DEV-0052,FALSE,Synthetic routine activity
TXN-0000301,ACC-00115,2026-04-22T17:33:00,10278.68,VRD,DEBIT,CARD,PURCHASE,EXT-VERDANA,Fictional Counterparty,VD,,DEV-0027,FALSE,Synthetic routine activity
TXN-0000302,ACC-00067,2026-04-23T08:52:00,6838.47,VRD,DEBIT,TRANSFER,TRANSFER,EXT-VERDANA,Fictional Counterparty,VD,,DEV-0052,FALSE,Synthetic routine activity
TXN-0000303,ACC-00092,2026-04-23T08:52:00,7368.78,VRD,CREDIT,TRANSFER,TRANSFER,EXT-VERDANA,Fictional Counterparty,VD,,DEV-0027,FALSE,Synthetic routine activity
TXN-0000304,ACC-00117,2026-04-23T08:52:00,13536.68,VRD,DEBIT,TRANSFER,TRANSFER,EXT-VERDANA,Fictional Counterparty,VD,,DEV-0002,FALSE,Synthetic routine activity
TXN-0000305,ACC-00024,2026-04-23T10:08:00,5863.27,VRD,CREDIT,MOBILE,TRANSFER,EXT-VERDANA,Fictional Counterparty,VD,,DEV-0003,FALSE,Synthetic routine activity
TXN-0000306,ACC-00049,2026-04-23T10:08:00,7484.87,VRD,DEBIT,MOBILE,TRANSFER,EXT-VERDANA,Fictional Counterparty,VD,,DEV-0038,FALSE,Synthetic routine activity
TXN-0000307,ACC-00101,2026-04-23T12:14:00,1718.87,VRD,DEBIT,MOBILE,TRANSFER,EXT-VERDANA,Fictional Counterparty,VD,,DEV-0004,FALSE,Synthetic routine activity
TXN-0000308,ACC-00126,2026-04-23T12:14:00,4506.05,VRD,CREDIT,MOBILE,TRANSFER,EXT-VERDANA,Fictional Counterparty,VD,,DEV-0039,FALSE,Synthetic routine activity
TXN-0000309,ACC-00033,2026-04-23T14:30:00,14583.58,VRD,DEBIT,CARD,PURCHASE,EXT-VERDANA,Fictional Counterparty,VD,,DEV-0040,FALSE,Synthetic routine activity
TXN-0000310,ACC-00058,2026-04-23T14:30:00,10844.38,VRD,CREDIT,CARD,PURCHASE,EXT-VERDANA,Fictional Counterparty,VD,,DEV-0015,FALSE,Synthetic routine activity
TXN-0000311,ACC-00083,2026-04-23T14:30:00,13165.18,VRD,DEBIT,CARD,PURCHASE,EXT-VERDANA,Fictional Counterparty,VD,,DEV-0050,FALSE,Synthetic routine activity
TXN-0000312,ACC-00015,2026-04-23T16:46:00,13605.22,VRD,DEBIT,TRANSFER,TRANSFER,EXT-VERDANA,Fictional Counterparty,VD,,DEV-0026,FALSE,Synthetic routine activity
TXN-0000313,ACC-00069,2026-04-24T09:11:00,12678.56,VRD,DEBIT,MOBILE,TRANSFER,EXT-VERDANA,Fictional Counterparty,VD,,DEV-0027,FALSE,Synthetic routine activity
TXN-0000314,ACC-00094,2026-04-24T09:11:00,2944.38,VRD,DEBIT,MOBILE,TRANSFER,EXT-VERDANA,Fictional Counterparty,VD,,DEV-0002,FALSE,Synthetic routine activity
TXN-0000315,ACC-00119,2026-04-24T09:11:00,4205.66,VRD,CREDIT,MOBILE,TRANSFER,EXT-VERDANA,Fictional Counterparty,VD,,DEV-0037,FALSE,Synthetic routine activity
TXN-0000316,ACC-00001,2026-04-24T11:27:00,5006.31,VRD,DEBIT,CARD,PURCHASE,EXT-VERDANA,Fictional Counterparty,VD,,DEV-0003,FALSE,Synthetic routine activity
TXN-0000317,ACC-00026,2026-04-24T11:27:00,4478.13,VRD,DEBIT,CARD,PURCHASE,EXT-VERDANA,Fictional Counterparty,VD,,DEV-0038,FALSE,Synthetic routine activity
TXN-0000318,ACC-00051,2026-04-24T11:27:00,10108.71,VRD,CREDIT,CARD,PURCHASE,EXT-VERDANA,Fictional Counterparty,VD,,DEV-0013,FALSE,Synthetic routine activity
TXN-0000319,ACC-00076,2026-04-24T11:27:00,8937.71,VRD,DEBIT,CARD,PURCHASE,EXT-VERDANA,Fictional Counterparty,VD,,DEV-0048,FALSE,Synthetic routine activity
TXN-0000320,ACC-00103,2026-04-24T13:33:00,5339.31,VRD,DEBIT,CARD,PURCHASE,EXT-VERDANA,Fictional Counterparty,VD,,DEV-0039,FALSE,Synthetic routine activity
TXN-0000321,ACC-00128,2026-04-24T13:33:00,6175.81,VRD,DEBIT,CARD,PURCHASE,EXT-VERDANA,Fictional Counterparty,VD,,DEV-0014,FALSE,Synthetic routine activity
TXN-0000322,ACC-00008,2026-04-24T13:43:00,4010.69,VRD,DEBIT,TRANSFER,TRANSFER,EXT-VERDANA,Fictional Counterparty,VD,,DEV-0024,FALSE,Synthetic routine activity
TXN-0000323,ACC-00035,2026-04-24T15:49:00,3473.74,VRD,DEBIT,TRANSFER,TRANSFER,EXT-VERDANA,Fictional Counterparty,VD,,DEV-0015,FALSE,Synthetic routine activity
TXN-0000324,ACC-00060,2026-04-24T15:49:00,11105.42,VRD,DEBIT,TRANSFER,TRANSFER,EXT-VERDANA,Fictional Counterparty,VD,,DEV-0050,FALSE,Synthetic routine activity
TXN-0000325,ACC-00085,2026-04-24T15:49:00,14954.22,VRD,CREDIT,TRANSFER,TRANSFER,EXT-VERDANA,Fictional Counterparty,VD,,DEV-0025,FALSE,Synthetic routine activity
TXN-0000326,ACC-00110,2026-04-24T15:49:00,572.90,VRD,DEBIT,TRANSFER,TRANSFER,EXT-VERDANA,Fictional Counterparty,VD,,DEV-0060,FALSE,Synthetic routine activity
TXN-0000327,ACC-00017,2026-04-24T17:05:00,3614.32,VRD,CREDIT,MOBILE,TRANSFER,EXT-VERDANA,Fictional Counterparty,VD,,DEV-0001,FALSE,Synthetic routine activity
TXN-0000328,ACC-00042,2026-04-24T17:05:00,632.72,VRD,DEBIT,MOBILE,TRANSFER,EXT-VERDANA,Fictional Counterparty,VD,,DEV-0036,FALSE,Synthetic routine activity
TXN-0000329,ACC-00019,2026-04-25T08:24:00,1889.36,VRD,DEBIT,CARD,PURCHASE,EXT-VERDANA,Fictional Counterparty,VD,,DEV-0036,FALSE,Synthetic routine activity
TXN-0000330,ACC-00044,2026-04-25T08:24:00,12365.86,VRD,CREDIT,CARD,PURCHASE,EXT-VERDANA,Fictional Counterparty,VD,,DEV-0011,FALSE,Synthetic routine activity
TXN-0000331,ACC-00071,2026-04-25T10:30:00,6772.72,VRD,DEBIT,CARD,PURCHASE,EXT-VERDANA,Fictional Counterparty,VD,,DEV-0002,FALSE,Synthetic routine activity
TXN-0000332,ACC-00096,2026-04-25T10:30:00,13206.36,VRD,DEBIT,CARD,PURCHASE,EXT-VERDANA,Fictional Counterparty,VD,,DEV-0037,FALSE,Synthetic routine activity
TXN-0000333,ACC-00121,2026-04-25T10:30:00,4565.70,VRD,DEBIT,CARD,PURCHASE,EXT-VERDANA,Fictional Counterparty,VD,,DEV-0012,FALSE,Synthetic routine activity
TXN-0000334,ACC-00003,2026-04-25T12:46:00,4233.98,VRD,DEBIT,TRANSFER,TRANSFER,EXT-VERDANA,Fictional Counterparty,VD,,DEV-0038,FALSE,Synthetic routine activity
TXN-0000335,ACC-00028,2026-04-25T12:46:00,3975.45,VRD,DEBIT,TRANSFER,TRANSFER,EXT-VERDANA,Fictional Counterparty,VD,,DEV-0013,FALSE,Synthetic routine activity
TXN-0000336,ACC-00053,2026-04-25T12:46:00,2003.95,VRD,DEBIT,TRANSFER,TRANSFER,EXT-VERDANA,Fictional Counterparty,VD,,DEV-0048,FALSE,Synthetic routine activity
TXN-0000337,ACC-00078,2026-04-25T12:46:00,3689.46,VRD,CREDIT,TRANSFER,TRANSFER,EXT-VERDANA,Fictional Counterparty,VD,,DEV-0023,FALSE,Synthetic routine activity
TXN-0000338,ACC-00010,2026-04-25T14:02:00,5173.54,VRD,CREDIT,MOBILE,TRANSFER,EXT-VERDANA,Fictional Counterparty,VD,,DEV-0059,FALSE,Synthetic routine activity
TXN-0000339,ACC-00105,2026-04-25T14:52:00,5411.61,VRD,DEBIT,TRANSFER,TRANSFER,EXT-VERDANA,Fictional Counterparty,VD,,DEV-0014,FALSE,Synthetic routine activity
TXN-0000340,ACC-00130,2026-04-25T14:52:00,3193.57,VRD,DEBIT,TRANSFER,TRANSFER,EXT-VERDANA,Fictional Counterparty,VD,,DEV-0049,FALSE,Synthetic routine activity
TXN-0000341,ACC-00037,2026-04-25T16:08:00,724.70,VRD,DEBIT,MOBILE,TRANSFER,EXT-VERDANA,Fictional Counterparty,VD,,DEV-0050,FALSE,Synthetic routine activity
TXN-0000342,ACC-00062,2026-04-25T16:08:00,1118.84,VRD,DEBIT,MOBILE,TRANSFER,EXT-VERDANA,Fictional Counterparty,VD,,DEV-0025,FALSE,Synthetic routine activity
TXN-0000343,ACC-00087,2026-04-25T16:08:00,5900.38,VRD,DEBIT,MOBILE,TRANSFER,EXT-VERDANA,Fictional Counterparty,VD,,DEV-0060,FALSE,Synthetic routine activity
TXN-0000344,ACC-00112,2026-04-25T16:08:00,3233.62,VRD,CREDIT,MOBILE,TRANSFER,EXT-VERDANA,Fictional Counterparty,VD,,DEV-0035,FALSE,Synthetic routine activity
TXN-0000345,ACC-00021,2026-04-26T09:43:00,14108.70,VRD,DEBIT,TRANSFER,TRANSFER,EXT-VERDANA,Fictional Counterparty,VD,,DEV-0011,FALSE,Synthetic routine activity
TXN-0000346,ACC-00046,2026-04-26T09:43:00,10586.52,VRD,DEBIT,TRANSFER,TRANSFER,EXT-VERDANA,Fictional Counterparty,VD,,DEV-0046,FALSE,Synthetic routine activity
TXN-0000347,ACC-00073,2026-04-26T11:49:00,2488.25,VRD,CREDIT,TRANSFER,TRANSFER,EXT-VERDANA,Fictional Counterparty,VD,,DEV-0037,FALSE,Synthetic routine activity
TXN-0000348,ACC-00098,2026-04-26T11:49:00,1462.67,VRD,DEBIT,TRANSFER,TRANSFER,EXT-VERDANA,Fictional Counterparty,VD,,DEV-0012,FALSE,Synthetic routine activity
TXN-0000349,ACC-00123,2026-04-26T11:49:00,1850.81,VRD,DEBIT,TRANSFER,TRANSFER,EXT-VERDANA,Fictional Counterparty,VD,,DEV-0047,FALSE,Synthetic routine activity
TXN-0000350,ACC-00005,2026-04-26T13:05:00,10077.54,VRD,CREDIT,MOBILE,TRANSFER,EXT-VERDANA,Fictional Counterparty,VD,,DEV-0013,FALSE,Synthetic routine activity
TXN-0000351,ACC-00030,2026-04-26T13:05:00,12371.75,VRD,DEBIT,MOBILE,TRANSFER,EXT-VERDANA,Fictional Counterparty,VD,,DEV-0048,FALSE,Synthetic routine activity
TXN-0000352,ACC-00055,2026-04-26T13:05:00,2616.48,VRD,DEBIT,MOBILE,TRANSFER,EXT-VERDANA,Fictional Counterparty,VD,,DEV-0023,FALSE,Synthetic routine activity
TXN-0000353,ACC-00080,2026-04-26T13:05:00,14788.88,VRD,DEBIT,MOBILE,TRANSFER,EXT-VERDANA,Fictional Counterparty,VD,,DEV-0058,FALSE,Synthetic routine activity
TXN-0000354,ACC-00107,2026-04-26T15:11:00,14119.88,VRD,CREDIT,MOBILE,TRANSFER,EXT-VERDANA,Fictional Counterparty,VD,,DEV-0049,FALSE,Synthetic routine activity
TXN-0000355,ACC-00012,2026-04-26T15:21:00,8008.79,VRD,DEBIT,CARD,PURCHASE,EXT-VERDANA,Fictional Counterparty,VD,,DEV-0034,FALSE,Synthetic routine activity
TXN-0000356,ACC-00039,2026-04-26T17:27:00,8249.90,VRD,CREDIT,CARD,PURCHASE,EXT-VERDANA,Fictional Counterparty,VD,,DEV-0025,FALSE,Synthetic routine activity
TXN-0000357,ACC-00064,2026-04-26T17:27:00,4969.57,VRD,DEBIT,CARD,PURCHASE,EXT-VERDANA,Fictional Counterparty,VD,,DEV-0060,FALSE,Synthetic routine activity
TXN-0000358,ACC-00089,2026-04-26T17:27:00,5875.66,VRD,DEBIT,CARD,PURCHASE,EXT-VERDANA,Fictional Counterparty,VD,,DEV-0035,FALSE,Synthetic routine activity
TXN-0000359,ACC-00114,2026-04-26T17:27:00,12810.31,VRD,DEBIT,CARD,PURCHASE,EXT-VERDANA,Fictional Counterparty,VD,,DEV-0010,FALSE,Synthetic routine activity
TXN-0000360,ACC-00066,2026-04-27T08:46:00,10276.68,VRD,CREDIT,TRANSFER,TRANSFER,EXT-VERDANA,Fictional Counterparty,VD,,DEV-0035,FALSE,Synthetic routine activity
TXN-0000361,ACC-00091,2026-04-27T08:46:00,2443.22,VRD,DEBIT,TRANSFER,TRANSFER,EXT-VERDANA,Fictional Counterparty,VD,,DEV-0010,FALSE,Synthetic routine activity
TXN-0000362,ACC-00116,2026-04-27T08:46:00,10861.34,VRD,DEBIT,TRANSFER,TRANSFER,EXT-VERDANA,Fictional Counterparty,VD,,DEV-0045,FALSE,Synthetic routine activity
TXN-0000363,ACC-00023,2026-04-27T10:02:00,4113.62,VRD,DEBIT,MOBILE,TRANSFER,EXT-VERDANA,Fictional Counterparty,VD,,DEV-0046,FALSE,Synthetic routine activity
TXN-0000364,ACC-00048,2026-04-27T10:02:00,758.22,VRD,DEBIT,MOBILE,TRANSFER,EXT-VERDANA,Fictional Counterparty,VD,,DEV-0021,FALSE,Synthetic routine activity
TXN-0000365,ACC-00100,2026-04-27T12:08:00,14066.10,VRD,CREDIT,MOBILE,TRANSFER,EXT-VERDANA,Fictional Counterparty,VD,,DEV-0047,FALSE,Synthetic routine activity
TXN-0000366,ACC-00125,2026-04-27T12:08:00,5988.54,VRD,DEBIT,MOBILE,TRANSFER,EXT-VERDANA,Fictional Counterparty,VD,,DEV-0022,FALSE,Synthetic routine activity
TXN-0000367,ACC-00032,2026-04-27T14:24:00,7525.39,VRD,CREDIT,CARD,PURCHASE,EXT-VERDANA,Fictional Counterparty,VD,,DEV-0023,FALSE,Synthetic routine activity
TXN-0000368,ACC-00057,2026-04-27T14:24:00,2899.32,VRD,DEBIT,CARD,PURCHASE,EXT-VERDANA,Fictional Counterparty,VD,,DEV-0058,FALSE,Synthetic routine activity
TXN-0000369,ACC-00082,2026-04-27T14:24:00,13667.88,VRD,DEBIT,CARD,PURCHASE,EXT-VERDANA,Fictional Counterparty,VD,,DEV-0033,FALSE,Synthetic routine activity
TXN-0000370,ACC-00014,2026-04-27T16:40:00,658.14,VRD,DEBIT,TRANSFER,TRANSFER,EXT-VERDANA,Fictional Counterparty,VD,,DEV-0009,FALSE,Synthetic routine activity
TXN-0000371,ACC-00068,2026-04-28T09:05:00,1533.91,VRD,DEBIT,MOBILE,TRANSFER,EXT-VERDANA,Fictional Counterparty,VD,,DEV-0010,FALSE,Synthetic routine activity
TXN-0000372,ACC-00093,2026-04-28T09:05:00,13157.86,VRD,CREDIT,MOBILE,TRANSFER,EXT-VERDANA,Fictional Counterparty,VD,,DEV-0045,FALSE,Synthetic routine activity
TXN-0000373,ACC-00118,2026-04-28T09:05:00,2661.83,VRD,DEBIT,MOBILE,TRANSFER,EXT-VERDANA,Fictional Counterparty,VD,,DEV-0020,FALSE,Synthetic routine activity
TXN-0000374,ACC-00025,2026-04-28T11:21:00,8258.85,VRD,CREDIT,CARD,PURCHASE,EXT-VERDANA,Fictional Counterparty,VD,,DEV-0021,FALSE,Synthetic routine activity
TXN-0000375,ACC-00050,2026-04-28T11:21:00,14680.27,VRD,DEBIT,CARD,PURCHASE,EXT-VERDANA,Fictional Counterparty,VD,,DEV-0056,FALSE,Synthetic routine activity
TXN-0000376,ACC-00102,2026-04-28T13:27:00,8704.95,VRD,DEBIT,CARD,PURCHASE,EXT-VERDANA,Fictional Counterparty,VD,,DEV-0022,FALSE,Synthetic routine activity
TXN-0000377,ACC-00127,2026-04-28T13:27:00,14689.36,VRD,CREDIT,CARD,PURCHASE,EXT-VERDANA,Fictional Counterparty,VD,,DEV-0057,FALSE,Synthetic routine activity
TXN-0000378,ACC-00034,2026-04-28T15:43:00,4960.64,VRD,DEBIT,TRANSFER,TRANSFER,EXT-VERDANA,Fictional Counterparty,VD,,DEV-0058,FALSE,Synthetic routine activity
TXN-0000379,ACC-00059,2026-04-28T15:43:00,8292.64,VRD,CREDIT,TRANSFER,TRANSFER,EXT-VERDANA,Fictional Counterparty,VD,,DEV-0033,FALSE,Synthetic routine activity
TXN-0000380,ACC-00084,2026-04-28T15:43:00,5911.91,VRD,DEBIT,TRANSFER,TRANSFER,EXT-VERDANA,Fictional Counterparty,VD,,DEV-0008,FALSE,Synthetic routine activity
TXN-0000381,ACC-00016,2026-04-28T17:59:00,11313.24,VRD,DEBIT,MOBILE,TRANSFER,EXT-VERDANA,Fictional Counterparty,VD,,DEV-0044,FALSE,Synthetic routine activity
TXN-0000382,ACC-00018,2026-04-29T08:18:00,3643.53,VRD,CREDIT,CARD,PURCHASE,EXT-VERDANA,Fictional Counterparty,VD,,DEV-0019,FALSE,Synthetic routine activity
TXN-0000383,ACC-00043,2026-04-29T08:18:00,1046.74,VRD,DEBIT,CARD,PURCHASE,EXT-VERDANA,Fictional Counterparty,VD,,DEV-0054,FALSE,Synthetic routine activity
TXN-0000384,ACC-00070,2026-04-29T10:24:00,1193.93,VRD,DEBIT,CARD,PURCHASE,EXT-VERDANA,Fictional Counterparty,VD,,DEV-0045,FALSE,Synthetic routine activity
TXN-0000385,ACC-00095,2026-04-29T10:24:00,6679.86,VRD,DEBIT,CARD,PURCHASE,EXT-VERDANA,Fictional Counterparty,VD,,DEV-0020,FALSE,Synthetic routine activity
TXN-0000386,ACC-00120,2026-04-29T10:24:00,9191.72,VRD,CREDIT,CARD,PURCHASE,EXT-VERDANA,Fictional Counterparty,VD,,DEV-0055,FALSE,Synthetic routine activity
TXN-0000387,ACC-00002,2026-04-29T12:40:00,6074.35,VRD,DEBIT,TRANSFER,TRANSFER,EXT-VERDANA,Fictional Counterparty,VD,,DEV-0021,FALSE,Synthetic routine activity
TXN-0000388,ACC-00027,2026-04-29T12:40:00,12522.66,VRD,DEBIT,TRANSFER,TRANSFER,EXT-VERDANA,Fictional Counterparty,VD,,DEV-0056,FALSE,Synthetic routine activity
TXN-0000389,ACC-00052,2026-04-29T12:40:00,13725.54,VRD,CREDIT,TRANSFER,TRANSFER,EXT-VERDANA,Fictional Counterparty,VD,,DEV-0031,FALSE,Synthetic routine activity
TXN-0000390,ACC-00077,2026-04-29T12:40:00,1975.50,VRD,DEBIT,TRANSFER,TRANSFER,EXT-VERDANA,Fictional Counterparty,VD,,DEV-0006,FALSE,Synthetic routine activity
TXN-0000391,ACC-00104,2026-04-29T14:46:00,6298.70,VRD,DEBIT,TRANSFER,TRANSFER,EXT-VERDANA,Fictional Counterparty,VD,,DEV-0057,FALSE,Synthetic routine activity
TXN-0000392,ACC-00129,2026-04-29T14:46:00,8780.17,VRD,DEBIT,TRANSFER,TRANSFER,EXT-VERDANA,Fictional Counterparty,VD,,DEV-0032,FALSE,Synthetic routine activity
TXN-0000393,ACC-00009,2026-04-29T14:56:00,7850.17,VRD,DEBIT,MOBILE,TRANSFER,EXT-VERDANA,Fictional Counterparty,VD,,DEV-0042,FALSE,Synthetic routine activity
TXN-0000394,ACC-00036,2026-04-29T16:02:00,14015.00,VRD,DEBIT,MOBILE,TRANSFER,EXT-VERDANA,Fictional Counterparty,VD,,DEV-0033,FALSE,Synthetic routine activity
TXN-0000395,ACC-00061,2026-04-29T16:02:00,11479.89,VRD,DEBIT,MOBILE,TRANSFER,EXT-VERDANA,Fictional Counterparty,VD,,DEV-0008,FALSE,Synthetic routine activity
TXN-0000396,ACC-00086,2026-04-29T16:02:00,12273.23,VRD,CREDIT,MOBILE,TRANSFER,EXT-VERDANA,Fictional Counterparty,VD,,DEV-0043,FALSE,Synthetic routine activity
TXN-0000397,ACC-00111,2026-04-29T16:02:00,13832.86,VRD,DEBIT,MOBILE,TRANSFER,EXT-VERDANA,Fictional Counterparty,VD,,DEV-0018,FALSE,Synthetic routine activity
TXN-0000398,ACC-00020,2026-04-30T09:37:00,2917.83,VRD,DEBIT,TRANSFER,TRANSFER,EXT-VERDANA,Fictional Counterparty,VD,,DEV-0054,FALSE,Synthetic routine activity
TXN-0000399,ACC-00045,2026-04-30T09:37:00,13998.59,VRD,CREDIT,TRANSFER,TRANSFER,EXT-VERDANA,Fictional Counterparty,VD,,DEV-0029,FALSE,Synthetic routine activity
TXN-0000400,ACC-00072,2026-04-30T11:43:00,10524.36,VRD,DEBIT,TRANSFER,TRANSFER,EXT-VERDANA,Fictional Counterparty,VD,,DEV-0020,FALSE,Synthetic routine activity
TXN-0000401,ACC-00097,2026-04-30T11:43:00,7341.37,VRD,DEBIT,TRANSFER,TRANSFER,EXT-VERDANA,Fictional Counterparty,VD,,DEV-0055,FALSE,Synthetic routine activity
TXN-0000402,ACC-00122,2026-04-30T11:43:00,6416.40,VRD,DEBIT,TRANSFER,TRANSFER,EXT-VERDANA,Fictional Counterparty,VD,,DEV-0030,FALSE,Synthetic routine activity
TXN-0000403,ACC-00004,2026-04-30T13:59:00,9625.28,VRD,DEBIT,MOBILE,TRANSFER,EXT-VERDANA,Fictional Counterparty,VD,,DEV-0056,FALSE,Synthetic routine activity
TXN-0000404,ACC-00029,2026-04-30T13:59:00,5516.84,VRD,DEBIT,MOBILE,TRANSFER,EXT-VERDANA,Fictional Counterparty,VD,,DEV-0031,FALSE,Synthetic routine activity
TXN-0000405,ACC-00054,2026-04-30T13:59:00,8894.14,VRD,DEBIT,MOBILE,TRANSFER,EXT-VERDANA,Fictional Counterparty,VD,,DEV-0006,FALSE,Synthetic routine activity
TXN-0000406,ACC-00079,2026-04-30T13:59:00,9008.58,VRD,CREDIT,MOBILE,TRANSFER,EXT-VERDANA,Fictional Counterparty,VD,,DEV-0041,FALSE,Synthetic routine activity
TXN-0000407,ACC-00106,2026-04-30T15:05:00,5647.22,VRD,DEBIT,MOBILE,TRANSFER,EXT-VERDANA,Fictional Counterparty,VD,,DEV-0032,FALSE,Synthetic routine activity
TXN-0000408,ACC-00011,2026-04-30T15:15:00,14620.30,VRD,CREDIT,CARD,PURCHASE,EXT-VERDANA,Fictional Counterparty,VD,,DEV-0017,FALSE,Synthetic routine activity
TXN-0000409,ACC-00038,2026-04-30T17:21:00,6068.64,VRD,DEBIT,CARD,PURCHASE,EXT-VERDANA,Fictional Counterparty,VD,,DEV-0008,FALSE,Synthetic routine activity
TXN-0000410,ACC-00063,2026-04-30T17:21:00,14182.24,VRD,DEBIT,CARD,PURCHASE,EXT-VERDANA,Fictional Counterparty,VD,,DEV-0043,FALSE,Synthetic routine activity
TXN-0000411,ACC-00088,2026-04-30T17:21:00,10424.47,VRD,DEBIT,CARD,PURCHASE,EXT-VERDANA,Fictional Counterparty,VD,,DEV-0018,FALSE,Synthetic routine activity
TXN-0000412,ACC-00113,2026-04-30T17:21:00,1035.35,VRD,CREDIT,CARD,PURCHASE,EXT-VERDANA,Fictional Counterparty,VD,,DEV-0053,FALSE,Synthetic routine activity
TXN-0000413,ACC-00040,2026-05-01T08:40:00,14455.42,VRD,CREDIT,TRANSFER,TRANSFER,EXT-VERDANA,Fictional Counterparty,VD,,DEV-0043,FALSE,Synthetic routine activity
TXN-0000414,ACC-00065,2026-05-01T08:40:00,11904.17,VRD,DEBIT,TRANSFER,TRANSFER,EXT-VERDANA,Fictional Counterparty,VD,,DEV-0018,FALSE,Synthetic routine activity
TXN-0000415,ACC-00090,2026-05-01T08:40:00,1242.54,VRD,DEBIT,TRANSFER,TRANSFER,EXT-VERDANA,Fictional Counterparty,VD,,DEV-0053,FALSE,Synthetic routine activity
TXN-0000416,ACC-00115,2026-05-01T08:40:00,3258.41,VRD,DEBIT,TRANSFER,TRANSFER,EXT-VERDANA,Fictional Counterparty,VD,,DEV-0028,FALSE,Synthetic routine activity
TXN-0000417,ACC-00022,2026-05-01T10:56:00,12073.27,VRD,DEBIT,MOBILE,TRANSFER,EXT-VERDANA,Fictional Counterparty,VD,,DEV-0029,FALSE,Synthetic routine activity
TXN-0000418,ACC-00047,2026-05-01T10:56:00,13393.72,VRD,DEBIT,MOBILE,TRANSFER,EXT-VERDANA,Fictional Counterparty,VD,,DEV-0004,FALSE,Synthetic routine activity
TXN-0000419,ACC-00074,2026-05-01T12:02:00,8132.87,VRD,CREDIT,MOBILE,TRANSFER,EXT-VERDANA,Fictional Counterparty,VD,,DEV-0055,FALSE,Synthetic routine activity
TXN-0000420,ACC-00099,2026-05-01T12:02:00,9173.92,VRD,DEBIT,MOBILE,TRANSFER,EXT-VERDANA,Fictional Counterparty,VD,,DEV-0030,FALSE,Synthetic routine activity
TXN-0000421,ACC-00124,2026-05-01T12:02:00,10531.77,VRD,DEBIT,MOBILE,TRANSFER,EXT-VERDANA,Fictional Counterparty,VD,,DEV-0005,FALSE,Synthetic routine activity
TXN-0000422,ACC-00006,2026-05-01T14:18:00,12802.34,VRD,CREDIT,CARD,PURCHASE,EXT-VERDANA,Fictional Counterparty,VD,,DEV-0031,FALSE,Synthetic routine activity
TXN-0000423,ACC-00031,2026-05-01T14:18:00,3520.06,VRD,DEBIT,CARD,PURCHASE,EXT-VERDANA,Fictional Counterparty,VD,,DEV-0006,FALSE,Synthetic routine activity
TXN-0000424,ACC-00056,2026-05-01T14:18:00,6428.11,VRD,DEBIT,CARD,PURCHASE,EXT-VERDANA,Fictional Counterparty,VD,,DEV-0041,FALSE,Synthetic routine activity
TXN-0000425,ACC-00081,2026-05-01T14:18:00,2981.52,VRD,DEBIT,CARD,PURCHASE,EXT-VERDANA,Fictional Counterparty,VD,,DEV-0016,FALSE,Synthetic routine activity
TXN-0000426,ACC-00108,2026-05-01T16:24:00,13098.31,VRD,CREDIT,CARD,PURCHASE,EXT-VERDANA,Fictional Counterparty,VD,,DEV-0007,FALSE,Synthetic routine activity
TXN-0000427,ACC-00013,2026-05-01T16:34:00,9564.19,VRD,DEBIT,TRANSFER,TRANSFER,EXT-VERDANA,Fictional Counterparty,VD,,DEV-0052,FALSE,Synthetic routine activity
TXN-0000428,ACC-00067,2026-05-02T09:59:00,4655.95,VRD,CREDIT,MOBILE,TRANSFER,EXT-VERDANA,Fictional Counterparty,VD,,DEV-0053,FALSE,Synthetic routine activity
TXN-0000429,ACC-00092,2026-05-02T09:59:00,13051.02,VRD,DEBIT,MOBILE,TRANSFER,EXT-VERDANA,Fictional Counterparty,VD,,DEV-0028,FALSE,Synthetic routine activity
TXN-0000430,ACC-00117,2026-05-02T09:59:00,7016.27,VRD,DEBIT,MOBILE,TRANSFER,EXT-VERDANA,Fictional Counterparty,VD,,DEV-0003,FALSE,Synthetic routine activity
TXN-0000431,ACC-00024,2026-05-02T11:15:00,7949.41,VRD,DEBIT,CARD,PURCHASE,EXT-VERDANA,Fictional Counterparty,VD,,DEV-0004,FALSE,Synthetic routine activity
TXN-0000432,ACC-00049,2026-05-02T11:15:00,2268.62,VRD,DEBIT,CARD,PURCHASE,EXT-VERDANA,Fictional Counterparty,VD,,DEV-0039,FALSE,Synthetic routine activity
TXN-0000433,ACC-00101,2026-05-02T13:21:00,5093.69,VRD,CREDIT,CARD,PURCHASE,EXT-VERDANA,Fictional Counterparty,VD,,DEV-0005,FALSE,Synthetic routine activity
TXN-0000434,ACC-00126,2026-05-02T13:21:00,8229.46,VRD,DEBIT,CARD,PURCHASE,EXT-VERDANA,Fictional Counterparty,VD,,DEV-0040,FALSE,Synthetic routine activity
TXN-0000435,ACC-00033,2026-05-02T15:37:00,1666.87,VRD,CREDIT,TRANSFER,TRANSFER,EXT-VERDANA,Fictional Counterparty,VD,,DEV-0041,FALSE,Synthetic routine activity
TXN-0000436,ACC-00058,2026-05-02T15:37:00,13547.35,VRD,DEBIT,TRANSFER,TRANSFER,EXT-VERDANA,Fictional Counterparty,VD,,DEV-0016,FALSE,Synthetic routine activity
TXN-0000437,ACC-00083,2026-05-02T15:37:00,5258.05,VRD,DEBIT,TRANSFER,TRANSFER,EXT-VERDANA,Fictional Counterparty,VD,,DEV-0051,FALSE,Synthetic routine activity
TXN-0000438,ACC-00015,2026-05-02T17:53:00,14941.52,VRD,DEBIT,MOBILE,TRANSFER,EXT-VERDANA,Fictional Counterparty,VD,,DEV-0027,FALSE,Synthetic routine activity
TXN-0000439,ACC-00017,2026-05-03T08:12:00,1227.90,VRD,DEBIT,CARD,PURCHASE,EXT-VERDANA,Fictional Counterparty,VD,,DEV-0002,FALSE,Synthetic routine activity
TXN-0000440,ACC-00069,2026-05-03T10:18:00,6834.43,VRD,DEBIT,CARD,PURCHASE,EXT-VERDANA,Fictional Counterparty,VD,,DEV-0028,FALSE,Synthetic routine activity
TXN-0000441,ACC-00094,2026-05-03T10:18:00,6667.23,VRD,CREDIT,CARD,PURCHASE,EXT-VERDANA,Fictional Counterparty,VD,,DEV-0003,FALSE,Synthetic routine activity
TXN-0000442,ACC-00119,2026-05-03T10:18:00,11640.56,VRD,DEBIT,CARD,PURCHASE,EXT-VERDANA,Fictional Counterparty,VD,,DEV-0038,FALSE,Synthetic routine activity
TXN-0000443,ACC-00001,2026-05-03T12:34:00,4157.17,VRD,DEBIT,TRANSFER,TRANSFER,EXT-VERDANA,Fictional Counterparty,VD,,DEV-0004,FALSE,Synthetic routine activity
TXN-0000444,ACC-00026,2026-05-03T12:34:00,11922.98,VRD,CREDIT,TRANSFER,TRANSFER,EXT-VERDANA,Fictional Counterparty,VD,,DEV-0039,FALSE,Synthetic routine activity
TXN-0000445,ACC-00051,2026-05-03T12:34:00,9702.42,VRD,DEBIT,TRANSFER,TRANSFER,EXT-VERDANA,Fictional Counterparty,VD,,DEV-0014,FALSE,Synthetic routine activity
TXN-0000446,ACC-00103,2026-05-03T14:40:00,12183.09,VRD,DEBIT,TRANSFER,TRANSFER,EXT-VERDANA,Fictional Counterparty,VD,,DEV-0040,FALSE,Synthetic routine activity
TXN-0000447,ACC-00128,2026-05-03T14:40:00,14255.88,VRD,CREDIT,TRANSFER,TRANSFER,EXT-VERDANA,Fictional Counterparty,VD,,DEV-0015,FALSE,Synthetic routine activity
TXN-0000448,ACC-00035,2026-05-03T16:56:00,7641.81,VRD,DEBIT,MOBILE,TRANSFER,EXT-VERDANA,Fictional Counterparty,VD,,DEV-0016,FALSE,Synthetic routine activity
TXN-0000449,ACC-00060,2026-05-03T16:56:00,1579.42,VRD,CREDIT,MOBILE,TRANSFER,EXT-VERDANA,Fictional Counterparty,VD,,DEV-0051,FALSE,Synthetic routine activity
TXN-0000450,ACC-00085,2026-05-03T16:56:00,1095.50,VRD,DEBIT,MOBILE,TRANSFER,EXT-VERDANA,Fictional Counterparty,VD,,DEV-0026,FALSE,Synthetic routine activity
TXN-0000451,ACC-00019,2026-05-04T09:31:00,8945.84,VRD,CREDIT,TRANSFER,TRANSFER,EXT-VERDANA,Fictional Counterparty,VD,,DEV-0037,FALSE,Synthetic routine activity
TXN-0000452,ACC-00044,2026-05-04T09:31:00,7011.71,VRD,DEBIT,TRANSFER,TRANSFER,EXT-VERDANA,Fictional Counterparty,VD,,DEV-0012,FALSE,Synthetic routine activity
TXN-0000453,ACC-00071,2026-05-04T11:37:00,1030.77,VRD,DEBIT,TRANSFER,TRANSFER,EXT-VERDANA,Fictional Counterparty,VD,,DEV-0003,FALSE,Synthetic routine activity
TXN-0000454,ACC-00096,2026-05-04T11:37:00,6736.59,VRD,DEBIT,TRANSFER,TRANSFER,EXT-VERDANA,Fictional Counterparty,VD,,DEV-0038,FALSE,Synthetic routine activity
TXN-0000455,ACC-00121,2026-05-04T11:37:00,10346.76,VRD,CREDIT,TRANSFER,TRANSFER,EXT-VERDANA,Fictional Counterparty,VD,,DEV-0013,FALSE,Synthetic routine activity
TXN-0000456,ACC-00003,2026-05-04T13:53:00,5241.10,VRD,DEBIT,MOBILE,TRANSFER,EXT-VERDANA,Fictional Counterparty,VD,,DEV-0039,FALSE,Synthetic routine activity
TXN-0000457,ACC-00028,2026-05-04T13:53:00,13571.33,VRD,DEBIT,MOBILE,TRANSFER,EXT-VERDANA,Fictional Counterparty,VD,,DEV-0014,FALSE,Synthetic routine activity
TXN-0000458,ACC-00053,2026-05-04T13:53:00,9191.27,VRD,CREDIT,MOBILE,TRANSFER,EXT-VERDANA,Fictional Counterparty,VD,,DEV-0049,FALSE,Synthetic routine activity
TXN-0000459,ACC-00078,2026-05-04T13:53:00,9564.36,VRD,DEBIT,MOBILE,TRANSFER,EXT-VERDANA,Fictional Counterparty,VD,,DEV-0024,FALSE,Synthetic routine activity
TXN-0000460,ACC-00010,2026-05-04T15:09:00,11912.93,VRD,DEBIT,CARD,PURCHASE,EXT-VERDANA,Fictional Counterparty,VD,,DEV-0060,FALSE,Synthetic routine activity
TXN-0000461,ACC-00105,2026-05-04T15:59:00,13323.09,VRD,DEBIT,MOBILE,TRANSFER,EXT-VERDANA,Fictional Counterparty,VD,,DEV-0015,FALSE,Synthetic routine activity
TXN-0000462,ACC-00130,2026-05-04T15:59:00,8135.40,VRD,DEBIT,MOBILE,TRANSFER,EXT-VERDANA,Fictional Counterparty,VD,,DEV-0050,FALSE,Synthetic routine activity
TXN-0000463,ACC-00037,2026-05-04T17:15:00,7184.11,VRD,DEBIT,CARD,PURCHASE,EXT-VERDANA,Fictional Counterparty,VD,,DEV-0051,FALSE,Synthetic routine activity
TXN-0000464,ACC-00062,2026-05-04T17:15:00,6017.98,VRD,DEBIT,CARD,PURCHASE,EXT-VERDANA,Fictional Counterparty,VD,,DEV-0026,FALSE,Synthetic routine activity
TXN-0000465,ACC-00087,2026-05-04T17:15:00,10043.92,VRD,CREDIT,CARD,PURCHASE,EXT-VERDANA,Fictional Counterparty,VD,,DEV-0001,FALSE,Synthetic routine activity
TXN-0000466,ACC-00112,2026-05-04T17:15:00,5232.17,VRD,DEBIT,CARD,PURCHASE,EXT-VERDANA,Fictional Counterparty,VD,,DEV-0036,FALSE,Synthetic routine activity
TXN-0000467,ACC-00039,2026-05-05T08:34:00,13794.48,VRD,DEBIT,TRANSFER,TRANSFER,EXT-VERDANA,Fictional Counterparty,VD,,DEV-0026,FALSE,Synthetic routine activity
TXN-0000468,ACC-00064,2026-05-05T08:34:00,8910.18,VRD,DEBIT,TRANSFER,TRANSFER,EXT-VERDANA,Fictional Counterparty,VD,,DEV-0001,FALSE,Synthetic routine activity
TXN-0000469,ACC-00089,2026-05-05T08:34:00,7739.14,VRD,DEBIT,TRANSFER,TRANSFER,EXT-VERDANA,Fictional Counterparty,VD,,DEV-0036,FALSE,Synthetic routine activity
TXN-0000470,ACC-00114,2026-05-05T08:34:00,5377.04,VRD,CREDIT,TRANSFER,TRANSFER,EXT-VERDANA,Fictional Counterparty,VD,,DEV-0011,FALSE,Synthetic routine activity
TXN-0000471,ACC-00021,2026-05-05T10:50:00,7805.20,VRD,DEBIT,MOBILE,TRANSFER,EXT-VERDANA,Fictional Counterparty,VD,,DEV-0012,FALSE,Synthetic routine activity
TXN-0000472,ACC-00046,2026-05-05T10:50:00,5083.04,VRD,CREDIT,MOBILE,TRANSFER,EXT-VERDANA,Fictional Counterparty,VD,,DEV-0047,FALSE,Synthetic routine activity
TXN-0000473,ACC-00073,2026-05-05T12:56:00,13477.17,VRD,DEBIT,MOBILE,TRANSFER,EXT-VERDANA,Fictional Counterparty,VD,,DEV-0038,FALSE,Synthetic routine activity
TXN-0000474,ACC-00098,2026-05-05T12:56:00,1054.09,VRD,DEBIT,MOBILE,TRANSFER,EXT-VERDANA,Fictional Counterparty,VD,,DEV-0013,FALSE,Synthetic routine activity
TXN-0000475,ACC-00123,2026-05-05T12:56:00,9291.68,VRD,DEBIT,MOBILE,TRANSFER,EXT-VERDANA,Fictional Counterparty,VD,,DEV-0048,FALSE,Synthetic routine activity
TXN-0000476,ACC-00005,2026-05-05T14:12:00,10060.51,VRD,DEBIT,CARD,PURCHASE,EXT-VERDANA,Fictional Counterparty,VD,,DEV-0014,FALSE,Synthetic routine activity
TXN-0000477,ACC-00030,2026-05-05T14:12:00,12955.67,VRD,DEBIT,CARD,PURCHASE,EXT-VERDANA,Fictional Counterparty,VD,,DEV-0049,FALSE,Synthetic routine activity
TXN-0000478,ACC-00055,2026-05-05T14:12:00,9225.90,VRD,DEBIT,CARD,PURCHASE,EXT-VERDANA,Fictional Counterparty,VD,,DEV-0024,FALSE,Synthetic routine activity
TXN-0000479,ACC-00080,2026-05-05T14:12:00,10809.03,VRD,CREDIT,CARD,PURCHASE,EXT-VERDANA,Fictional Counterparty,VD,,DEV-0059,FALSE,Synthetic routine activity
TXN-0000480,ACC-00107,2026-05-05T16:18:00,1633.52,VRD,DEBIT,CARD,PURCHASE,EXT-VERDANA,Fictional Counterparty,VD,,DEV-0050,FALSE,Synthetic routine activity
TXN-0000481,ACC-00012,2026-05-05T16:28:00,9724.12,VRD,CREDIT,TRANSFER,TRANSFER,EXT-VERDANA,Fictional Counterparty,VD,,DEV-0035,FALSE,Synthetic routine activity
TXN-0000482,ACC-00041,2026-05-06T09:53:00,5814.07,VRD,CREDIT,MOBILE,TRANSFER,EXT-VERDANA,Fictional Counterparty,VD,,DEV-0001,FALSE,Synthetic routine activity
TXN-0000483,ACC-00066,2026-05-06T09:53:00,769.80,VRD,DEBIT,MOBILE,TRANSFER,EXT-VERDANA,Fictional Counterparty,VD,,DEV-0036,FALSE,Synthetic routine activity
TXN-0000484,ACC-00091,2026-05-06T09:53:00,9302.50,VRD,DEBIT,MOBILE,TRANSFER,EXT-VERDANA,Fictional Counterparty,VD,,DEV-0011,FALSE,Synthetic routine activity
TXN-0000485,ACC-00116,2026-05-06T09:53:00,10786.53,VRD,DEBIT,MOBILE,TRANSFER,EXT-VERDANA,Fictional Counterparty,VD,,DEV-0046,FALSE,Synthetic routine activity
TXN-0000486,ACC-00023,2026-05-06T11:09:00,4095.34,VRD,DEBIT,CARD,PURCHASE,EXT-VERDANA,Fictional Counterparty,VD,,DEV-0047,FALSE,Synthetic routine activity
TXN-0000487,ACC-00048,2026-05-06T11:09:00,4847.06,VRD,DEBIT,CARD,PURCHASE,EXT-VERDANA,Fictional Counterparty,VD,,DEV-0022,FALSE,Synthetic routine activity
TXN-0000488,ACC-00075,2026-05-06T13:15:00,10740.38,VRD,CREDIT,CARD,PURCHASE,EXT-VERDANA,Fictional Counterparty,VD,,DEV-0013,FALSE,Synthetic routine activity
TXN-0000489,ACC-00100,2026-05-06T13:15:00,11210.83,VRD,DEBIT,CARD,PURCHASE,EXT-VERDANA,Fictional Counterparty,VD,,DEV-0048,FALSE,Synthetic routine activity
TXN-0000490,ACC-00125,2026-05-06T13:15:00,4956.67,VRD,DEBIT,CARD,PURCHASE,EXT-VERDANA,Fictional Counterparty,VD,,DEV-0023,FALSE,Synthetic routine activity
TXN-0000491,ACC-00007,2026-05-06T15:31:00,5810.62,VRD,CREDIT,TRANSFER,TRANSFER,EXT-VERDANA,Fictional Counterparty,VD,,DEV-0049,FALSE,Synthetic routine activity
TXN-0000492,ACC-00032,2026-05-06T15:31:00,9816.79,VRD,DEBIT,TRANSFER,TRANSFER,EXT-VERDANA,Fictional Counterparty,VD,,DEV-0024,FALSE,Synthetic routine activity
TXN-0000493,ACC-00057,2026-05-06T15:31:00,3732.22,VRD,DEBIT,TRANSFER,TRANSFER,EXT-VERDANA,Fictional Counterparty,VD,,DEV-0059,FALSE,Synthetic routine activity
TXN-0000494,ACC-00082,2026-05-06T15:31:00,4831.78,VRD,DEBIT,TRANSFER,TRANSFER,EXT-VERDANA,Fictional Counterparty,VD,,DEV-0034,FALSE,Synthetic routine activity
TXN-0000495,ACC-00109,2026-05-06T17:37:00,11633.75,VRD,CREDIT,TRANSFER,TRANSFER,EXT-VERDANA,Fictional Counterparty,VD,,DEV-0025,FALSE,Synthetic routine activity
TXN-0000496,ACC-00014,2026-05-06T17:47:00,1732.88,VRD,DEBIT,MOBILE,TRANSFER,EXT-VERDANA,Fictional Counterparty,VD,,DEV-0010,FALSE,Synthetic routine activity
TXN-0000497,ACC-00016,2026-05-07T08:06:00,7028.42,VRD,DEBIT,CARD,PURCHASE,EXT-VERDANA,Fictional Counterparty,VD,,DEV-0045,FALSE,Synthetic routine activity
TXN-0000498,ACC-00068,2026-05-07T10:12:00,13217.58,VRD,CREDIT,CARD,PURCHASE,EXT-VERDANA,Fictional Counterparty,VD,,DEV-0011,FALSE,Synthetic routine activity
TXN-0000499,ACC-00093,2026-05-07T10:12:00,13908.41,VRD,DEBIT,CARD,PURCHASE,EXT-VERDANA,Fictional Counterparty,VD,,DEV-0046,FALSE,Synthetic routine activity
TXN-0000500,ACC-00118,2026-05-07T10:12:00,5445.20,VRD,DEBIT,CARD,PURCHASE,EXT-VERDANA,Fictional Counterparty,VD,,DEV-0021,FALSE,Synthetic routine activity
TXN-0000501,ACC-00025,2026-05-07T12:28:00,2374.72,VRD,DEBIT,TRANSFER,TRANSFER,EXT-VERDANA,Fictional Counterparty,VD,,DEV-0022,FALSE,Synthetic routine activity
TXN-0000502,ACC-00050,2026-05-07T12:28:00,7546.57,VRD,DEBIT,TRANSFER,TRANSFER,EXT-VERDANA,Fictional Counterparty,VD,,DEV-0057,FALSE,Synthetic routine activity
TXN-0000503,ACC-00102,2026-05-07T14:34:00,6166.06,VRD,CREDIT,TRANSFER,TRANSFER,EXT-VERDANA,Fictional Counterparty,VD,,DEV-0023,FALSE,Synthetic routine activity
TXN-0000504,ACC-00127,2026-05-07T14:34:00,13173.39,VRD,DEBIT,TRANSFER,TRANSFER,EXT-VERDANA,Fictional Counterparty,VD,,DEV-0058,FALSE,Synthetic routine activity
TXN-0000505,ACC-00034,2026-05-07T16:50:00,9347.63,VRD,CREDIT,MOBILE,TRANSFER,EXT-VERDANA,Fictional Counterparty,VD,,DEV-0059,FALSE,Synthetic routine activity
TXN-0000506,ACC-00059,2026-05-07T16:50:00,2971.07,VRD,DEBIT,MOBILE,TRANSFER,EXT-VERDANA,Fictional Counterparty,VD,,DEV-0034,FALSE,Synthetic routine activity
TXN-0000507,ACC-00084,2026-05-07T16:50:00,8239.12,VRD,DEBIT,MOBILE,TRANSFER,EXT-VERDANA,Fictional Counterparty,VD,,DEV-0009,FALSE,Synthetic routine activity
TXN-0000508,ACC-00018,2026-05-08T09:25:00,11394.48,VRD,DEBIT,TRANSFER,TRANSFER,EXT-VERDANA,Fictional Counterparty,VD,,DEV-0020,FALSE,Synthetic routine activity
TXN-0000509,ACC-00070,2026-05-08T11:31:00,14754.45,VRD,DEBIT,TRANSFER,TRANSFER,EXT-VERDANA,Fictional Counterparty,VD,,DEV-0046,FALSE,Synthetic routine activity
TXN-0000510,ACC-00095,2026-05-08T11:31:00,10411.77,VRD,CREDIT,TRANSFER,TRANSFER,EXT-VERDANA,Fictional Counterparty,VD,,DEV-0021,FALSE,Synthetic routine activity
TXN-0000511,ACC-00120,2026-05-08T11:31:00,638.78,VRD,DEBIT,TRANSFER,TRANSFER,EXT-VERDANA,Fictional Counterparty,VD,,DEV-0056,FALSE,Synthetic routine activity
TXN-0000512,ACC-00002,2026-05-08T13:47:00,3047.27,VRD,DEBIT,MOBILE,TRANSFER,EXT-VERDANA,Fictional Counterparty,VD,,DEV-0022,FALSE,Synthetic routine activity
TXN-0000513,ACC-00027,2026-05-08T13:47:00,11157.34,VRD,CREDIT,MOBILE,TRANSFER,EXT-VERDANA,Fictional Counterparty,VD,,DEV-0057,FALSE,Synthetic routine activity
TXN-0000514,ACC-00052,2026-05-08T13:47:00,14347.71,VRD,DEBIT,MOBILE,TRANSFER,EXT-VERDANA,Fictional Counterparty,VD,,DEV-0032,FALSE,Synthetic routine activity
TXN-0000515,ACC-00104,2026-05-08T15:53:00,2024.76,VRD,DEBIT,MOBILE,TRANSFER,EXT-VERDANA,Fictional Counterparty,VD,,DEV-0058,FALSE,Synthetic routine activity
TXN-0000516,ACC-00129,2026-05-08T15:53:00,10940.50,VRD,CREDIT,MOBILE,TRANSFER,EXT-VERDANA,Fictional Counterparty,VD,,DEV-0033,FALSE,Synthetic routine activity
TXN-0000517,ACC-00036,2026-05-08T17:09:00,11275.69,VRD,DEBIT,CARD,PURCHASE,EXT-VERDANA,Fictional Counterparty,VD,,DEV-0034,FALSE,Synthetic routine activity
TXN-0000518,ACC-00061,2026-05-08T17:09:00,14081.94,VRD,CREDIT,CARD,PURCHASE,EXT-VERDANA,Fictional Counterparty,VD,,DEV-0009,FALSE,Synthetic routine activity
TXN-0000519,ACC-00086,2026-05-08T17:09:00,730.94,VRD,DEBIT,CARD,PURCHASE,EXT-VERDANA,Fictional Counterparty,VD,,DEV-0044,FALSE,Synthetic routine activity
TXN-0000520,ACC-00038,2026-05-09T08:28:00,4877.00,VRD,DEBIT,TRANSFER,TRANSFER,EXT-VERDANA,Fictional Counterparty,VD,,DEV-0009,FALSE,Synthetic routine activity
TXN-0000521,ACC-00063,2026-05-09T08:28:00,6526.86,VRD,DEBIT,TRANSFER,TRANSFER,EXT-VERDANA,Fictional Counterparty,VD,,DEV-0044,FALSE,Synthetic routine activity
TXN-0000522,ACC-00088,2026-05-09T08:28:00,7313.89,VRD,CREDIT,TRANSFER,TRANSFER,EXT-VERDANA,Fictional Counterparty,VD,,DEV-0019,FALSE,Synthetic routine activity
TXN-0000523,ACC-00113,2026-05-09T08:28:00,4183.68,VRD,DEBIT,TRANSFER,TRANSFER,EXT-VERDANA,Fictional Counterparty,VD,,DEV-0054,FALSE,Synthetic routine activity
TXN-0000524,ACC-00020,2026-05-09T10:44:00,11766.00,VRD,CREDIT,MOBILE,TRANSFER,EXT-VERDANA,Fictional Counterparty,VD,,DEV-0055,FALSE,Synthetic routine activity
TXN-0000525,ACC-00045,2026-05-09T10:44:00,11986.38,VRD,DEBIT,MOBILE,TRANSFER,EXT-VERDANA,Fictional Counterparty,VD,,DEV-0030,FALSE,Synthetic routine activity
TXN-0000526,ACC-00072,2026-05-09T12:50:00,11870.62,VRD,DEBIT,MOBILE,TRANSFER,EXT-VERDANA,Fictional Counterparty,VD,,DEV-0021,FALSE,Synthetic routine activity
TXN-0000527,ACC-00097,2026-05-09T12:50:00,2997.25,VRD,DEBIT,MOBILE,TRANSFER,EXT-VERDANA,Fictional Counterparty,VD,,DEV-0056,FALSE,Synthetic routine activity
TXN-0000528,ACC-00122,2026-05-09T12:50:00,2662.49,VRD,CREDIT,MOBILE,TRANSFER,EXT-VERDANA,Fictional Counterparty,VD,,DEV-0031,FALSE,Synthetic routine activity
TXN-0000529,ACC-00004,2026-05-09T14:06:00,11716.41,VRD,DEBIT,CARD,PURCHASE,EXT-VERDANA,Fictional Counterparty,VD,,DEV-0057,FALSE,Synthetic routine activity
TXN-0000530,ACC-00029,2026-05-09T14:06:00,10028.47,VRD,DEBIT,CARD,PURCHASE,EXT-VERDANA,Fictional Counterparty,VD,,DEV-0032,FALSE,Synthetic routine activity
TXN-0000531,ACC-00054,2026-05-09T14:06:00,6155.55,VRD,CREDIT,CARD,PURCHASE,EXT-VERDANA,Fictional Counterparty,VD,,DEV-0007,FALSE,Synthetic routine activity
TXN-0000532,ACC-00079,2026-05-09T14:06:00,2940.77,VRD,DEBIT,CARD,PURCHASE,EXT-VERDANA,Fictional Counterparty,VD,,DEV-0042,FALSE,Synthetic routine activity
TXN-0000533,ACC-00106,2026-05-09T16:12:00,7024.40,VRD,DEBIT,CARD,PURCHASE,EXT-VERDANA,Fictional Counterparty,VD,,DEV-0033,FALSE,Synthetic routine activity
TXN-0000534,ACC-00011,2026-05-09T16:22:00,7115.15,VRD,DEBIT,TRANSFER,TRANSFER,EXT-VERDANA,Fictional Counterparty,VD,,DEV-0018,FALSE,Synthetic routine activity
TXN-0000535,ACC-00040,2026-05-10T09:47:00,14464.86,VRD,DEBIT,MOBILE,TRANSFER,EXT-VERDANA,Fictional Counterparty,VD,,DEV-0044,FALSE,Synthetic routine activity
TXN-0000536,ACC-00065,2026-05-10T09:47:00,12932.90,VRD,DEBIT,MOBILE,TRANSFER,EXT-VERDANA,Fictional Counterparty,VD,,DEV-0019,FALSE,Synthetic routine activity
TXN-0000537,ACC-00090,2026-05-10T09:47:00,6144.89,VRD,DEBIT,MOBILE,TRANSFER,EXT-VERDANA,Fictional Counterparty,VD,,DEV-0054,FALSE,Synthetic routine activity
TXN-0000538,ACC-00115,2026-05-10T09:47:00,12035.37,VRD,CREDIT,MOBILE,TRANSFER,EXT-VERDANA,Fictional Counterparty,VD,,DEV-0029,FALSE,Synthetic routine activity
TXN-0000539,ACC-00022,2026-05-10T11:03:00,1552.53,VRD,DEBIT,CARD,PURCHASE,EXT-VERDANA,Fictional Counterparty,VD,,DEV-0030,FALSE,Synthetic routine activity
TXN-0000540,ACC-00047,2026-05-10T11:03:00,3862.08,VRD,CREDIT,CARD,PURCHASE,EXT-VERDANA,Fictional Counterparty,VD,,DEV-0005,FALSE,Synthetic routine activity
TXN-0000541,ACC-00074,2026-05-10T13:09:00,8976.44,VRD,DEBIT,CARD,PURCHASE,EXT-VERDANA,Fictional Counterparty,VD,,DEV-0056,FALSE,Synthetic routine activity
TXN-0000542,ACC-00099,2026-05-10T13:09:00,5001.68,VRD,DEBIT,CARD,PURCHASE,EXT-VERDANA,Fictional Counterparty,VD,,DEV-0031,FALSE,Synthetic routine activity
TXN-0000543,ACC-00124,2026-05-10T13:09:00,1401.39,VRD,DEBIT,CARD,PURCHASE,EXT-VERDANA,Fictional Counterparty,VD,,DEV-0006,FALSE,Synthetic routine activity
TXN-0000544,ACC-00006,2026-05-10T15:25:00,13092.82,VRD,DEBIT,TRANSFER,TRANSFER,EXT-VERDANA,Fictional Counterparty,VD,,DEV-0032,FALSE,Synthetic routine activity
TXN-0000545,ACC-00031,2026-05-10T15:25:00,4636.61,VRD,DEBIT,TRANSFER,TRANSFER,EXT-VERDANA,Fictional Counterparty,VD,,DEV-0007,FALSE,Synthetic routine activity
TXN-0000546,ACC-00056,2026-05-10T15:25:00,7655.13,VRD,DEBIT,TRANSFER,TRANSFER,EXT-VERDANA,Fictional Counterparty,VD,,DEV-0042,FALSE,Synthetic routine activity
TXN-0000547,ACC-00081,2026-05-10T15:25:00,11813.26,VRD,CREDIT,TRANSFER,TRANSFER,EXT-VERDANA,Fictional Counterparty,VD,,DEV-0017,FALSE,Synthetic routine activity
TXN-0000548,ACC-00108,2026-05-10T17:31:00,11274.85,VRD,DEBIT,TRANSFER,TRANSFER,EXT-VERDANA,Fictional Counterparty,VD,,DEV-0008,FALSE,Synthetic routine activity
TXN-0000549,ACC-00013,2026-05-10T17:41:00,4962.36,VRD,CREDIT,MOBILE,TRANSFER,EXT-VERDANA,Fictional Counterparty,VD,,DEV-0053,FALSE,Synthetic routine activity
TXN-0000550,ACC-00015,2026-05-11T08:00:00,906.22,VRD,DEBIT,CARD,PURCHASE,EXT-VERDANA,Fictional Counterparty,VD,,DEV-0028,FALSE,Synthetic routine activity
TXN-0000551,ACC-00110,2026-05-11T08:50:00,14412.43,VRD,CREDIT,MOBILE,TRANSFER,EXT-VERDANA,Fictional Counterparty,VD,,DEV-0043,FALSE,Synthetic routine activity
TXN-0000552,ACC-00042,2026-05-11T10:06:00,5212.86,VRD,CREDIT,CARD,PURCHASE,EXT-VERDANA,Fictional Counterparty,VD,,DEV-0019,FALSE,Synthetic routine activity
TXN-0000553,ACC-00067,2026-05-11T10:06:00,766.45,VRD,DEBIT,CARD,PURCHASE,EXT-VERDANA,Fictional Counterparty,VD,,DEV-0054,FALSE,Synthetic routine activity
TXN-0000554,ACC-00092,2026-05-11T10:06:00,4443.26,VRD,DEBIT,CARD,PURCHASE,EXT-VERDANA,Fictional Counterparty,VD,,DEV-0029,FALSE,Synthetic routine activity
TXN-0000555,ACC-00117,2026-05-11T10:06:00,7539.27,VRD,DEBIT,CARD,PURCHASE,EXT-VERDANA,Fictional Counterparty,VD,,DEV-0004,FALSE,Synthetic routine activity
TXN-0000556,ACC-00024,2026-05-11T12:22:00,6029.97,VRD,DEBIT,TRANSFER,TRANSFER,EXT-VERDANA,Fictional Counterparty,VD,,DEV-0005,FALSE,Synthetic routine activity
TXN-0000557,ACC-00049,2026-05-11T12:22:00,12171.56,VRD,DEBIT,TRANSFER,TRANSFER,EXT-VERDANA,Fictional Counterparty,VD,,DEV-0040,FALSE,Synthetic routine activity
TXN-0000558,ACC-00076,2026-05-11T14:28:00,9438.37,VRD,CREDIT,TRANSFER,TRANSFER,EXT-VERDANA,Fictional Counterparty,VD,,DEV-0031,FALSE,Synthetic routine activity
TXN-0000559,ACC-00101,2026-05-11T14:28:00,9732.84,VRD,DEBIT,TRANSFER,TRANSFER,EXT-VERDANA,Fictional Counterparty,VD,,DEV-0006,FALSE,Synthetic routine activity
TXN-0000560,ACC-00126,2026-05-11T14:28:00,6774.19,VRD,DEBIT,TRANSFER,TRANSFER,EXT-VERDANA,Fictional Counterparty,VD,,DEV-0041,FALSE,Synthetic routine activity
TXN-0000561,ACC-00008,2026-05-11T16:44:00,5607.51,VRD,CREDIT,MOBILE,TRANSFER,EXT-VERDANA,Fictional Counterparty,VD,,DEV-0007,FALSE,Synthetic routine activity
TXN-0000562,ACC-00033,2026-05-11T16:44:00,4324.33,VRD,DEBIT,MOBILE,TRANSFER,EXT-VERDANA,Fictional Counterparty,VD,,DEV-0042,FALSE,Synthetic routine activity
TXN-0000563,ACC-00058,2026-05-11T16:44:00,10189.07,VRD,DEBIT,MOBILE,TRANSFER,EXT-VERDANA,Fictional Counterparty,VD,,DEV-0017,FALSE,Synthetic routine activity
TXN-0000564,ACC-00083,2026-05-11T16:44:00,5212.91,VRD,DEBIT,MOBILE,TRANSFER,EXT-VERDANA,Fictional Counterparty,VD,,DEV-0052,FALSE,Synthetic routine activity
TXN-0000565,ACC-00017,2026-05-12T09:19:00,7644.00,VRD,DEBIT,TRANSFER,TRANSFER,EXT-VERDANA,Fictional Counterparty,VD,,DEV-0003,FALSE,Synthetic routine activity
TXN-0000566,ACC-00069,2026-05-12T11:25:00,3560.63,VRD,CREDIT,TRANSFER,TRANSFER,EXT-VERDANA,Fictional Counterparty,VD,,DEV-0029,FALSE,Synthetic routine activity
TXN-0000567,ACC-00094,2026-05-12T11:25:00,12860.68,VRD,DEBIT,TRANSFER,TRANSFER,EXT-VERDANA,Fictional Counterparty,VD,,DEV-0004,FALSE,Synthetic routine activity
TXN-0000568,ACC-00119,2026-05-12T11:25:00,652.01,VRD,DEBIT,TRANSFER,TRANSFER,EXT-VERDANA,Fictional Counterparty,VD,,DEV-0039,FALSE,Synthetic routine activity
TXN-0000569,ACC-00001,2026-05-12T13:41:00,12566.13,VRD,CREDIT,MOBILE,TRANSFER,EXT-VERDANA,Fictional Counterparty,VD,,DEV-0005,FALSE,Synthetic routine activity
TXN-0000570,ACC-00026,2026-05-12T13:41:00,5441.87,VRD,DEBIT,MOBILE,TRANSFER,EXT-VERDANA,Fictional Counterparty,VD,,DEV-0040,FALSE,Synthetic routine activity
TXN-0000571,ACC-00051,2026-05-12T13:41:00,11477.15,VRD,DEBIT,MOBILE,TRANSFER,EXT-VERDANA,Fictional Counterparty,VD,,DEV-0015,FALSE,Synthetic routine activity
TXN-0000572,ACC-00103,2026-05-12T15:47:00,1844.34,VRD,CREDIT,MOBILE,TRANSFER,EXT-VERDANA,Fictional Counterparty,VD,,DEV-0041,FALSE,Synthetic routine activity
TXN-0000573,ACC-00128,2026-05-12T15:47:00,14872.01,VRD,DEBIT,MOBILE,TRANSFER,EXT-VERDANA,Fictional Counterparty,VD,,DEV-0016,FALSE,Synthetic routine activity
TXN-0000574,ACC-00035,2026-05-12T17:03:00,13840.62,VRD,CREDIT,CARD,PURCHASE,EXT-VERDANA,Fictional Counterparty,VD,,DEV-0017,FALSE,Synthetic routine activity
TXN-0000575,ACC-00060,2026-05-12T17:03:00,2048.71,VRD,DEBIT,CARD,PURCHASE,EXT-VERDANA,Fictional Counterparty,VD,,DEV-0052,FALSE,Synthetic routine activity
TXN-0000576,ACC-00085,2026-05-12T17:03:00,13409.63,VRD,DEBIT,CARD,PURCHASE,EXT-VERDANA,Fictional Counterparty,VD,,DEV-0027,FALSE,Synthetic routine activity
TXN-0000577,ACC-00037,2026-05-13T08:22:00,4181.14,VRD,DEBIT,TRANSFER,TRANSFER,EXT-VERDANA,Fictional Counterparty,VD,,DEV-0052,FALSE,Synthetic routine activity
TXN-0000578,ACC-00062,2026-05-13T08:22:00,10625.16,VRD,CREDIT,TRANSFER,TRANSFER,EXT-VERDANA,Fictional Counterparty,VD,,DEV-0027,FALSE,Synthetic routine activity
TXN-0000579,ACC-00087,2026-05-13T08:22:00,9886.01,VRD,DEBIT,TRANSFER,TRANSFER,EXT-VERDANA,Fictional Counterparty,VD,,DEV-0002,FALSE,Synthetic routine activity
TXN-0000580,ACC-00019,2026-05-13T10:38:00,10870.79,VRD,DEBIT,MOBILE,TRANSFER,EXT-VERDANA,Fictional Counterparty,VD,,DEV-0038,FALSE,Synthetic routine activity
TXN-0000581,ACC-00071,2026-05-13T12:44:00,3013.86,VRD,DEBIT,MOBILE,TRANSFER,EXT-VERDANA,Fictional Counterparty,VD,,DEV-0004,FALSE,Synthetic routine activity
TXN-0000582,ACC-00096,2026-05-13T12:44:00,9243.83,VRD,CREDIT,MOBILE,TRANSFER,EXT-VERDANA,Fictional Counterparty,VD,,DEV-0039,FALSE,Synthetic routine activity
TXN-0000583,ACC-00121,2026-05-13T12:44:00,12315.77,VRD,DEBIT,MOBILE,TRANSFER,EXT-VERDANA,Fictional Counterparty,VD,,DEV-0014,FALSE,Synthetic routine activity
TXN-0000584,ACC-00003,2026-05-13T14:00:00,14513.29,VRD,DEBIT,CARD,PURCHASE,EXT-VERDANA,Fictional Counterparty,VD,,DEV-0040,FALSE,Synthetic routine activity
TXN-0000585,ACC-00028,2026-05-13T14:00:00,6076.35,VRD,CREDIT,CARD,PURCHASE,EXT-VERDANA,Fictional Counterparty,VD,,DEV-0015,FALSE,Synthetic routine activity
TXN-0000586,ACC-00053,2026-05-13T14:00:00,6663.53,VRD,DEBIT,CARD,PURCHASE,EXT-VERDANA,Fictional Counterparty,VD,,DEV-0050,FALSE,Synthetic routine activity
TXN-0000587,ACC-00105,2026-05-13T16:06:00,6416.32,VRD,DEBIT,CARD,PURCHASE,EXT-VERDANA,Fictional Counterparty,VD,,DEV-0016,FALSE,Synthetic routine activity
TXN-0000588,ACC-00130,2026-05-13T16:06:00,7160.15,VRD,CREDIT,CARD,PURCHASE,EXT-VERDANA,Fictional Counterparty,VD,,DEV-0051,FALSE,Synthetic routine activity
TXN-0000589,ACC-00039,2026-05-14T09:41:00,6825.84,VRD,DEBIT,MOBILE,TRANSFER,EXT-VERDANA,Fictional Counterparty,VD,,DEV-0027,FALSE,Synthetic routine activity
TXN-0000590,ACC-00064,2026-05-14T09:41:00,14115.55,VRD,DEBIT,MOBILE,TRANSFER,EXT-VERDANA,Fictional Counterparty,VD,,DEV-0002,FALSE,Synthetic routine activity
TXN-0000591,ACC-00089,2026-05-14T09:41:00,11645.26,VRD,CREDIT,MOBILE,TRANSFER,EXT-VERDANA,Fictional Counterparty,VD,,DEV-0037,FALSE,Synthetic routine activity
TXN-0000592,ACC-00114,2026-05-14T09:41:00,7868.33,VRD,DEBIT,MOBILE,TRANSFER,EXT-VERDANA,Fictional Counterparty,VD,,DEV-0012,FALSE,Synthetic routine activity
TXN-0000593,ACC-00021,2026-05-14T11:57:00,12684.60,VRD,CREDIT,CARD,PURCHASE,EXT-VERDANA,Fictional Counterparty,VD,,DEV-0013,FALSE,Synthetic routine activity
TXN-0000594,ACC-00046,2026-05-14T11:57:00,11809.47,VRD,DEBIT,CARD,PURCHASE,EXT-VERDANA,Fictional Counterparty,VD,,DEV-0048,FALSE,Synthetic routine activity
TXN-0000595,ACC-00073,2026-05-14T13:03:00,4378.63,VRD,DEBIT,CARD,PURCHASE,EXT-VERDANA,Fictional Counterparty,VD,,DEV-0039,FALSE,Synthetic routine activity
TXN-0000596,ACC-00098,2026-05-14T13:03:00,13902.85,VRD,DEBIT,CARD,PURCHASE,EXT-VERDANA,Fictional Counterparty,VD,,DEV-0014,FALSE,Synthetic routine activity
TXN-0000597,ACC-00123,2026-05-14T13:03:00,10593.19,VRD,CREDIT,CARD,PURCHASE,EXT-VERDANA,Fictional Counterparty,VD,,DEV-0049,FALSE,Synthetic routine activity
TXN-0000598,ACC-00005,2026-05-14T15:19:00,6430.28,VRD,DEBIT,TRANSFER,TRANSFER,EXT-VERDANA,Fictional Counterparty,VD,,DEV-0015,FALSE,Synthetic routine activity
TXN-0000599,ACC-00030,2026-05-14T15:19:00,10277.36,VRD,DEBIT,TRANSFER,TRANSFER,EXT-VERDANA,Fictional Counterparty,VD,,DEV-0050,FALSE,Synthetic routine activity
TXN-0000600,ACC-00055,2026-05-14T15:19:00,4270.64,VRD,CREDIT,TRANSFER,TRANSFER,EXT-VERDANA,Fictional Counterparty,VD,,DEV-0025,FALSE,Synthetic routine activity
TXN-0000601,ACC-00080,2026-05-14T15:19:00,10279.60,VRD,DEBIT,TRANSFER,TRANSFER,EXT-VERDANA,Fictional Counterparty,VD,,DEV-0060,FALSE,Synthetic routine activity
TXN-0000602,ACC-00107,2026-05-14T17:25:00,11526.63,VRD,DEBIT,TRANSFER,TRANSFER,EXT-VERDANA,Fictional Counterparty,VD,,DEV-0051,FALSE,Synthetic routine activity
TXN-0000603,ACC-00012,2026-05-14T17:35:00,1700.68,VRD,DEBIT,MOBILE,TRANSFER,EXT-VERDANA,Fictional Counterparty,VD,,DEV-0036,FALSE,Synthetic routine activity
TXN-0000604,ACC-00109,2026-05-15T08:44:00,11812.64,VRD,DEBIT,MOBILE,TRANSFER,EXT-VERDANA,Fictional Counterparty,VD,,DEV-0026,FALSE,Synthetic routine activity
TXN-0000605,ACC-00014,2026-05-15T08:54:00,2942.69,VRD,CREDIT,CARD,PURCHASE,EXT-VERDANA,Fictional Counterparty,VD,,DEV-0011,FALSE,Synthetic routine activity
TXN-0000606,ACC-00041,2026-05-15T10:00:00,5306.45,VRD,DEBIT,CARD,PURCHASE,EXT-VERDANA,Fictional Counterparty,VD,,DEV-0002,FALSE,Synthetic routine activity
TXN-0000607,ACC-00066,2026-05-15T10:00:00,8943.73,VRD,DEBIT,CARD,PURCHASE,EXT-VERDANA,Fictional Counterparty,VD,,DEV-0037,FALSE,Synthetic routine activity
TXN-0000608,ACC-00091,2026-05-15T10:00:00,9164.16,VRD,DEBIT,CARD,PURCHASE,EXT-VERDANA,Fictional Counterparty,VD,,DEV-0012,FALSE,Synthetic routine activity
TXN-0000609,ACC-00116,2026-05-15T10:00:00,6646.57,VRD,CREDIT,CARD,PURCHASE,EXT-VERDANA,Fictional Counterparty,VD,,DEV-0047,FALSE,Synthetic routine activity
TXN-0000610,ACC-00023,2026-05-15T12:16:00,7640.62,VRD,DEBIT,TRANSFER,TRANSFER,EXT-VERDANA,Fictional Counterparty,VD,,DEV-0048,FALSE,Synthetic routine activity
TXN-0000611,ACC-00048,2026-05-15T12:16:00,2576.94,VRD,CREDIT,TRANSFER,TRANSFER,EXT-VERDANA,Fictional Counterparty,VD,,DEV-0023,FALSE,Synthetic routine activity
TXN-0000612,ACC-00075,2026-05-15T14:22:00,10566.68,VRD,DEBIT,TRANSFER,TRANSFER,EXT-VERDANA,Fictional Counterparty,VD,,DEV-0014,FALSE,Synthetic routine activity
TXN-0000613,ACC-00100,2026-05-15T14:22:00,12945.04,VRD,DEBIT,TRANSFER,TRANSFER,EXT-VERDANA,Fictional Counterparty,VD,,DEV-0049,FALSE,Synthetic routine activity
TXN-0000614,ACC-00125,2026-05-15T14:22:00,1546.33,VRD,DEBIT,TRANSFER,TRANSFER,EXT-VERDANA,Fictional Counterparty,VD,,DEV-0024,FALSE,Synthetic routine activity
TXN-0000615,ACC-00007,2026-05-15T16:38:00,819.14,VRD,DEBIT,MOBILE,TRANSFER,EXT-VERDANA,Fictional Counterparty,VD,,DEV-0050,FALSE,Synthetic routine activity
TXN-0000616,ACC-00032,2026-05-15T16:38:00,1486.78,VRD,DEBIT,MOBILE,TRANSFER,EXT-VERDANA,Fictional Counterparty,VD,,DEV-0025,FALSE,Synthetic routine activity
TXN-0000617,ACC-00057,2026-05-15T16:38:00,10369.19,VRD,DEBIT,MOBILE,TRANSFER,EXT-VERDANA,Fictional Counterparty,VD,,DEV-0060,FALSE,Synthetic routine activity
TXN-0000618,ACC-00082,2026-05-15T16:38:00,8432.24,VRD,CREDIT,MOBILE,TRANSFER,EXT-VERDANA,Fictional Counterparty,VD,,DEV-0035,FALSE,Synthetic routine activity
TXN-0000619,ACC-00111,2026-05-16T09:03:00,4019.26,VRD,CREDIT,CARD,PURCHASE,EXT-VERDANA,Fictional Counterparty,VD,,DEV-0001,FALSE,Synthetic routine activity
TXN-0000620,ACC-00016,2026-05-16T09:13:00,5064.08,VRD,DEBIT,TRANSFER,TRANSFER,EXT-VERDANA,Fictional Counterparty,VD,,DEV-0046,FALSE,Synthetic routine activity
TXN-0000621,ACC-00043,2026-05-16T11:19:00,14673.87,VRD,CREDIT,TRANSFER,TRANSFER,EXT-VERDANA,Fictional Counterparty,VD,,DEV-0037,FALSE,Synthetic routine activity
TXN-0000622,ACC-00068,2026-05-16T11:19:00,1105.37,VRD,DEBIT,TRANSFER,TRANSFER,EXT-VERDANA,Fictional Counterparty,VD,,DEV-0012,FALSE,Synthetic routine activity
TXN-0000623,ACC-00093,2026-05-16T11:19:00,4381.38,VRD,DEBIT,TRANSFER,TRANSFER,EXT-VERDANA,Fictional Counterparty,VD,,DEV-0047,FALSE,Synthetic routine activity
TXN-0000624,ACC-00118,2026-05-16T11:19:00,14826.35,VRD,DEBIT,TRANSFER,TRANSFER,EXT-VERDANA,Fictional Counterparty,VD,,DEV-0022,FALSE,Synthetic routine activity
TXN-0000625,ACC-00025,2026-05-16T13:35:00,4071.59,VRD,DEBIT,MOBILE,TRANSFER,EXT-VERDANA,Fictional Counterparty,VD,,DEV-0023,FALSE,Synthetic routine activity
TXN-0000626,ACC-00050,2026-05-16T13:35:00,4243.52,VRD,DEBIT,MOBILE,TRANSFER,EXT-VERDANA,Fictional Counterparty,VD,,DEV-0058,FALSE,Synthetic routine activity
TXN-0000627,ACC-00077,2026-05-16T15:41:00,2239.40,VRD,CREDIT,MOBILE,TRANSFER,EXT-VERDANA,Fictional Counterparty,VD,,DEV-0049,FALSE,Synthetic routine activity
TXN-0000628,ACC-00102,2026-05-16T15:41:00,2100.55,VRD,DEBIT,MOBILE,TRANSFER,EXT-VERDANA,Fictional Counterparty,VD,,DEV-0024,FALSE,Synthetic routine activity
TXN-0000629,ACC-00127,2026-05-16T15:41:00,5862.11,VRD,DEBIT,MOBILE,TRANSFER,EXT-VERDANA,Fictional Counterparty,VD,,DEV-0059,FALSE,Synthetic routine activity
TXN-0000630,ACC-00009,2026-05-16T17:57:00,2667.92,VRD,CREDIT,CARD,PURCHASE,EXT-VERDANA,Fictional Counterparty,VD,,DEV-0025,FALSE,Synthetic routine activity
TXN-0000631,ACC-00034,2026-05-16T17:57:00,7672.10,VRD,DEBIT,CARD,PURCHASE,EXT-VERDANA,Fictional Counterparty,VD,,DEV-0060,FALSE,Synthetic routine activity
TXN-0000632,ACC-00059,2026-05-16T17:57:00,7881.13,VRD,DEBIT,CARD,PURCHASE,EXT-VERDANA,Fictional Counterparty,VD,,DEV-0035,FALSE,Synthetic routine activity
TXN-0000633,ACC-00084,2026-05-16T17:57:00,11660.98,VRD,DEBIT,CARD,PURCHASE,EXT-VERDANA,Fictional Counterparty,VD,,DEV-0010,FALSE,Synthetic routine activity
TXN-0000634,ACC-00036,2026-05-17T08:16:00,8069.52,VRD,CREDIT,TRANSFER,TRANSFER,EXT-VERDANA,Fictional Counterparty,VD,,DEV-0035,FALSE,Synthetic routine activity
TXN-0000635,ACC-00061,2026-05-17T08:16:00,11729.67,VRD,DEBIT,TRANSFER,TRANSFER,EXT-VERDANA,Fictional Counterparty,VD,,DEV-0010,FALSE,Synthetic routine activity
TXN-0000636,ACC-00086,2026-05-17T08:16:00,6023.37,VRD,DEBIT,TRANSFER,TRANSFER,EXT-VERDANA,Fictional Counterparty,VD,,DEV-0045,FALSE,Synthetic routine activity
TXN-0000637,ACC-00018,2026-05-17T10:32:00,11597.95,VRD,DEBIT,MOBILE,TRANSFER,EXT-VERDANA,Fictional Counterparty,VD,,DEV-0021,FALSE,Synthetic routine activity
TXN-0000638,ACC-00070,2026-05-17T12:38:00,10573.55,VRD,CREDIT,MOBILE,TRANSFER,EXT-VERDANA,Fictional Counterparty,VD,,DEV-0047,FALSE,Synthetic routine activity
TXN-0000639,ACC-00095,2026-05-17T12:38:00,1147.09,VRD,DEBIT,MOBILE,TRANSFER,EXT-VERDANA,Fictional Counterparty,VD,,DEV-0022,FALSE,Synthetic routine activity
TXN-0000640,ACC-00120,2026-05-17T12:38:00,11149.21,VRD,DEBIT,MOBILE,TRANSFER,EXT-VERDANA,Fictional Counterparty,VD,,DEV-0057,FALSE,Synthetic routine activity
TXN-0000641,ACC-00002,2026-05-17T14:54:00,13009.43,VRD,CREDIT,CARD,PURCHASE,EXT-VERDANA,Fictional Counterparty,VD,,DEV-0023,FALSE,Synthetic routine activity
TXN-0000642,ACC-00027,2026-05-17T14:54:00,10591.68,VRD,DEBIT,CARD,PURCHASE,EXT-VERDANA,Fictional Counterparty,VD,,DEV-0058,FALSE,Synthetic routine activity
TXN-0000643,ACC-00052,2026-05-17T14:54:00,13073.79,VRD,DEBIT,CARD,PURCHASE,EXT-VERDANA,Fictional Counterparty,VD,,DEV-0033,FALSE,Synthetic routine activity
TXN-0000644,ACC-00104,2026-05-17T16:00:00,10298.41,VRD,CREDIT,CARD,PURCHASE,EXT-VERDANA,Fictional Counterparty,VD,,DEV-0059,FALSE,Synthetic routine activity
TXN-0000645,ACC-00129,2026-05-17T16:00:00,1726.75,VRD,DEBIT,CARD,PURCHASE,EXT-VERDANA,Fictional Counterparty,VD,,DEV-0034,FALSE,Synthetic routine activity
TXN-0000646,ACC-00038,2026-05-18T09:35:00,5134.92,VRD,DEBIT,MOBILE,TRANSFER,EXT-VERDANA,Fictional Counterparty,VD,,DEV-0010,FALSE,Synthetic routine activity
TXN-0000647,ACC-00063,2026-05-18T09:35:00,9845.56,VRD,CREDIT,MOBILE,TRANSFER,EXT-VERDANA,Fictional Counterparty,VD,,DEV-0045,FALSE,Synthetic routine activity
TXN-0000648,ACC-00088,2026-05-18T09:35:00,9498.60,VRD,DEBIT,MOBILE,TRANSFER,EXT-VERDANA,Fictional Counterparty,VD,,DEV-0020,FALSE,Synthetic routine activity
TXN-0000649,ACC-00020,2026-05-18T11:51:00,12803.98,VRD,DEBIT,CARD,PURCHASE,EXT-VERDANA,Fictional Counterparty,VD,,DEV-0056,FALSE,Synthetic routine activity
TXN-0000650,ACC-00072,2026-05-18T13:57:00,3779.15,VRD,DEBIT,CARD,PURCHASE,EXT-VERDANA,Fictional Counterparty,VD,,DEV-0022,FALSE,Synthetic routine activity
TXN-0000651,ACC-00097,2026-05-18T13:57:00,5904.29,VRD,CREDIT,CARD,PURCHASE,EXT-VERDANA,Fictional Counterparty,VD,,DEV-0057,FALSE,Synthetic routine activity
TXN-0000652,ACC-00122,2026-05-18T13:57:00,14603.72,VRD,DEBIT,CARD,PURCHASE,EXT-VERDANA,Fictional Counterparty,VD,,DEV-0032,FALSE,Synthetic routine activity
TXN-0000653,ACC-00004,2026-05-18T15:13:00,14309.98,VRD,DEBIT,TRANSFER,TRANSFER,EXT-VERDANA,Fictional Counterparty,VD,,DEV-0058,FALSE,Synthetic routine activity
TXN-0000654,ACC-00029,2026-05-18T15:13:00,8253.70,VRD,CREDIT,TRANSFER,TRANSFER,EXT-VERDANA,Fictional Counterparty,VD,,DEV-0033,FALSE,Synthetic routine activity
TXN-0000655,ACC-00054,2026-05-18T15:13:00,2316.36,VRD,DEBIT,TRANSFER,TRANSFER,EXT-VERDANA,Fictional Counterparty,VD,,DEV-0008,FALSE,Synthetic routine activity
TXN-0000656,ACC-00106,2026-05-18T17:19:00,5275.94,VRD,DEBIT,TRANSFER,TRANSFER,EXT-VERDANA,Fictional Counterparty,VD,,DEV-0034,FALSE,Synthetic routine activity
TXN-0000657,ACC-00108,2026-05-19T08:38:00,6316.21,VRD,DEBIT,MOBILE,TRANSFER,EXT-VERDANA,Fictional Counterparty,VD,,DEV-0009,FALSE,Synthetic routine activity
TXN-0000658,ACC-00013,2026-05-19T08:48:00,10409.26,VRD,DEBIT,CARD,PURCHASE,EXT-VERDANA,Fictional Counterparty,VD,,DEV-0054,FALSE,Synthetic routine activity
TXN-0000659,ACC-00040,2026-05-19T10:54:00,14579.68,VRD,DEBIT,CARD,PURCHASE,EXT-VERDANA,Fictional Counterparty,VD,,DEV-0045,FALSE,Synthetic routine activity
TXN-0000660,ACC-00065,2026-05-19T10:54:00,8185.57,VRD,DEBIT,CARD,PURCHASE,EXT-VERDANA,Fictional Counterparty,VD,,DEV-0020,FALSE,Synthetic routine activity
TXN-0000661,ACC-00090,2026-05-19T10:54:00,1544.69,VRD,CREDIT,CARD,PURCHASE,EXT-VERDANA,Fictional Counterparty,VD,,DEV-0055,FALSE,Synthetic routine activity
TXN-0000662,ACC-00115,2026-05-19T10:54:00,5240.73,VRD,DEBIT,CARD,PURCHASE,EXT-VERDANA,Fictional Counterparty,VD,,DEV-0030,FALSE,Synthetic routine activity
TXN-0000663,ACC-00022,2026-05-19T12:10:00,7178.42,VRD,CREDIT,TRANSFER,TRANSFER,EXT-VERDANA,Fictional Counterparty,VD,,DEV-0031,FALSE,Synthetic routine activity
TXN-0000664,ACC-00047,2026-05-19T12:10:00,14095.97,VRD,DEBIT,TRANSFER,TRANSFER,EXT-VERDANA,Fictional Counterparty,VD,,DEV-0006,FALSE,Synthetic routine activity
TXN-0000665,ACC-00074,2026-05-19T14:16:00,2602.99,VRD,DEBIT,TRANSFER,TRANSFER,EXT-VERDANA,Fictional Counterparty,VD,,DEV-0057,FALSE,Synthetic routine activity
TXN-0000666,ACC-00099,2026-05-19T14:16:00,5197.02,VRD,DEBIT,TRANSFER,TRANSFER,EXT-VERDANA,Fictional Counterparty,VD,,DEV-0032,FALSE,Synthetic routine activity
TXN-0000667,ACC-00124,2026-05-19T14:16:00,11413.94,VRD,CREDIT,TRANSFER,TRANSFER,EXT-VERDANA,Fictional Counterparty,VD,,DEV-0007,FALSE,Synthetic routine activity
TXN-0000668,ACC-00006,2026-05-19T16:32:00,6073.14,VRD,DEBIT,MOBILE,TRANSFER,EXT-VERDANA,Fictional Counterparty,VD,,DEV-0033,FALSE,Synthetic routine activity
TXN-0000669,ACC-00031,2026-05-19T16:32:00,2369.08,VRD,DEBIT,MOBILE,TRANSFER,EXT-VERDANA,Fictional Counterparty,VD,,DEV-0008,FALSE,Synthetic routine activity
TXN-0000670,ACC-00056,2026-05-19T16:32:00,4486.55,VRD,CREDIT,MOBILE,TRANSFER,EXT-VERDANA,Fictional Counterparty,VD,,DEV-0043,FALSE,Synthetic routine activity
TXN-0000671,ACC-00081,2026-05-19T16:32:00,7223.64,VRD,DEBIT,MOBILE,TRANSFER,EXT-VERDANA,Fictional Counterparty,VD,,DEV-0018,FALSE,Synthetic routine activity
TXN-0000672,ACC-00015,2026-05-20T09:07:00,12567.42,VRD,CREDIT,TRANSFER,TRANSFER,EXT-VERDANA,Fictional Counterparty,VD,,DEV-0029,FALSE,Synthetic routine activity
TXN-0000673,ACC-00110,2026-05-20T09:57:00,11116.13,VRD,DEBIT,CARD,PURCHASE,EXT-VERDANA,Fictional Counterparty,VD,,DEV-0044,FALSE,Synthetic routine activity
TXN-0000674,ACC-00042,2026-05-20T11:13:00,9455.20,VRD,DEBIT,TRANSFER,TRANSFER,EXT-VERDANA,Fictional Counterparty,VD,,DEV-0020,FALSE,Synthetic routine activity
TXN-0000675,ACC-00067,2026-05-20T11:13:00,13419.08,VRD,DEBIT,TRANSFER,TRANSFER,EXT-VERDANA,Fictional Counterparty,VD,,DEV-0055,FALSE,Synthetic routine activity
TXN-0000676,ACC-00092,2026-05-20T11:13:00,1602.12,VRD,DEBIT,TRANSFER,TRANSFER,EXT-VERDANA,Fictional Counterparty,VD,,DEV-0030,FALSE,Synthetic routine activity
TXN-0000677,ACC-00117,2026-05-20T11:13:00,8605.34,VRD,CREDIT,TRANSFER,TRANSFER,EXT-VERDANA,Fictional Counterparty,VD,,DEV-0005,FALSE,Synthetic routine activity
TXN-0000678,ACC-00024,2026-05-20T13:29:00,14912.48,VRD,DEBIT,MOBILE,TRANSFER,EXT-VERDANA,Fictional Counterparty,VD,,DEV-0006,FALSE,Synthetic routine activity
TXN-0000679,ACC-00049,2026-05-20T13:29:00,1704.10,VRD,CREDIT,MOBILE,TRANSFER,EXT-VERDANA,Fictional Counterparty,VD,,DEV-0041,FALSE,Synthetic routine activity
TXN-0000680,ACC-00076,2026-05-20T15:35:00,11017.38,VRD,DEBIT,MOBILE,TRANSFER,EXT-VERDANA,Fictional Counterparty,VD,,DEV-0032,FALSE,Synthetic routine activity
TXN-0000681,ACC-00101,2026-05-20T15:35:00,1039.22,VRD,DEBIT,MOBILE,TRANSFER,EXT-VERDANA,Fictional Counterparty,VD,,DEV-0007,FALSE,Synthetic routine activity
TXN-0000682,ACC-00126,2026-05-20T15:35:00,3432.04,VRD,DEBIT,MOBILE,TRANSFER,EXT-VERDANA,Fictional Counterparty,VD,,DEV-0042,FALSE,Synthetic routine activity
TXN-0000683,ACC-00008,2026-05-20T17:51:00,11504.83,VRD,DEBIT,CARD,PURCHASE,EXT-VERDANA,Fictional Counterparty,VD,,DEV-0008,FALSE,Synthetic routine activity
TXN-0000684,ACC-00033,2026-05-20T17:51:00,13407.80,VRD,DEBIT,CARD,PURCHASE,EXT-VERDANA,Fictional Counterparty,VD,,DEV-0043,FALSE,Synthetic routine activity
TXN-0000685,ACC-00058,2026-05-20T17:51:00,6266.64,VRD,DEBIT,CARD,PURCHASE,EXT-VERDANA,Fictional Counterparty,VD,,DEV-0018,FALSE,Synthetic routine activity
TXN-0000686,ACC-00083,2026-05-20T17:51:00,1794.44,VRD,CREDIT,CARD,PURCHASE,EXT-VERDANA,Fictional Counterparty,VD,,DEV-0053,FALSE,Synthetic routine activity
TXN-0000687,ACC-00010,2026-05-21T08:10:00,7412.23,VRD,CREDIT,TRANSFER,TRANSFER,EXT-VERDANA,Fictional Counterparty,VD,,DEV-0043,FALSE,Synthetic routine activity
TXN-0000688,ACC-00035,2026-05-21T08:10:00,1994.60,VRD,DEBIT,TRANSFER,TRANSFER,EXT-VERDANA,Fictional Counterparty,VD,,DEV-0018,FALSE,Synthetic routine activity
TXN-0000689,ACC-00060,2026-05-21T08:10:00,11614.49,VRD,DEBIT,TRANSFER,TRANSFER,EXT-VERDANA,Fictional Counterparty,VD,,DEV-0053,FALSE,Synthetic routine activity
TXN-0000690,ACC-00085,2026-05-21T08:10:00,3552.95,VRD,DEBIT,TRANSFER,TRANSFER,EXT-VERDANA,Fictional Counterparty,VD,,DEV-0028,FALSE,Synthetic routine activity
TXN-0000691,ACC-00112,2026-05-21T10:16:00,12066.38,VRD,CREDIT,TRANSFER,TRANSFER,EXT-VERDANA,Fictional Counterparty,VD,,DEV-0019,FALSE,Synthetic routine activity
TXN-0000692,ACC-00017,2026-05-21T10:26:00,9018.68,VRD,DEBIT,MOBILE,TRANSFER,EXT-VERDANA,Fictional Counterparty,VD,,DEV-0004,FALSE,Synthetic routine activity
TXN-0000693,ACC-00044,2026-05-21T12:32:00,6477.93,VRD,CREDIT,MOBILE,TRANSFER,EXT-VERDANA,Fictional Counterparty,VD,,DEV-0055,FALSE,Synthetic routine activity
TXN-0000694,ACC-00069,2026-05-21T12:32:00,11838.63,VRD,DEBIT,MOBILE,TRANSFER,EXT-VERDANA,Fictional Counterparty,VD,,DEV-0030,FALSE,Synthetic routine activity
TXN-0000695,ACC-00094,2026-05-21T12:32:00,8258.30,VRD,DEBIT,MOBILE,TRANSFER,EXT-VERDANA,Fictional Counterparty,VD,,DEV-0005,FALSE,Synthetic routine activity
TXN-0000696,ACC-00119,2026-05-21T12:32:00,11896.43,VRD,DEBIT,MOBILE,TRANSFER,EXT-VERDANA,Fictional Counterparty,VD,,DEV-0040,FALSE,Synthetic routine activity
TXN-0000697,ACC-00001,2026-05-21T14:48:00,11587.94,VRD,DEBIT,CARD,PURCHASE,EXT-VERDANA,Fictional Counterparty,VD,,DEV-0006,FALSE,Synthetic routine activity
TXN-0000698,ACC-00026,2026-05-21T14:48:00,10337.15,VRD,DEBIT,CARD,PURCHASE,EXT-VERDANA,Fictional Counterparty,VD,,DEV-0041,FALSE,Synthetic routine activity
TXN-0000699,ACC-00051,2026-05-21T14:48:00,7230.45,VRD,DEBIT,CARD,PURCHASE,EXT-VERDANA,Fictional Counterparty,VD,,DEV-0016,FALSE,Synthetic routine activity
TXN-0000700,ACC-00078,2026-05-21T16:54:00,8781.58,VRD,CREDIT,CARD,PURCHASE,EXT-VERDANA,Fictional Counterparty,VD,,DEV-0007,FALSE,Synthetic routine activity
TXN-0000701,ACC-00103,2026-05-21T16:54:00,3026.48,VRD,DEBIT,CARD,PURCHASE,EXT-VERDANA,Fictional Counterparty,VD,,DEV-0042,FALSE,Synthetic routine activity
TXN-0000702,ACC-00128,2026-05-21T16:54:00,5988.00,VRD,DEBIT,CARD,PURCHASE,EXT-VERDANA,Fictional Counterparty,VD,,DEV-0017,FALSE,Synthetic routine activity
TXN-0000703,ACC-00037,2026-05-22T09:29:00,8060.15,VRD,CREDIT,MOBILE,TRANSFER,EXT-VERDANA,Fictional Counterparty,VD,,DEV-0053,FALSE,Synthetic routine activity
TXN-0000704,ACC-00062,2026-05-22T09:29:00,10285.48,VRD,DEBIT,MOBILE,TRANSFER,EXT-VERDANA,Fictional Counterparty,VD,,DEV-0028,FALSE,Synthetic routine activity
TXN-0000705,ACC-00087,2026-05-22T09:29:00,4785.83,VRD,DEBIT,MOBILE,TRANSFER,EXT-VERDANA,Fictional Counterparty,VD,,DEV-0003,FALSE,Synthetic routine activity
TXN-0000706,ACC-00019,2026-05-22T11:45:00,5991.11,VRD,DEBIT,CARD,PURCHASE,EXT-VERDANA,Fictional Counterparty,VD,,DEV-0039,FALSE,Synthetic routine activity
TXN-0000707,ACC-00071,2026-05-22T13:51:00,7871.47,VRD,CREDIT,CARD,PURCHASE,EXT-VERDANA,Fictional Counterparty,VD,,DEV-0005,FALSE,Synthetic routine activity
TXN-0000708,ACC-00096,2026-05-22T13:51:00,6386.39,VRD,DEBIT,CARD,PURCHASE,EXT-VERDANA,Fictional Counterparty,VD,,DEV-0040,FALSE,Synthetic routine activity
TXN-0000709,ACC-00121,2026-05-22T13:51:00,5168.99,VRD,DEBIT,CARD,PURCHASE,EXT-VERDANA,Fictional Counterparty,VD,,DEV-0015,FALSE,Synthetic routine activity
TXN-0000710,ACC-00003,2026-05-22T15:07:00,14696.12,VRD,CREDIT,TRANSFER,TRANSFER,EXT-VERDANA,Fictional Counterparty,VD,,DEV-0041,FALSE,Synthetic routine activity
TXN-0000711,ACC-00028,2026-05-22T15:07:00,14923.76,VRD,DEBIT,TRANSFER,TRANSFER,EXT-VERDANA,Fictional Counterparty,VD,,DEV-0016,FALSE,Synthetic routine activity
TXN-0000712,ACC-00053,2026-05-22T15:07:00,7932.43,VRD,DEBIT,TRANSFER,TRANSFER,EXT-VERDANA,Fictional Counterparty,VD,,DEV-0051,FALSE,Synthetic routine activity
TXN-0000713,ACC-00105,2026-05-22T17:13:00,4540.92,VRD,CREDIT,TRANSFER,TRANSFER,EXT-VERDANA,Fictional Counterparty,VD,,DEV-0017,FALSE,Synthetic routine activity
TXN-0000714,ACC-00130,2026-05-22T17:13:00,9280.45,VRD,DEBIT,TRANSFER,TRANSFER,EXT-VERDANA,Fictional Counterparty,VD,,DEV-0052,FALSE,Synthetic routine activity
TXN-0000715,ACC-00107,2026-05-23T08:32:00,2780.81,VRD,DEBIT,MOBILE,TRANSFER,EXT-VERDANA,Fictional Counterparty,VD,,DEV-0052,FALSE,Synthetic routine activity
TXN-0000716,ACC-00039,2026-05-23T10:48:00,13482.83,VRD,DEBIT,CARD,PURCHASE,EXT-VERDANA,Fictional Counterparty,VD,,DEV-0028,FALSE,Synthetic routine activity
TXN-0000717,ACC-00064,2026-05-23T10:48:00,2002.28,VRD,CREDIT,CARD,PURCHASE,EXT-VERDANA,Fictional Counterparty,VD,,DEV-0003,FALSE,Synthetic routine activity
TXN-0000718,ACC-00089,2026-05-23T10:48:00,12245.74,VRD,DEBIT,CARD,PURCHASE,EXT-VERDANA,Fictional Counterparty,VD,,DEV-0038,FALSE,Synthetic routine activity
TXN-0000719,ACC-00021,2026-05-23T12:04:00,7873.33,VRD,DEBIT,TRANSFER,TRANSFER,EXT-VERDANA,Fictional Counterparty,VD,,DEV-0014,FALSE,Synthetic routine activity
TXN-0000720,ACC-00073,2026-05-23T14:10:00,930.46,VRD,DEBIT,TRANSFER,TRANSFER,EXT-VERDANA,Fictional Counterparty,VD,,DEV-0040,FALSE,Synthetic routine activity
TXN-0000721,ACC-00098,2026-05-23T14:10:00,1294.97,VRD,CREDIT,TRANSFER,TRANSFER,EXT-VERDANA,Fictional Counterparty,VD,,DEV-0015,FALSE,Synthetic routine activity
TXN-0000722,ACC-00123,2026-05-23T14:10:00,5046.10,VRD,DEBIT,TRANSFER,TRANSFER,EXT-VERDANA,Fictional Counterparty,VD,,DEV-0050,FALSE,Synthetic routine activity
TXN-0000723,ACC-00005,2026-05-23T16:26:00,2766.65,VRD,DEBIT,MOBILE,TRANSFER,EXT-VERDANA,Fictional Counterparty,VD,,DEV-0016,FALSE,Synthetic routine activity
TXN-0000724,ACC-00030,2026-05-23T16:26:00,2147.24,VRD,CREDIT,MOBILE,TRANSFER,EXT-VERDANA,Fictional Counterparty,VD,,DEV-0051,FALSE,Synthetic routine activity
TXN-0000725,ACC-00055,2026-05-23T16:26:00,9654.85,VRD,DEBIT,MOBILE,TRANSFER,EXT-VERDANA,Fictional Counterparty,VD,,DEV-0026,FALSE,Synthetic routine activity
TXN-0000726,ACC-00014,2026-05-24T09:01:00,1090.47,VRD,DEBIT,TRANSFER,TRANSFER,EXT-VERDANA,Fictional Counterparty,VD,,DEV-0012,FALSE,Synthetic routine activity
TXN-0000727,ACC-00109,2026-05-24T09:51:00,2969.44,VRD,DEBIT,CARD,PURCHASE,EXT-VERDANA,Fictional Counterparty,VD,,DEV-0027,FALSE,Synthetic routine activity
TXN-0000728,ACC-00041,2026-05-24T11:07:00,6641.55,VRD,DEBIT,TRANSFER,TRANSFER,EXT-VERDANA,Fictional Counterparty,VD,,DEV-0003,FALSE,Synthetic routine activity
TXN-0000729,ACC-00066,2026-05-24T11:07:00,4463.91,VRD,DEBIT,TRANSFER,TRANSFER,EXT-VERDANA,Fictional Counterparty,VD,,DEV-0038,FALSE,Synthetic routine activity
TXN-0000730,ACC-00091,2026-05-24T11:07:00,12425.28,VRD,CREDIT,TRANSFER,TRANSFER,EXT-VERDANA,Fictional Counterparty,VD,,DEV-0013,FALSE,Synthetic routine activity
TXN-0000731,ACC-00116,2026-05-24T11:07:00,1737.81,VRD,DEBIT,TRANSFER,TRANSFER,EXT-VERDANA,Fictional Counterparty,VD,,DEV-0048,FALSE,Synthetic routine activity
TXN-0000732,ACC-00023,2026-05-24T13:23:00,975.49,VRD,CREDIT,MOBILE,TRANSFER,EXT-VERDANA,Fictional Counterparty,VD,,DEV-0049,FALSE,Synthetic routine activity
TXN-0000733,ACC-00048,2026-05-24T13:23:00,7397.67,VRD,DEBIT,MOBILE,TRANSFER,EXT-VERDANA,Fictional Counterparty,VD,,DEV-0024,FALSE,Synthetic routine activity
TXN-0000734,ACC-00075,2026-05-24T15:29:00,2030.64,VRD,DEBIT,MOBILE,TRANSFER,EXT-VERDANA,Fictional Counterparty,VD,,DEV-0015,FALSE,Synthetic routine activity
TXN-0000735,ACC-00100,2026-05-24T15:29:00,2031.51,VRD,DEBIT,MOBILE,TRANSFER,EXT-VERDANA,Fictional Counterparty,VD,,DEV-0050,FALSE,Synthetic routine activity
TXN-0000736,ACC-00125,2026-05-24T15:29:00,12170.73,VRD,CREDIT,MOBILE,TRANSFER,EXT-VERDANA,Fictional Counterparty,VD,,DEV-0025,FALSE,Synthetic routine activity
TXN-0000737,ACC-00007,2026-05-24T17:45:00,6447.39,VRD,DEBIT,CARD,PURCHASE,EXT-VERDANA,Fictional Counterparty,VD,,DEV-0051,FALSE,Synthetic routine activity
TXN-0000738,ACC-00032,2026-05-24T17:45:00,12625.12,VRD,DEBIT,CARD,PURCHASE,EXT-VERDANA,Fictional Counterparty,VD,,DEV-0026,FALSE,Synthetic routine activity
TXN-0000739,ACC-00057,2026-05-24T17:45:00,12955.97,VRD,CREDIT,CARD,PURCHASE,EXT-VERDANA,Fictional Counterparty,VD,,DEV-0001,FALSE,Synthetic routine activity
TXN-0000740,ACC-00082,2026-05-24T17:45:00,4538.35,VRD,DEBIT,CARD,PURCHASE,EXT-VERDANA,Fictional Counterparty,VD,,DEV-0036,FALSE,Synthetic routine activity
TXN-0000741,ACC-00009,2026-05-25T08:04:00,14956.73,VRD,DEBIT,TRANSFER,TRANSFER,EXT-VERDANA,Fictional Counterparty,VD,,DEV-0026,FALSE,Synthetic routine activity
TXN-0000742,ACC-00034,2026-05-25T08:04:00,10298.05,VRD,DEBIT,TRANSFER,TRANSFER,EXT-VERDANA,Fictional Counterparty,VD,,DEV-0001,FALSE,Synthetic routine activity
TXN-0000743,ACC-00059,2026-05-25T08:04:00,13786.43,VRD,DEBIT,TRANSFER,TRANSFER,EXT-VERDANA,Fictional Counterparty,VD,,DEV-0036,FALSE,Synthetic routine activity
TXN-0000744,ACC-00084,2026-05-25T08:04:00,2752.00,VRD,CREDIT,TRANSFER,TRANSFER,EXT-VERDANA,Fictional Counterparty,VD,,DEV-0011,FALSE,Synthetic routine activity
TXN-0000745,ACC-00111,2026-05-25T10:10:00,5060.96,VRD,DEBIT,TRANSFER,TRANSFER,EXT-VERDANA,Fictional Counterparty,VD,,DEV-0002,FALSE,Synthetic routine activity
TXN-0000746,ACC-00016,2026-05-25T10:20:00,13170.35,VRD,CREDIT,MOBILE,TRANSFER,EXT-VERDANA,Fictional Counterparty,VD,,DEV-0047,FALSE,Synthetic routine activity
TXN-0000747,ACC-00043,2026-05-25T12:26:00,13251.95,VRD,DEBIT,MOBILE,TRANSFER,EXT-VERDANA,Fictional Counterparty,VD,,DEV-0038,FALSE,Synthetic routine activity
TXN-0000748,ACC-00068,2026-05-25T12:26:00,3802.05,VRD,DEBIT,MOBILE,TRANSFER,EXT-VERDANA,Fictional Counterparty,VD,,DEV-0013,FALSE,Synthetic routine activity
TXN-0000749,ACC-00093,2026-05-25T12:26:00,14856.18,VRD,DEBIT,MOBILE,TRANSFER,EXT-VERDANA,Fictional Counterparty,VD,,DEV-0048,FALSE,Synthetic routine activity
TXN-0000750,ACC-00118,2026-05-25T12:26:00,2029.83,VRD,CREDIT,MOBILE,TRANSFER,EXT-VERDANA,Fictional Counterparty,VD,,DEV-0023,FALSE,Synthetic routine activity
TXN-0000751,ACC-00025,2026-05-25T14:42:00,11960.32,VRD,DEBIT,CARD,PURCHASE,EXT-VERDANA,Fictional Counterparty,VD,,DEV-0024,FALSE,Synthetic routine activity
TXN-0000752,ACC-00050,2026-05-25T14:42:00,6053.58,VRD,CREDIT,CARD,PURCHASE,EXT-VERDANA,Fictional Counterparty,VD,,DEV-0059,FALSE,Synthetic routine activity
TXN-0000753,ACC-00077,2026-05-25T16:48:00,4460.59,VRD,DEBIT,CARD,PURCHASE,EXT-VERDANA,Fictional Counterparty,VD,,DEV-0050,FALSE,Synthetic routine activity
TXN-0000754,ACC-00102,2026-05-25T16:48:00,4303.09,VRD,DEBIT,CARD,PURCHASE,EXT-VERDANA,Fictional Counterparty,VD,,DEV-0025,FALSE,Synthetic routine activity
TXN-0000755,ACC-00127,2026-05-25T16:48:00,9561.58,VRD,DEBIT,CARD,PURCHASE,EXT-VERDANA,Fictional Counterparty,VD,,DEV-0060,FALSE,Synthetic routine activity
TXN-0000756,ACC-00011,2026-05-26T09:23:00,13334.71,VRD,CREDIT,MOBILE,TRANSFER,EXT-VERDANA,Fictional Counterparty,VD,,DEV-0001,FALSE,Synthetic routine activity
TXN-0000757,ACC-00036,2026-05-26T09:23:00,1388.24,VRD,DEBIT,MOBILE,TRANSFER,EXT-VERDANA,Fictional Counterparty,VD,,DEV-0036,FALSE,Synthetic routine activity
TXN-0000758,ACC-00061,2026-05-26T09:23:00,2031.82,VRD,DEBIT,MOBILE,TRANSFER,EXT-VERDANA,Fictional Counterparty,VD,,DEV-0011,FALSE,Synthetic routine activity
TXN-0000759,ACC-00086,2026-05-26T09:23:00,9802.86,VRD,DEBIT,MOBILE,TRANSFER,EXT-VERDANA,Fictional Counterparty,VD,,DEV-0046,FALSE,Synthetic routine activity
TXN-0000760,ACC-00113,2026-05-26T11:29:00,3565.40,VRD,CREDIT,MOBILE,TRANSFER,EXT-VERDANA,Fictional Counterparty,VD,,DEV-0037,FALSE,Synthetic routine activity
TXN-0000761,ACC-00018,2026-05-26T11:39:00,3351.78,VRD,DEBIT,CARD,PURCHASE,EXT-VERDANA,Fictional Counterparty,VD,,DEV-0022,FALSE,Synthetic routine activity
TXN-0000762,ACC-00045,2026-05-26T13:45:00,6492.11,VRD,CREDIT,CARD,PURCHASE,EXT-VERDANA,Fictional Counterparty,VD,,DEV-0013,FALSE,Synthetic routine activity
TXN-0000763,ACC-00070,2026-05-26T13:45:00,4998.81,VRD,DEBIT,CARD,PURCHASE,EXT-VERDANA,Fictional Counterparty,VD,,DEV-0048,FALSE,Synthetic routine activity
TXN-0000764,ACC-00095,2026-05-26T13:45:00,3582.97,VRD,DEBIT,CARD,PURCHASE,EXT-VERDANA,Fictional Counterparty,VD,,DEV-0023,FALSE,Synthetic routine activity
TXN-0000765,ACC-00120,2026-05-26T13:45:00,7710.44,VRD,DEBIT,CARD,PURCHASE,EXT-VERDANA,Fictional Counterparty,VD,,DEV-0058,FALSE,Synthetic routine activity
TXN-0000766,ACC-00002,2026-05-26T15:01:00,2174.11,VRD,DEBIT,TRANSFER,TRANSFER,EXT-VERDANA,Fictional Counterparty,VD,,DEV-0024,FALSE,Synthetic routine activity
TXN-0000767,ACC-00027,2026-05-26T15:01:00,13191.61,VRD,DEBIT,TRANSFER,TRANSFER,EXT-VERDANA,Fictional Counterparty,VD,,DEV-0059,FALSE,Synthetic routine activity
TXN-0000768,ACC-00052,2026-05-26T15:01:00,10552.86,VRD,DEBIT,TRANSFER,TRANSFER,EXT-VERDANA,Fictional Counterparty,VD,,DEV-0034,FALSE,Synthetic routine activity
TXN-0000769,ACC-00079,2026-05-26T17:07:00,1704.49,VRD,CREDIT,TRANSFER,TRANSFER,EXT-VERDANA,Fictional Counterparty,VD,,DEV-0025,FALSE,Synthetic routine activity
TXN-0000770,ACC-00104,2026-05-26T17:07:00,14651.49,VRD,DEBIT,TRANSFER,TRANSFER,EXT-VERDANA,Fictional Counterparty,VD,,DEV-0060,FALSE,Synthetic routine activity
TXN-0000771,ACC-00129,2026-05-26T17:07:00,9803.07,VRD,DEBIT,TRANSFER,TRANSFER,EXT-VERDANA,Fictional Counterparty,VD,,DEV-0035,FALSE,Synthetic routine activity
TXN-0000772,ACC-00106,2026-05-27T08:26:00,11886.81,VRD,CREDIT,MOBILE,TRANSFER,EXT-VERDANA,Fictional Counterparty,VD,,DEV-0035,FALSE,Synthetic routine activity
TXN-0000773,ACC-00038,2026-05-27T10:42:00,5391.75,VRD,CREDIT,CARD,PURCHASE,EXT-VERDANA,Fictional Counterparty,VD,,DEV-0011,FALSE,Synthetic routine activity
TXN-0000774,ACC-00063,2026-05-27T10:42:00,8064.98,VRD,DEBIT,CARD,PURCHASE,EXT-VERDANA,Fictional Counterparty,VD,,DEV-0046,FALSE,Synthetic routine activity
TXN-0000775,ACC-00088,2026-05-27T10:42:00,12908.68,VRD,DEBIT,CARD,PURCHASE,EXT-VERDANA,Fictional Counterparty,VD,,DEV-0021,FALSE,Synthetic routine activity
TXN-0000776,ACC-00020,2026-05-27T12:58:00,2246.99,VRD,DEBIT,TRANSFER,TRANSFER,EXT-VERDANA,Fictional Counterparty,VD,,DEV-0057,FALSE,Synthetic routine activity
TXN-0000777,ACC-00072,2026-05-27T14:04:00,2723.09,VRD,CREDIT,TRANSFER,TRANSFER,EXT-VERDANA,Fictional Counterparty,VD,,DEV-0023,FALSE,Synthetic routine activity
TXN-0000778,ACC-00097,2026-05-27T14:04:00,6723.72,VRD,DEBIT,TRANSFER,TRANSFER,EXT-VERDANA,Fictional Counterparty,VD,,DEV-0058,FALSE,Synthetic routine activity
TXN-0000779,ACC-00122,2026-05-27T14:04:00,7395.46,VRD,DEBIT,TRANSFER,TRANSFER,EXT-VERDANA,Fictional Counterparty,VD,,DEV-0033,FALSE,Synthetic routine activity
TXN-0000780,ACC-00004,2026-05-27T16:20:00,13213.07,VRD,CREDIT,MOBILE,TRANSFER,EXT-VERDANA,Fictional Counterparty,VD,,DEV-0059,FALSE,Synthetic routine activity
TXN-0000781,ACC-00029,2026-05-27T16:20:00,9198.44,VRD,DEBIT,MOBILE,TRANSFER,EXT-VERDANA,Fictional Counterparty,VD,,DEV-0034,FALSE,Synthetic routine activity
TXN-0000782,ACC-00054,2026-05-27T16:20:00,11611.86,VRD,DEBIT,MOBILE,TRANSFER,EXT-VERDANA,Fictional Counterparty,VD,,DEV-0009,FALSE,Synthetic routine activity
TXN-0000783,ACC-00108,2026-05-28T09:45:00,11100.78,VRD,DEBIT,CARD,PURCHASE,EXT-VERDANA,Fictional Counterparty,VD,,DEV-0010,FALSE,Synthetic routine activity
TXN-0000784,ACC-00040,2026-05-28T11:01:00,6726.40,VRD,DEBIT,TRANSFER,TRANSFER,EXT-VERDANA,Fictional Counterparty,VD,,DEV-0046,FALSE,Synthetic routine activity
TXN-0000785,ACC-00065,2026-05-28T11:01:00,10581.00,VRD,CREDIT,TRANSFER,TRANSFER,EXT-VERDANA,Fictional Counterparty,VD,,DEV-0021,FALSE,Synthetic routine activity
TXN-0000786,ACC-00090,2026-05-28T11:01:00,1487.08,VRD,DEBIT,TRANSFER,TRANSFER,EXT-VERDANA,Fictional Counterparty,VD,,DEV-0056,FALSE,Synthetic routine activity
TXN-0000787,ACC-00022,2026-05-28T13:17:00,9390.59,VRD,DEBIT,MOBILE,TRANSFER,EXT-VERDANA,Fictional Counterparty,VD,,DEV-0032,FALSE,Synthetic routine activity
TXN-0000788,ACC-00074,2026-05-28T15:23:00,9532.81,VRD,DEBIT,MOBILE,TRANSFER,EXT-VERDANA,Fictional Counterparty,VD,,DEV-0058,FALSE,Synthetic routine activity
TXN-0000789,ACC-00099,2026-05-28T15:23:00,8728.89,VRD,CREDIT,MOBILE,TRANSFER,EXT-VERDANA,Fictional Counterparty,VD,,DEV-0033,FALSE,Synthetic routine activity
TXN-0000790,ACC-00124,2026-05-28T15:23:00,11281.94,VRD,DEBIT,MOBILE,TRANSFER,EXT-VERDANA,Fictional Counterparty,VD,,DEV-0008,FALSE,Synthetic routine activity
TXN-0000791,ACC-00006,2026-05-28T17:39:00,5308.55,VRD,DEBIT,CARD,PURCHASE,EXT-VERDANA,Fictional Counterparty,VD,,DEV-0034,FALSE,Synthetic routine activity
TXN-0000792,ACC-00031,2026-05-28T17:39:00,7065.62,VRD,CREDIT,CARD,PURCHASE,EXT-VERDANA,Fictional Counterparty,VD,,DEV-0009,FALSE,Synthetic routine activity
TXN-0000793,ACC-00056,2026-05-28T17:39:00,10148.51,VRD,DEBIT,CARD,PURCHASE,EXT-VERDANA,Fictional Counterparty,VD,,DEV-0044,FALSE,Synthetic routine activity
TXN-0000794,ACC-00008,2026-05-29T08:58:00,6618.56,VRD,DEBIT,TRANSFER,TRANSFER,EXT-VERDANA,Fictional Counterparty,VD,,DEV-0009,FALSE,Synthetic routine activity
TXN-0000795,ACC-00033,2026-05-29T08:58:00,10163.84,VRD,DEBIT,TRANSFER,TRANSFER,EXT-VERDANA,Fictional Counterparty,VD,,DEV-0044,FALSE,Synthetic routine activity
TXN-0000796,ACC-00058,2026-05-29T08:58:00,1715.39,VRD,CREDIT,TRANSFER,TRANSFER,EXT-VERDANA,Fictional Counterparty,VD,,DEV-0019,FALSE,Synthetic routine activity
TXN-0000797,ACC-00083,2026-05-29T08:58:00,7747.83,VRD,DEBIT,TRANSFER,TRANSFER,EXT-VERDANA,Fictional Counterparty,VD,,DEV-0054,FALSE,Synthetic routine activity
TXN-0000798,ACC-00110,2026-05-29T10:04:00,11594.21,VRD,DEBIT,TRANSFER,TRANSFER,EXT-VERDANA,Fictional Counterparty,VD,,DEV-0045,FALSE,Synthetic routine activity
TXN-0000799,ACC-00015,2026-05-29T10:14:00,13318.52,VRD,DEBIT,MOBILE,TRANSFER,EXT-VERDANA,Fictional Counterparty,VD,,DEV-0030,FALSE,Synthetic routine activity
TXN-0000800,ACC-00042,2026-05-29T12:20:00,1710.56,VRD,DEBIT,MOBILE,TRANSFER,EXT-VERDANA,Fictional Counterparty,VD,,DEV-0021,FALSE,Synthetic routine activity
TXN-0000801,ACC-00067,2026-05-29T12:20:00,6149.30,VRD,DEBIT,MOBILE,TRANSFER,EXT-VERDANA,Fictional Counterparty,VD,,DEV-0056,FALSE,Synthetic routine activity
TXN-0000802,ACC-00092,2026-05-29T12:20:00,10231.04,VRD,CREDIT,MOBILE,TRANSFER,EXT-VERDANA,Fictional Counterparty,VD,,DEV-0031,FALSE,Synthetic routine activity
TXN-0000803,ACC-00117,2026-05-29T12:20:00,5789.36,VRD,DEBIT,MOBILE,TRANSFER,EXT-VERDANA,Fictional Counterparty,VD,,DEV-0006,FALSE,Synthetic routine activity
TXN-0000804,ACC-00024,2026-05-29T14:36:00,5058.96,VRD,CREDIT,CARD,PURCHASE,EXT-VERDANA,Fictional Counterparty,VD,,DEV-0007,FALSE,Synthetic routine activity
TXN-0000805,ACC-00049,2026-05-29T14:36:00,5777.77,VRD,DEBIT,CARD,PURCHASE,EXT-VERDANA,Fictional Counterparty,VD,,DEV-0042,FALSE,Synthetic routine activity
TXN-0000806,ACC-00076,2026-05-29T16:42:00,8412.31,VRD,DEBIT,CARD,PURCHASE,EXT-VERDANA,Fictional Counterparty,VD,,DEV-0033,FALSE,Synthetic routine activity
TXN-0000807,ACC-00101,2026-05-29T16:42:00,14433.40,VRD,DEBIT,CARD,PURCHASE,EXT-VERDANA,Fictional Counterparty,VD,,DEV-0008,FALSE,Synthetic routine activity
TXN-0000808,ACC-00126,2026-05-29T16:42:00,9558.91,VRD,CREDIT,CARD,PURCHASE,EXT-VERDANA,Fictional Counterparty,VD,,DEV-0043,FALSE,Synthetic routine activity
TXN-0000809,ACC-00010,2026-05-30T09:17:00,5063.59,VRD,DEBIT,MOBILE,TRANSFER,EXT-VERDANA,Fictional Counterparty,VD,,DEV-0044,FALSE,Synthetic routine activity
TXN-0000810,ACC-00035,2026-05-30T09:17:00,6200.52,VRD,DEBIT,MOBILE,TRANSFER,EXT-VERDANA,Fictional Counterparty,VD,,DEV-0019,FALSE,Synthetic routine activity
TXN-0000811,ACC-00060,2026-05-30T09:17:00,5155.32,VRD,DEBIT,MOBILE,TRANSFER,EXT-VERDANA,Fictional Counterparty,VD,,DEV-0054,FALSE,Synthetic routine activity
TXN-0000812,ACC-00085,2026-05-30T09:17:00,14791.37,VRD,CREDIT,MOBILE,TRANSFER,EXT-VERDANA,Fictional Counterparty,VD,,DEV-0029,FALSE,Synthetic routine activity
TXN-0000813,ACC-00112,2026-05-30T11:23:00,10567.75,VRD,DEBIT,MOBILE,TRANSFER,EXT-VERDANA,Fictional Counterparty,VD,,DEV-0020,FALSE,Synthetic routine activity
TXN-0000814,ACC-00017,2026-05-30T11:33:00,11753.92,VRD,CREDIT,CARD,PURCHASE,EXT-VERDANA,Fictional Counterparty,VD,,DEV-0005,FALSE,Synthetic routine activity
TXN-0000815,ACC-00044,2026-05-30T13:39:00,2653.11,VRD,DEBIT,CARD,PURCHASE,EXT-VERDANA,Fictional Counterparty,VD,,DEV-0056,FALSE,Synthetic routine activity
TXN-0000816,ACC-00069,2026-05-30T13:39:00,6518.66,VRD,DEBIT,CARD,PURCHASE,EXT-VERDANA,Fictional Counterparty,VD,,DEV-0031,FALSE,Synthetic routine activity
TXN-0000817,ACC-00094,2026-05-30T13:39:00,14415.28,VRD,DEBIT,CARD,PURCHASE,EXT-VERDANA,Fictional Counterparty,VD,,DEV-0006,FALSE,Synthetic routine activity
TXN-0000818,ACC-00119,2026-05-30T13:39:00,13887.15,VRD,CREDIT,CARD,PURCHASE,EXT-VERDANA,Fictional Counterparty,VD,,DEV-0041,FALSE,Synthetic routine activity
TXN-0000819,ACC-00001,2026-05-30T15:55:00,9435.11,VRD,DEBIT,TRANSFER,TRANSFER,EXT-VERDANA,Fictional Counterparty,VD,,DEV-0007,FALSE,Synthetic routine activity
TXN-0000820,ACC-00026,2026-05-30T15:55:00,13545.72,VRD,DEBIT,TRANSFER,TRANSFER,EXT-VERDANA,Fictional Counterparty,VD,,DEV-0042,FALSE,Synthetic routine activity
TXN-0000821,ACC-00051,2026-05-30T15:55:00,14813.85,VRD,CREDIT,TRANSFER,TRANSFER,EXT-VERDANA,Fictional Counterparty,VD,,DEV-0017,FALSE,Synthetic routine activity
TXN-0000822,ACC-00078,2026-05-30T17:01:00,4444.27,VRD,DEBIT,TRANSFER,TRANSFER,EXT-VERDANA,Fictional Counterparty,VD,,DEV-0008,FALSE,Synthetic routine activity
TXN-0000823,ACC-00103,2026-05-30T17:01:00,12160.81,VRD,DEBIT,TRANSFER,TRANSFER,EXT-VERDANA,Fictional Counterparty,VD,,DEV-0043,FALSE,Synthetic routine activity
TXN-0000824,ACC-00128,2026-05-30T17:01:00,12934.84,VRD,DEBIT,TRANSFER,TRANSFER,EXT-VERDANA,Fictional Counterparty,VD,,DEV-0018,FALSE,Synthetic routine activity
TXN-0000825,ACC-00080,2026-05-31T08:20:00,8946.17,VRD,CREDIT,MOBILE,TRANSFER,EXT-VERDANA,Fictional Counterparty,VD,,DEV-0043,FALSE,Synthetic routine activity
TXN-0000826,ACC-00105,2026-05-31T08:20:00,10740.63,VRD,DEBIT,MOBILE,TRANSFER,EXT-VERDANA,Fictional Counterparty,VD,,DEV-0018,FALSE,Synthetic routine activity
TXN-0000827,ACC-00130,2026-05-31T08:20:00,13121.26,VRD,DEBIT,MOBILE,TRANSFER,EXT-VERDANA,Fictional Counterparty,VD,,DEV-0053,FALSE,Synthetic routine activity
TXN-0000828,ACC-00012,2026-05-31T10:36:00,9833.31,VRD,CREDIT,CARD,PURCHASE,EXT-VERDANA,Fictional Counterparty,VD,,DEV-0019,FALSE,Synthetic routine activity
TXN-0000829,ACC-00037,2026-05-31T10:36:00,11112.19,VRD,DEBIT,CARD,PURCHASE,EXT-VERDANA,Fictional Counterparty,VD,,DEV-0054,FALSE,Synthetic routine activity
TXN-0000830,ACC-00062,2026-05-31T10:36:00,3027.20,VRD,DEBIT,CARD,PURCHASE,EXT-VERDANA,Fictional Counterparty,VD,,DEV-0029,FALSE,Synthetic routine activity
TXN-0000831,ACC-00087,2026-05-31T10:36:00,6390.88,VRD,DEBIT,CARD,PURCHASE,EXT-VERDANA,Fictional Counterparty,VD,,DEV-0004,FALSE,Synthetic routine activity
TXN-0000832,ACC-00114,2026-05-31T12:42:00,5229.21,VRD,CREDIT,CARD,PURCHASE,EXT-VERDANA,Fictional Counterparty,VD,,DEV-0055,FALSE,Synthetic routine activity
TXN-0000833,ACC-00019,2026-05-31T12:52:00,13909.96,VRD,DEBIT,TRANSFER,TRANSFER,EXT-VERDANA,Fictional Counterparty,VD,,DEV-0040,FALSE,Synthetic routine activity
TXN-0000834,ACC-00046,2026-05-31T14:58:00,11137.52,VRD,CREDIT,TRANSFER,TRANSFER,EXT-VERDANA,Fictional Counterparty,VD,,DEV-0031,FALSE,Synthetic routine activity
TXN-0000835,ACC-00071,2026-05-31T14:58:00,6595.56,VRD,DEBIT,TRANSFER,TRANSFER,EXT-VERDANA,Fictional Counterparty,VD,,DEV-0006,FALSE,Synthetic routine activity
TXN-0000836,ACC-00096,2026-05-31T14:58:00,4785.46,VRD,DEBIT,TRANSFER,TRANSFER,EXT-VERDANA,Fictional Counterparty,VD,,DEV-0041,FALSE,Synthetic routine activity
TXN-0000837,ACC-00121,2026-05-31T14:58:00,11812.03,VRD,DEBIT,TRANSFER,TRANSFER,EXT-VERDANA,Fictional Counterparty,VD,,DEV-0016,FALSE,Synthetic routine activity
TXN-0000838,ACC-00003,2026-05-31T16:14:00,6727.35,VRD,DEBIT,MOBILE,TRANSFER,EXT-VERDANA,Fictional Counterparty,VD,,DEV-0042,FALSE,Synthetic routine activity
TXN-0000839,ACC-00028,2026-05-31T16:14:00,11988.35,VRD,DEBIT,MOBILE,TRANSFER,EXT-VERDANA,Fictional Counterparty,VD,,DEV-0017,FALSE,Synthetic routine activity
TXN-0000840,ACC-00053,2026-05-31T16:14:00,3078.47,VRD,DEBIT,MOBILE,TRANSFER,EXT-VERDANA,Fictional Counterparty,VD,,DEV-0052,FALSE,Synthetic routine activity
TXN-0000841,ACC-00107,2026-06-01T09:39:00,5461.30,VRD,CREDIT,CARD,PURCHASE,EXT-VERDANA,Fictional Counterparty,VD,,DEV-0053,FALSE,Synthetic routine activity
TXN-0000842,ACC-00039,2026-06-01T11:55:00,2992.63,VRD,CREDIT,TRANSFER,TRANSFER,EXT-VERDANA,Fictional Counterparty,VD,,DEV-0029,FALSE,Synthetic routine activity
TXN-0000843,ACC-00064,2026-06-01T11:55:00,13880.57,VRD,DEBIT,TRANSFER,TRANSFER,EXT-VERDANA,Fictional Counterparty,VD,,DEV-0004,FALSE,Synthetic routine activity
TXN-0000844,ACC-00089,2026-06-01T11:55:00,8508.11,VRD,DEBIT,TRANSFER,TRANSFER,EXT-VERDANA,Fictional Counterparty,VD,,DEV-0039,FALSE,Synthetic routine activity
TXN-0000845,ACC-00021,2026-06-01T13:11:00,12817.31,VRD,DEBIT,MOBILE,TRANSFER,EXT-VERDANA,Fictional Counterparty,VD,,DEV-0015,FALSE,Synthetic routine activity
TXN-0000846,ACC-00073,2026-06-01T15:17:00,9577.73,VRD,CREDIT,MOBILE,TRANSFER,EXT-VERDANA,Fictional Counterparty,VD,,DEV-0041,FALSE,Synthetic routine activity
TXN-0000847,ACC-00098,2026-06-01T15:17:00,604.52,VRD,DEBIT,MOBILE,TRANSFER,EXT-VERDANA,Fictional Counterparty,VD,,DEV-0016,FALSE,Synthetic routine activity
TXN-0000848,ACC-00123,2026-06-01T15:17:00,5577.10,VRD,DEBIT,MOBILE,TRANSFER,EXT-VERDANA,Fictional Counterparty,VD,,DEV-0051,FALSE,Synthetic routine activity
TXN-0000849,ACC-00005,2026-06-01T17:33:00,8585.11,VRD,CREDIT,CARD,PURCHASE,EXT-VERDANA,Fictional Counterparty,VD,,DEV-0017,FALSE,Synthetic routine activity
TXN-0000850,ACC-00030,2026-06-01T17:33:00,5353.29,VRD,DEBIT,CARD,PURCHASE,EXT-VERDANA,Fictional Counterparty,VD,,DEV-0052,FALSE,Synthetic routine activity
TXN-0000851,ACC-00055,2026-06-01T17:33:00,13708.45,VRD,DEBIT,CARD,PURCHASE,EXT-VERDANA,Fictional Counterparty,VD,,DEV-0027,FALSE,Synthetic routine activity
TXN-0000852,ACC-00007,2026-06-02T08:52:00,4423.07,VRD,DEBIT,TRANSFER,TRANSFER,EXT-VERDANA,Fictional Counterparty,VD,,DEV-0052,FALSE,Synthetic routine activity
TXN-0000853,ACC-00032,2026-06-02T08:52:00,12996.26,VRD,CREDIT,TRANSFER,TRANSFER,EXT-VERDANA,Fictional Counterparty,VD,,DEV-0027,FALSE,Synthetic routine activity
TXN-0000854,ACC-00057,2026-06-02T08:52:00,11239.09,VRD,DEBIT,TRANSFER,TRANSFER,EXT-VERDANA,Fictional Counterparty,VD,,DEV-0002,FALSE,Synthetic routine activity
TXN-0000855,ACC-00109,2026-06-02T10:58:00,902.61,VRD,DEBIT,TRANSFER,TRANSFER,EXT-VERDANA,Fictional Counterparty,VD,,DEV-0028,FALSE,Synthetic routine activity
TXN-0000856,ACC-00041,2026-06-02T12:14:00,2885.31,VRD,DEBIT,MOBILE,TRANSFER,EXT-VERDANA,Fictional Counterparty,VD,,DEV-0004,FALSE,Synthetic routine activity
TXN-0000857,ACC-00066,2026-06-02T12:14:00,2852.37,VRD,CREDIT,MOBILE,TRANSFER,EXT-VERDANA,Fictional Counterparty,VD,,DEV-0039,FALSE,Synthetic routine activity
TXN-0000858,ACC-00091,2026-06-02T12:14:00,14177.00,VRD,DEBIT,MOBILE,TRANSFER,EXT-VERDANA,Fictional Counterparty,VD,,DEV-0014,FALSE,Synthetic routine activity
TXN-0000859,ACC-00023,2026-06-02T14:30:00,6007.85,VRD,DEBIT,CARD,PURCHASE,EXT-VERDANA,Fictional Counterparty,VD,,DEV-0050,FALSE,Synthetic routine activity
TXN-0000860,ACC-00075,2026-06-02T16:36:00,11001.21,VRD,DEBIT,CARD,PURCHASE,EXT-VERDANA,Fictional Counterparty,VD,,DEV-0016,FALSE,Synthetic routine activity
TXN-0000861,ACC-00100,2026-06-02T16:36:00,6713.48,VRD,CREDIT,CARD,PURCHASE,EXT-VERDANA,Fictional Counterparty,VD,,DEV-0051,FALSE,Synthetic routine activity
TXN-0000862,ACC-00125,2026-06-02T16:36:00,10781.09,VRD,DEBIT,CARD,PURCHASE,EXT-VERDANA,Fictional Counterparty,VD,,DEV-0026,FALSE,Synthetic routine activity
TXN-0000863,ACC-00009,2026-06-03T09:11:00,9940.60,VRD,DEBIT,MOBILE,TRANSFER,EXT-VERDANA,Fictional Counterparty,VD,,DEV-0027,FALSE,Synthetic routine activity
TXN-0000864,ACC-00034,2026-06-03T09:11:00,7578.94,VRD,DEBIT,MOBILE,TRANSFER,EXT-VERDANA,Fictional Counterparty,VD,,DEV-0002,FALSE,Synthetic routine activity
TXN-0000865,ACC-00059,2026-06-03T09:11:00,12203.10,VRD,CREDIT,MOBILE,TRANSFER,EXT-VERDANA,Fictional Counterparty,VD,,DEV-0037,FALSE,Synthetic routine activity
TXN-0000866,ACC-00084,2026-06-03T09:11:00,9516.20,VRD,DEBIT,MOBILE,TRANSFER,EXT-VERDANA,Fictional Counterparty,VD,,DEV-0012,FALSE,Synthetic routine activity
TXN-0000867,ACC-00111,2026-06-03T11:17:00,12030.08,VRD,DEBIT,MOBILE,TRANSFER,EXT-VERDANA,Fictional Counterparty,VD,,DEV-0003,FALSE,Synthetic routine activity
TXN-0000868,ACC-00016,2026-06-03T11:27:00,6253.82,VRD,DEBIT,CARD,PURCHASE,EXT-VERDANA,Fictional Counterparty,VD,,DEV-0048,FALSE,Synthetic routine activity
TXN-0000869,ACC-00043,2026-06-03T13:33:00,1303.77,VRD,DEBIT,CARD,PURCHASE,EXT-VERDANA,Fictional Counterparty,VD,,DEV-0039,FALSE,Synthetic routine activity
TXN-0000870,ACC-00068,2026-06-03T13:33:00,13461.25,VRD,DEBIT,CARD,PURCHASE,EXT-VERDANA,Fictional Counterparty,VD,,DEV-0014,FALSE,Synthetic routine activity
TXN-0000871,ACC-00093,2026-06-03T13:33:00,11316.66,VRD,CREDIT,CARD,PURCHASE,EXT-VERDANA,Fictional Counterparty,VD,,DEV-0049,FALSE,Synthetic routine activity
TXN-0000872,ACC-00118,2026-06-03T13:33:00,6405.32,VRD,DEBIT,CARD,PURCHASE,EXT-VERDANA,Fictional Counterparty,VD,,DEV-0024,FALSE,Synthetic routine activity
TXN-0000873,ACC-00025,2026-06-03T15:49:00,13064.47,VRD,CREDIT,TRANSFER,TRANSFER,EXT-VERDANA,Fictional Counterparty,VD,,DEV-0025,FALSE,Synthetic routine activity
TXN-0000874,ACC-00050,2026-06-03T15:49:00,7032.53,VRD,DEBIT,TRANSFER,TRANSFER,EXT-VERDANA,Fictional Counterparty,VD,,DEV-0060,FALSE,Synthetic routine activity
TXN-0000875,ACC-00077,2026-06-03T17:55:00,2507.34,VRD,DEBIT,TRANSFER,TRANSFER,EXT-VERDANA,Fictional Counterparty,VD,,DEV-0051,FALSE,Synthetic routine activity
TXN-0000876,ACC-00102,2026-06-03T17:55:00,6080.77,VRD,DEBIT,TRANSFER,TRANSFER,EXT-VERDANA,Fictional Counterparty,VD,,DEV-0026,FALSE,Synthetic routine activity
TXN-0000877,ACC-00127,2026-06-03T17:55:00,630.47,VRD,CREDIT,TRANSFER,TRANSFER,EXT-VERDANA,Fictional Counterparty,VD,,DEV-0001,FALSE,Synthetic routine activity
TXN-0000878,ACC-00079,2026-06-04T08:14:00,8761.57,VRD,DEBIT,MOBILE,TRANSFER,EXT-VERDANA,Fictional Counterparty,VD,,DEV-0026,FALSE,Synthetic routine activity
TXN-0000879,ACC-00104,2026-06-04T08:14:00,702.37,VRD,DEBIT,MOBILE,TRANSFER,EXT-VERDANA,Fictional Counterparty,VD,,DEV-0001,FALSE,Synthetic routine activity
TXN-0000880,ACC-00129,2026-06-04T08:14:00,7626.84,VRD,DEBIT,MOBILE,TRANSFER,EXT-VERDANA,Fictional Counterparty,VD,,DEV-0036,FALSE,Synthetic routine activity
TXN-0000881,ACC-00011,2026-06-04T10:30:00,11344.91,VRD,DEBIT,CARD,PURCHASE,EXT-VERDANA,Fictional Counterparty,VD,,DEV-0002,FALSE,Synthetic routine activity
TXN-0000882,ACC-00036,2026-06-04T10:30:00,8994.46,VRD,DEBIT,CARD,PURCHASE,EXT-VERDANA,Fictional Counterparty,VD,,DEV-0037,FALSE,Synthetic routine activity
TXN-0000883,ACC-00061,2026-06-04T10:30:00,11484.54,VRD,DEBIT,CARD,PURCHASE,EXT-VERDANA,Fictional Counterparty,VD,,DEV-0012,FALSE,Synthetic routine activity
TXN-0000884,ACC-00086,2026-06-04T10:30:00,12907.24,VRD,CREDIT,CARD,PURCHASE,EXT-VERDANA,Fictional Counterparty,VD,,DEV-0047,FALSE,Synthetic routine activity
TXN-0000885,ACC-00113,2026-06-04T12:36:00,14295.57,VRD,DEBIT,CARD,PURCHASE,EXT-VERDANA,Fictional Counterparty,VD,,DEV-0038,FALSE,Synthetic routine activity
TXN-0000886,ACC-00018,2026-06-04T12:46:00,9824.38,VRD,CREDIT,TRANSFER,TRANSFER,EXT-VERDANA,Fictional Counterparty,VD,,DEV-0023,FALSE,Synthetic routine activity
TXN-0000887,ACC-00045,2026-06-04T14:52:00,13454.50,VRD,DEBIT,TRANSFER,TRANSFER,EXT-VERDANA,Fictional Counterparty,VD,,DEV-0014,FALSE,Synthetic routine activity
TXN-0000888,ACC-00070,2026-06-04T14:52:00,13467.07,VRD,DEBIT,TRANSFER,TRANSFER,EXT-VERDANA,Fictional Counterparty,VD,,DEV-0049,FALSE,Synthetic routine activity
TXN-0000889,ACC-00095,2026-06-04T14:52:00,10126.92,VRD,DEBIT,TRANSFER,TRANSFER,EXT-VERDANA,Fictional Counterparty,VD,,DEV-0024,FALSE,Synthetic routine activity
TXN-0000890,ACC-00120,2026-06-04T14:52:00,12336.27,VRD,CREDIT,TRANSFER,TRANSFER,EXT-VERDANA,Fictional Counterparty,VD,,DEV-0059,FALSE,Synthetic routine activity
TXN-0000891,ACC-00002,2026-06-04T16:08:00,6724.12,VRD,DEBIT,MOBILE,TRANSFER,EXT-VERDANA,Fictional Counterparty,VD,,DEV-0025,FALSE,Synthetic routine activity
TXN-0000892,ACC-00027,2026-06-04T16:08:00,8116.55,VRD,DEBIT,MOBILE,TRANSFER,EXT-VERDANA,Fictional Counterparty,VD,,DEV-0060,FALSE,Synthetic routine activity
TXN-0000893,ACC-00052,2026-06-04T16:08:00,11029.71,VRD,CREDIT,MOBILE,TRANSFER,EXT-VERDANA,Fictional Counterparty,VD,,DEV-0035,FALSE,Synthetic routine activity
TXN-0000894,ACC-00081,2026-06-05T09:33:00,4850.83,VRD,CREDIT,CARD,PURCHASE,EXT-VERDANA,Fictional Counterparty,VD,,DEV-0001,FALSE,Synthetic routine activity
TXN-0000895,ACC-00106,2026-06-05T09:33:00,8544.73,VRD,DEBIT,CARD,PURCHASE,EXT-VERDANA,Fictional Counterparty,VD,,DEV-0036,FALSE,Synthetic routine activity
TXN-0000896,ACC-00013,2026-06-05T11:49:00,3992.64,VRD,CREDIT,TRANSFER,TRANSFER,EXT-VERDANA,Fictional Counterparty,VD,,DEV-0037,FALSE,Synthetic routine activity
TXN-0000897,ACC-00038,2026-06-05T11:49:00,10001.84,VRD,DEBIT,TRANSFER,TRANSFER,EXT-VERDANA,Fictional Counterparty,VD,,DEV-0012,FALSE,Synthetic routine activity
TXN-0000898,ACC-00063,2026-06-05T11:49:00,5116.99,VRD,DEBIT,TRANSFER,TRANSFER,EXT-VERDANA,Fictional Counterparty,VD,,DEV-0047,FALSE,Synthetic routine activity
TXN-0000899,ACC-00088,2026-06-05T11:49:00,13639.85,VRD,DEBIT,TRANSFER,TRANSFER,EXT-VERDANA,Fictional Counterparty,VD,,DEV-0022,FALSE,Synthetic routine activity
TXN-0000900,ACC-00020,2026-06-05T13:05:00,7465.28,VRD,DEBIT,MOBILE,TRANSFER,EXT-VERDANA,Fictional Counterparty,VD,,DEV-0058,FALSE,Synthetic routine activity
TXN-0000901,ACC-00115,2026-06-05T13:55:00,6211.11,VRD,CREDIT,TRANSFER,TRANSFER,EXT-VERDANA,Fictional Counterparty,VD,,DEV-0013,FALSE,Synthetic routine activity
TXN-0000902,ACC-00047,2026-06-05T15:11:00,4059.56,VRD,CREDIT,MOBILE,TRANSFER,EXT-VERDANA,Fictional Counterparty,VD,,DEV-0049,FALSE,Synthetic routine activity
TXN-0000903,ACC-00072,2026-06-05T15:11:00,7906.22,VRD,DEBIT,MOBILE,TRANSFER,EXT-VERDANA,Fictional Counterparty,VD,,DEV-0024,FALSE,Synthetic routine activity
TXN-0000904,ACC-00097,2026-06-05T15:11:00,14153.31,VRD,DEBIT,MOBILE,TRANSFER,EXT-VERDANA,Fictional Counterparty,VD,,DEV-0059,FALSE,Synthetic routine activity
TXN-0000905,ACC-00122,2026-06-05T15:11:00,9451.87,VRD,DEBIT,MOBILE,TRANSFER,EXT-VERDANA,Fictional Counterparty,VD,,DEV-0034,FALSE,Synthetic routine activity
TXN-0000906,ACC-00004,2026-06-05T17:27:00,4252.04,VRD,DEBIT,CARD,PURCHASE,EXT-VERDANA,Fictional Counterparty,VD,,DEV-0060,FALSE,Synthetic routine activity
TXN-0000907,ACC-00029,2026-06-05T17:27:00,7471.95,VRD,DEBIT,CARD,PURCHASE,EXT-VERDANA,Fictional Counterparty,VD,,DEV-0035,FALSE,Synthetic routine activity
TXN-0000908,ACC-00054,2026-06-05T17:27:00,10217.62,VRD,DEBIT,CARD,PURCHASE,EXT-VERDANA,Fictional Counterparty,VD,,DEV-0010,FALSE,Synthetic routine activity
TXN-0000909,ACC-00006,2026-06-06T08:46:00,3091.58,VRD,CREDIT,TRANSFER,TRANSFER,EXT-VERDANA,Fictional Counterparty,VD,,DEV-0035,FALSE,Synthetic routine activity
TXN-0000910,ACC-00031,2026-06-06T08:46:00,1713.73,VRD,DEBIT,TRANSFER,TRANSFER,EXT-VERDANA,Fictional Counterparty,VD,,DEV-0010,FALSE,Synthetic routine activity
TXN-0000911,ACC-00056,2026-06-06T08:46:00,9084.10,VRD,DEBIT,TRANSFER,TRANSFER,EXT-VERDANA,Fictional Counterparty,VD,,DEV-0045,FALSE,Synthetic routine activity
TXN-0000912,ACC-00108,2026-06-06T10:52:00,1225.72,VRD,CREDIT,TRANSFER,TRANSFER,EXT-VERDANA,Fictional Counterparty,VD,,DEV-0011,FALSE,Synthetic routine activity
TXN-0000913,ACC-00040,2026-06-06T12:08:00,10769.91,VRD,CREDIT,MOBILE,TRANSFER,EXT-VERDANA,Fictional Counterparty,VD,,DEV-0047,FALSE,Synthetic routine activity
TXN-0000914,ACC-00065,2026-06-06T12:08:00,1798.02,VRD,DEBIT,MOBILE,TRANSFER,EXT-VERDANA,Fictional Counterparty,VD,,DEV-0022,FALSE,Synthetic routine activity
TXN-0000915,ACC-00090,2026-06-06T12:08:00,8234.04,VRD,DEBIT,MOBILE,TRANSFER,EXT-VERDANA,Fictional Counterparty,VD,,DEV-0057,FALSE,Synthetic routine activity
TXN-0000916,ACC-00022,2026-06-06T14:24:00,7312.07,VRD,DEBIT,CARD,PURCHASE,EXT-VERDANA,Fictional Counterparty,VD,,DEV-0033,FALSE,Synthetic routine activity
TXN-0000917,ACC-00074,2026-06-06T16:30:00,10130.23,VRD,CREDIT,CARD,PURCHASE,EXT-VERDANA,Fictional Counterparty,VD,,DEV-0059,FALSE,Synthetic routine activity
TXN-0000918,ACC-00099,2026-06-06T16:30:00,11543.55,VRD,DEBIT,CARD,PURCHASE,EXT-VERDANA,Fictional Counterparty,VD,,DEV-0034,FALSE,Synthetic routine activity
TXN-0000919,ACC-00124,2026-06-06T16:30:00,3377.15,VRD,DEBIT,CARD,PURCHASE,EXT-VERDANA,Fictional Counterparty,VD,,DEV-0009,FALSE,Synthetic routine activity
TXN-0000920,ACC-00008,2026-06-07T09:05:00,8979.57,VRD,DEBIT,MOBILE,TRANSFER,EXT-VERDANA,Fictional Counterparty,VD,,DEV-0010,FALSE,Synthetic routine activity
TXN-0000921,ACC-00033,2026-06-07T09:05:00,13671.25,VRD,CREDIT,MOBILE,TRANSFER,EXT-VERDANA,Fictional Counterparty,VD,,DEV-0045,FALSE,Synthetic routine activity
TXN-0000922,ACC-00058,2026-06-07T09:05:00,8065.57,VRD,DEBIT,MOBILE,TRANSFER,EXT-VERDANA,Fictional Counterparty,VD,,DEV-0020,FALSE,Synthetic routine activity
TXN-0000923,ACC-00110,2026-06-07T11:11:00,12632.31,VRD,DEBIT,MOBILE,TRANSFER,EXT-VERDANA,Fictional Counterparty,VD,,DEV-0046,FALSE,Synthetic routine activity
TXN-0000924,ACC-00042,2026-06-07T13:27:00,6161.75,VRD,DEBIT,CARD,PURCHASE,EXT-VERDANA,Fictional Counterparty,VD,,DEV-0022,FALSE,Synthetic routine activity
TXN-0000925,ACC-00067,2026-06-07T13:27:00,12508.84,VRD,CREDIT,CARD,PURCHASE,EXT-VERDANA,Fictional Counterparty,VD,,DEV-0057,FALSE,Synthetic routine activity
TXN-0000926,ACC-00092,2026-06-07T13:27:00,7814.76,VRD,DEBIT,CARD,PURCHASE,EXT-VERDANA,Fictional Counterparty,VD,,DEV-0032,FALSE,Synthetic routine activity
TXN-0000927,ACC-00024,2026-06-07T15:43:00,14130.53,VRD,DEBIT,TRANSFER,TRANSFER,EXT-VERDANA,Fictional Counterparty,VD,,DEV-0008,FALSE,Synthetic routine activity
TXN-0000928,ACC-00076,2026-06-07T17:49:00,13684.87,VRD,DEBIT,TRANSFER,TRANSFER,EXT-VERDANA,Fictional Counterparty,VD,,DEV-0034,FALSE,Synthetic routine activity
TXN-0000929,ACC-00101,2026-06-07T17:49:00,756.26,VRD,CREDIT,TRANSFER,TRANSFER,EXT-VERDANA,Fictional Counterparty,VD,,DEV-0009,FALSE,Synthetic routine activity
TXN-0000930,ACC-00126,2026-06-07T17:49:00,12635.83,VRD,DEBIT,TRANSFER,TRANSFER,EXT-VERDANA,Fictional Counterparty,VD,,DEV-0044,FALSE,Synthetic routine activity
TXN-0000931,ACC-00078,2026-06-08T08:08:00,10057.45,VRD,DEBIT,MOBILE,TRANSFER,EXT-VERDANA,Fictional Counterparty,VD,,DEV-0009,FALSE,Synthetic routine activity
TXN-0000932,ACC-00103,2026-06-08T08:08:00,3027.94,VRD,DEBIT,MOBILE,TRANSFER,EXT-VERDANA,Fictional Counterparty,VD,,DEV-0044,FALSE,Synthetic routine activity
TXN-0000933,ACC-00128,2026-06-08T08:08:00,6664.94,VRD,CREDIT,MOBILE,TRANSFER,EXT-VERDANA,Fictional Counterparty,VD,,DEV-0019,FALSE,Synthetic routine activity
TXN-0000934,ACC-00010,2026-06-08T10:24:00,4592.09,VRD,DEBIT,CARD,PURCHASE,EXT-VERDANA,Fictional Counterparty,VD,,DEV-0045,FALSE,Synthetic routine activity
TXN-0000935,ACC-00035,2026-06-08T10:24:00,5960.41,VRD,DEBIT,CARD,PURCHASE,EXT-VERDANA,Fictional Counterparty,VD,,DEV-0020,FALSE,Synthetic routine activity
TXN-0000936,ACC-00060,2026-06-08T10:24:00,12357.84,VRD,CREDIT,CARD,PURCHASE,EXT-VERDANA,Fictional Counterparty,VD,,DEV-0055,FALSE,Synthetic routine activity
TXN-0000937,ACC-00085,2026-06-08T10:24:00,14864.04,VRD,DEBIT,CARD,PURCHASE,EXT-VERDANA,Fictional Counterparty,VD,,DEV-0030,FALSE,Synthetic routine activity
TXN-0000938,ACC-00112,2026-06-08T12:30:00,1888.86,VRD,DEBIT,CARD,PURCHASE,EXT-VERDANA,Fictional Counterparty,VD,,DEV-0021,FALSE,Synthetic routine activity
TXN-0000939,ACC-00017,2026-06-08T12:40:00,12656.94,VRD,DEBIT,TRANSFER,TRANSFER,EXT-VERDANA,Fictional Counterparty,VD,,DEV-0006,FALSE,Synthetic routine activity
TXN-0000940,ACC-00044,2026-06-08T14:46:00,5335.41,VRD,DEBIT,TRANSFER,TRANSFER,EXT-VERDANA,Fictional Counterparty,VD,,DEV-0057,FALSE,Synthetic routine activity
TXN-0000941,ACC-00069,2026-06-08T14:46:00,4869.10,VRD,DEBIT,TRANSFER,TRANSFER,EXT-VERDANA,Fictional Counterparty,VD,,DEV-0032,FALSE,Synthetic routine activity
TXN-0000942,ACC-00094,2026-06-08T14:46:00,5427.90,VRD,CREDIT,TRANSFER,TRANSFER,EXT-VERDANA,Fictional Counterparty,VD,,DEV-0007,FALSE,Synthetic routine activity
TXN-0000943,ACC-00119,2026-06-08T14:46:00,14595.54,VRD,DEBIT,TRANSFER,TRANSFER,EXT-VERDANA,Fictional Counterparty,VD,,DEV-0042,FALSE,Synthetic routine activity
TXN-0000944,ACC-00001,2026-06-08T16:02:00,10174.54,VRD,DEBIT,MOBILE,TRANSFER,EXT-VERDANA,Fictional Counterparty,VD,,DEV-0008,FALSE,Synthetic routine activity
TXN-0000945,ACC-00026,2026-06-08T16:02:00,13322.05,VRD,CREDIT,MOBILE,TRANSFER,EXT-VERDANA,Fictional Counterparty,VD,,DEV-0043,FALSE,Synthetic routine activity
TXN-0000946,ACC-00051,2026-06-08T16:02:00,12792.54,VRD,DEBIT,MOBILE,TRANSFER,EXT-VERDANA,Fictional Counterparty,VD,,DEV-0018,FALSE,Synthetic routine activity
TXN-0000947,ACC-00080,2026-06-09T09:27:00,5873.78,VRD,DEBIT,CARD,PURCHASE,EXT-VERDANA,Fictional Counterparty,VD,,DEV-0044,FALSE,Synthetic routine activity
TXN-0000948,ACC-00105,2026-06-09T09:27:00,10228.78,VRD,DEBIT,CARD,PURCHASE,EXT-VERDANA,Fictional Counterparty,VD,,DEV-0019,FALSE,Synthetic routine activity
TXN-0000949,ACC-00130,2026-06-09T09:27:00,7904.39,VRD,DEBIT,CARD,PURCHASE,EXT-VERDANA,Fictional Counterparty,VD,,DEV-0054,FALSE,Synthetic routine activity
TXN-0000950,ACC-00012,2026-06-09T11:43:00,9985.76,VRD,DEBIT,TRANSFER,TRANSFER,EXT-VERDANA,Fictional Counterparty,VD,,DEV-0020,FALSE,Synthetic routine activity
TXN-0000951,ACC-00037,2026-06-09T11:43:00,8665.91,VRD,DEBIT,TRANSFER,TRANSFER,EXT-VERDANA,Fictional Counterparty,VD,,DEV-0055,FALSE,Synthetic routine activity
TXN-0000952,ACC-00062,2026-06-09T11:43:00,3462.88,VRD,DEBIT,TRANSFER,TRANSFER,EXT-VERDANA,Fictional Counterparty,VD,,DEV-0030,FALSE,Synthetic routine activity
TXN-0000953,ACC-00087,2026-06-09T11:43:00,4371.07,VRD,CREDIT,TRANSFER,TRANSFER,EXT-VERDANA,Fictional Counterparty,VD,,DEV-0005,FALSE,Synthetic routine activity
TXN-0000954,ACC-00114,2026-06-09T13:49:00,13291.58,VRD,DEBIT,TRANSFER,TRANSFER,EXT-VERDANA,Fictional Counterparty,VD,,DEV-0056,FALSE,Synthetic routine activity
TXN-0000955,ACC-00019,2026-06-09T13:59:00,4348.86,VRD,CREDIT,MOBILE,TRANSFER,EXT-VERDANA,Fictional Counterparty,VD,,DEV-0041,FALSE,Synthetic routine activity
TXN-0000956,ACC-00046,2026-06-09T15:05:00,2411.17,VRD,DEBIT,MOBILE,TRANSFER,EXT-VERDANA,Fictional Counterparty,VD,,DEV-0032,FALSE,Synthetic routine activity
TXN-0000957,ACC-00071,2026-06-09T15:05:00,13002.09,VRD,DEBIT,MOBILE,TRANSFER,EXT-VERDANA,Fictional Counterparty,VD,,DEV-0007,FALSE,Synthetic routine activity
TXN-0000958,ACC-00096,2026-06-09T15:05:00,8901.63,VRD,DEBIT,MOBILE,TRANSFER,EXT-VERDANA,Fictional Counterparty,VD,,DEV-0042,FALSE,Synthetic routine activity
TXN-0000959,ACC-00121,2026-06-09T15:05:00,14391.84,VRD,CREDIT,MOBILE,TRANSFER,EXT-VERDANA,Fictional Counterparty,VD,,DEV-0017,FALSE,Synthetic routine activity
TXN-0000960,ACC-00003,2026-06-09T17:21:00,7928.81,VRD,DEBIT,CARD,PURCHASE,EXT-VERDANA,Fictional Counterparty,VD,,DEV-0043,FALSE,Synthetic routine activity
TXN-0000961,ACC-00028,2026-06-09T17:21:00,9606.01,VRD,DEBIT,CARD,PURCHASE,EXT-VERDANA,Fictional Counterparty,VD,,DEV-0018,FALSE,Synthetic routine activity
TXN-0000962,ACC-00053,2026-06-09T17:21:00,5605.92,VRD,CREDIT,CARD,PURCHASE,EXT-VERDANA,Fictional Counterparty,VD,,DEV-0053,FALSE,Synthetic routine activity
TXN-0000963,ACC-00005,2026-06-10T08:40:00,12882.06,VRD,DEBIT,TRANSFER,TRANSFER,EXT-VERDANA,Fictional Counterparty,VD,,DEV-0018,FALSE,Synthetic routine activity
TXN-0000964,ACC-00030,2026-06-10T08:40:00,6412.22,VRD,DEBIT,TRANSFER,TRANSFER,EXT-VERDANA,Fictional Counterparty,VD,,DEV-0053,FALSE,Synthetic routine activity
TXN-0000965,ACC-00055,2026-06-10T08:40:00,1680.50,VRD,DEBIT,TRANSFER,TRANSFER,EXT-VERDANA,Fictional Counterparty,VD,,DEV-0028,FALSE,Synthetic routine activity
TXN-0000966,ACC-00082,2026-06-10T10:46:00,13197.78,VRD,CREDIT,TRANSFER,TRANSFER,EXT-VERDANA,Fictional Counterparty,VD,,DEV-0019,FALSE,Synthetic routine activity
TXN-0000967,ACC-00107,2026-06-10T10:46:00,4639.84,VRD,DEBIT,TRANSFER,TRANSFER,EXT-VERDANA,Fictional Counterparty,VD,,DEV-0054,FALSE,Synthetic routine activity
TXN-0000968,ACC-00014,2026-06-10T12:02:00,12257.43,VRD,CREDIT,MOBILE,TRANSFER,EXT-VERDANA,Fictional Counterparty,VD,,DEV-0055,FALSE,Synthetic routine activity
TXN-0000969,ACC-00039,2026-06-10T12:02:00,1106.16,VRD,DEBIT,MOBILE,TRANSFER,EXT-VERDANA,Fictional Counterparty,VD,,DEV-0030,FALSE,Synthetic routine activity
TXN-0000970,ACC-00064,2026-06-10T12:02:00,14993.44,VRD,DEBIT,MOBILE,TRANSFER,EXT-VERDANA,Fictional Counterparty,VD,,DEV-0005,FALSE,Synthetic routine activity
TXN-0000971,ACC-00089,2026-06-10T12:02:00,8861.57,VRD,DEBIT,MOBILE,TRANSFER,EXT-VERDANA,Fictional Counterparty,VD,,DEV-0040,FALSE,Synthetic routine activity
TXN-0000972,ACC-00116,2026-06-10T14:08:00,4880.65,VRD,CREDIT,MOBILE,TRANSFER,EXT-VERDANA,Fictional Counterparty,VD,,DEV-0031,FALSE,Synthetic routine activity
TXN-0000973,ACC-00021,2026-06-10T14:18:00,14260.81,VRD,DEBIT,CARD,PURCHASE,EXT-VERDANA,Fictional Counterparty,VD,,DEV-0016,FALSE,Synthetic routine activity
TXN-0000974,ACC-00048,2026-06-10T16:24:00,9580.26,VRD,CREDIT,CARD,PURCHASE,EXT-VERDANA,Fictional Counterparty,VD,,DEV-0007,FALSE,Synthetic routine activity
TXN-0000975,ACC-00073,2026-06-10T16:24:00,6544.59,VRD,DEBIT,CARD,PURCHASE,EXT-VERDANA,Fictional Counterparty,VD,,DEV-0042,FALSE,Synthetic routine activity
TXN-0000976,ACC-00098,2026-06-10T16:24:00,2752.80,VRD,DEBIT,CARD,PURCHASE,EXT-VERDANA,Fictional Counterparty,VD,,DEV-0017,FALSE,Synthetic routine activity
TXN-0000977,ACC-00123,2026-06-10T16:24:00,8877.26,VRD,DEBIT,CARD,PURCHASE,EXT-VERDANA,Fictional Counterparty,VD,,DEV-0052,FALSE,Synthetic routine activity
TXN-0000978,ACC-00007,2026-06-11T09:59:00,4446.72,VRD,CREDIT,MOBILE,TRANSFER,EXT-VERDANA,Fictional Counterparty,VD,,DEV-0053,FALSE,Synthetic routine activity
TXN-0000979,ACC-00032,2026-06-11T09:59:00,10748.27,VRD,DEBIT,MOBILE,TRANSFER,EXT-VERDANA,Fictional Counterparty,VD,,DEV-0028,FALSE,Synthetic routine activity
TXN-0000980,ACC-00057,2026-06-11T09:59:00,3402.98,VRD,DEBIT,MOBILE,TRANSFER,EXT-VERDANA,Fictional Counterparty,VD,,DEV-0003,FALSE,Synthetic routine activity
TXN-0000981,ACC-00109,2026-06-11T11:05:00,2212.37,VRD,CREDIT,MOBILE,TRANSFER,EXT-VERDANA,Fictional Counterparty,VD,,DEV-0029,FALSE,Synthetic routine activity
TXN-0000982,ACC-00041,2026-06-11T13:21:00,9202.52,VRD,CREDIT,CARD,PURCHASE,EXT-VERDANA,Fictional Counterparty,VD,,DEV-0005,FALSE,Synthetic routine activity
TXN-0000983,ACC-00066,2026-06-11T13:21:00,7532.00,VRD,DEBIT,CARD,PURCHASE,EXT-VERDANA,Fictional Counterparty,VD,,DEV-0040,FALSE,Synthetic routine activity
TXN-0000984,ACC-00091,2026-06-11T13:21:00,12889.02,VRD,DEBIT,CARD,PURCHASE,EXT-VERDANA,Fictional Counterparty,VD,,DEV-0015,FALSE,Synthetic routine activity
TXN-0000985,ACC-00023,2026-06-11T15:37:00,11627.51,VRD,DEBIT,TRANSFER,TRANSFER,EXT-VERDANA,Fictional Counterparty,VD,,DEV-0051,FALSE,Synthetic routine activity
TXN-0000986,ACC-00075,2026-06-11T17:43:00,10196.74,VRD,CREDIT,TRANSFER,TRANSFER,EXT-VERDANA,Fictional Counterparty,VD,,DEV-0017,FALSE,Synthetic routine activity
TXN-0000987,ACC-00100,2026-06-11T17:43:00,9555.60,VRD,DEBIT,TRANSFER,TRANSFER,EXT-VERDANA,Fictional Counterparty,VD,,DEV-0052,FALSE,Synthetic routine activity
TXN-0000988,ACC-00125,2026-06-11T17:43:00,8628.58,VRD,DEBIT,TRANSFER,TRANSFER,EXT-VERDANA,Fictional Counterparty,VD,,DEV-0027,FALSE,Synthetic routine activity
TXN-0000989,ACC-00077,2026-06-12T08:02:00,7866.31,VRD,DEBIT,MOBILE,TRANSFER,EXT-VERDANA,Fictional Counterparty,VD,,DEV-0052,FALSE,Synthetic routine activity
TXN-0000990,ACC-00102,2026-06-12T08:02:00,13099.78,VRD,CREDIT,MOBILE,TRANSFER,EXT-VERDANA,Fictional Counterparty,VD,,DEV-0027,FALSE,Synthetic routine activity
TXN-0000991,ACC-00127,2026-06-12T08:02:00,3787.37,VRD,DEBIT,MOBILE,TRANSFER,EXT-VERDANA,Fictional Counterparty,VD,,DEV-0002,FALSE,Synthetic routine activity
TXN-0000992,ACC-00009,2026-06-12T10:18:00,4481.60,VRD,DEBIT,CARD,PURCHASE,EXT-VERDANA,Fictional Counterparty,VD,,DEV-0028,FALSE,Synthetic routine activity
TXN-0000993,ACC-00034,2026-06-12T10:18:00,5780.77,VRD,CREDIT,CARD,PURCHASE,EXT-VERDANA,Fictional Counterparty,VD,,DEV-0003,FALSE,Synthetic routine activity
TXN-0000994,ACC-00059,2026-06-12T10:18:00,8766.82,VRD,DEBIT,CARD,PURCHASE,EXT-VERDANA,Fictional Counterparty,VD,,DEV-0038,FALSE,Synthetic routine activity
TXN-0000995,ACC-00111,2026-06-12T12:24:00,9959.13,VRD,DEBIT,CARD,PURCHASE,EXT-VERDANA,Fictional Counterparty,VD,,DEV-0004,FALSE,Synthetic routine activity
TXN-0000996,ACC-00043,2026-06-12T14:40:00,12708.63,VRD,DEBIT,TRANSFER,TRANSFER,EXT-VERDANA,Fictional Counterparty,VD,,DEV-0040,FALSE,Synthetic routine activity
TXN-0000997,ACC-00068,2026-06-12T14:40:00,1186.40,VRD,CREDIT,TRANSFER,TRANSFER,EXT-VERDANA,Fictional Counterparty,VD,,DEV-0015,FALSE,Synthetic routine activity
TXN-0000998,ACC-00093,2026-06-12T14:40:00,4121.52,VRD,DEBIT,TRANSFER,TRANSFER,EXT-VERDANA,Fictional Counterparty,VD,,DEV-0050,FALSE,Synthetic routine activity
TXN-0000999,ACC-00025,2026-06-12T16:56:00,3249.77,VRD,DEBIT,MOBILE,TRANSFER,EXT-VERDANA,Fictional Counterparty,VD,,DEV-0026,FALSE,Synthetic routine activity
TXN-0001000,ACC-00079,2026-06-13T09:21:00,13023.70,VRD,DEBIT,CARD,PURCHASE,EXT-VERDANA,Fictional Counterparty,VD,,DEV-0027,FALSE,Synthetic routine activity
TXN-0001001,ACC-00104,2026-06-13T09:21:00,7279.49,VRD,DEBIT,CARD,PURCHASE,EXT-VERDANA,Fictional Counterparty,VD,,DEV-0002,FALSE,Synthetic routine activity
TXN-0001002,ACC-00129,2026-06-13T09:21:00,2641.30,VRD,CREDIT,CARD,PURCHASE,EXT-VERDANA,Fictional Counterparty,VD,,DEV-0037,FALSE,Synthetic routine activity
TXN-0001003,ACC-00011,2026-06-13T11:37:00,8473.19,VRD,DEBIT,TRANSFER,TRANSFER,EXT-VERDANA,Fictional Counterparty,VD,,DEV-0003,FALSE,Synthetic routine activity
TXN-0001004,ACC-00036,2026-06-13T11:37:00,10701.96,VRD,DEBIT,TRANSFER,TRANSFER,EXT-VERDANA,Fictional Counterparty,VD,,DEV-0038,FALSE,Synthetic routine activity
TXN-0001005,ACC-00061,2026-06-13T11:37:00,8831.46,VRD,CREDIT,TRANSFER,TRANSFER,EXT-VERDANA,Fictional Counterparty,VD,,DEV-0013,FALSE,Synthetic routine activity
TXN-0001006,ACC-00086,2026-06-13T11:37:00,3375.78,VRD,DEBIT,TRANSFER,TRANSFER,EXT-VERDANA,Fictional Counterparty,VD,,DEV-0048,FALSE,Synthetic routine activity
TXN-0001007,ACC-00113,2026-06-13T13:43:00,10648.06,VRD,DEBIT,TRANSFER,TRANSFER,EXT-VERDANA,Fictional Counterparty,VD,,DEV-0039,FALSE,Synthetic routine activity
TXN-0001008,ACC-00018,2026-06-13T13:53:00,7153.70,VRD,DEBIT,MOBILE,TRANSFER,EXT-VERDANA,Fictional Counterparty,VD,,DEV-0024,FALSE,Synthetic routine activity
TXN-0001009,ACC-00045,2026-06-13T15:59:00,728.33,VRD,DEBIT,MOBILE,TRANSFER,EXT-VERDANA,Fictional Counterparty,VD,,DEV-0015,FALSE,Synthetic routine activity
TXN-0001010,ACC-00070,2026-06-13T15:59:00,1729.85,VRD,DEBIT,MOBILE,TRANSFER,EXT-VERDANA,Fictional Counterparty,VD,,DEV-0050,FALSE,Synthetic routine activity
TXN-0001011,ACC-00095,2026-06-13T15:59:00,11501.71,VRD,CREDIT,MOBILE,TRANSFER,EXT-VERDANA,Fictional Counterparty,VD,,DEV-0025,FALSE,Synthetic routine activity
TXN-0001012,ACC-00120,2026-06-13T15:59:00,10790.95,VRD,DEBIT,MOBILE,TRANSFER,EXT-VERDANA,Fictional Counterparty,VD,,DEV-0060,FALSE,Synthetic routine activity
TXN-0001013,ACC-00002,2026-06-13T17:15:00,6381.44,VRD,DEBIT,CARD,PURCHASE,EXT-VERDANA,Fictional Counterparty,VD,,DEV-0026,FALSE,Synthetic routine activity
TXN-0001014,ACC-00027,2026-06-13T17:15:00,14028.93,VRD,CREDIT,CARD,PURCHASE,EXT-VERDANA,Fictional Counterparty,VD,,DEV-0001,FALSE,Synthetic routine activity
TXN-0001015,ACC-00052,2026-06-13T17:15:00,930.77,VRD,DEBIT,CARD,PURCHASE,EXT-VERDANA,Fictional Counterparty,VD,,DEV-0036,FALSE,Synthetic routine activity
TXN-0001016,ACC-00004,2026-06-14T08:34:00,13689.40,VRD,DEBIT,TRANSFER,TRANSFER,EXT-VERDANA,Fictional Counterparty,VD,,DEV-0001,FALSE,Synthetic routine activity
TXN-0001017,ACC-00029,2026-06-14T08:34:00,9517.42,VRD,DEBIT,TRANSFER,TRANSFER,EXT-VERDANA,Fictional Counterparty,VD,,DEV-0036,FALSE,Synthetic routine activity
TXN-0001018,ACC-00054,2026-06-14T08:34:00,9133.85,VRD,CREDIT,TRANSFER,TRANSFER,EXT-VERDANA,Fictional Counterparty,VD,,DEV-0011,FALSE,Synthetic routine activity
TXN-0001019,ACC-00081,2026-06-14T10:40:00,13327.99,VRD,DEBIT,TRANSFER,TRANSFER,EXT-VERDANA,Fictional Counterparty,VD,,DEV-0002,FALSE,Synthetic routine activity
TXN-0001020,ACC-00106,2026-06-14T10:40:00,13311.31,VRD,DEBIT,TRANSFER,TRANSFER,EXT-VERDANA,Fictional Counterparty,VD,,DEV-0037,FALSE,Synthetic routine activity
TXN-0001021,ACC-00013,2026-06-14T12:56:00,4845.16,VRD,DEBIT,MOBILE,TRANSFER,EXT-VERDANA,Fictional Counterparty,VD,,DEV-0038,FALSE,Synthetic routine activity
TXN-0001022,ACC-00038,2026-06-14T12:56:00,8522.19,VRD,DEBIT,MOBILE,TRANSFER,EXT-VERDANA,Fictional Counterparty,VD,,DEV-0013,FALSE,Synthetic routine activity
TXN-0001023,ACC-00063,2026-06-14T12:56:00,6756.64,VRD,DEBIT,MOBILE,TRANSFER,EXT-VERDANA,Fictional Counterparty,VD,,DEV-0048,FALSE,Synthetic routine activity
TXN-0001024,ACC-00088,2026-06-14T12:56:00,14026.27,VRD,CREDIT,MOBILE,TRANSFER,EXT-VERDANA,Fictional Counterparty,VD,,DEV-0023,FALSE,Synthetic routine activity
TXN-0001025,ACC-00115,2026-06-14T14:02:00,7693.15,VRD,DEBIT,MOBILE,TRANSFER,EXT-VERDANA,Fictional Counterparty,VD,,DEV-0014,FALSE,Synthetic routine activity
TXN-0001026,ACC-00020,2026-06-14T14:12:00,3381.89,VRD,CREDIT,CARD,PURCHASE,EXT-VERDANA,Fictional Counterparty,VD,,DEV-0059,FALSE,Synthetic routine activity
TXN-0001027,ACC-00047,2026-06-14T16:18:00,7785.30,VRD,DEBIT,CARD,PURCHASE,EXT-VERDANA,Fictional Counterparty,VD,,DEV-0050,FALSE,Synthetic routine activity
TXN-0001028,ACC-00072,2026-06-14T16:18:00,12187.56,VRD,DEBIT,CARD,PURCHASE,EXT-VERDANA,Fictional Counterparty,VD,,DEV-0025,FALSE,Synthetic routine activity
TXN-0001029,ACC-00097,2026-06-14T16:18:00,8680.70,VRD,DEBIT,CARD,PURCHASE,EXT-VERDANA,Fictional Counterparty,VD,,DEV-0060,FALSE,Synthetic routine activity
TXN-0001030,ACC-00122,2026-06-14T16:18:00,3330.97,VRD,CREDIT,CARD,PURCHASE,EXT-VERDANA,Fictional Counterparty,VD,,DEV-0035,FALSE,Synthetic routine activity
TXN-0001031,ACC-00006,2026-06-15T09:53:00,553.92,VRD,DEBIT,MOBILE,TRANSFER,EXT-VERDANA,Fictional Counterparty,VD,,DEV-0036,FALSE,Synthetic routine activity
TXN-0001032,ACC-00031,2026-06-15T09:53:00,10812.87,VRD,DEBIT,MOBILE,TRANSFER,EXT-VERDANA,Fictional Counterparty,VD,,DEV-0011,FALSE,Synthetic routine activity
TXN-0001033,ACC-00056,2026-06-15T09:53:00,6984.39,VRD,DEBIT,MOBILE,TRANSFER,EXT-VERDANA,Fictional Counterparty,VD,,DEV-0046,FALSE,Synthetic routine activity
TXN-0001034,ACC-00083,2026-06-15T11:59:00,9643.38,VRD,CREDIT,MOBILE,TRANSFER,EXT-VERDANA,Fictional Counterparty,VD,,DEV-0037,FALSE,Synthetic routine activity
TXN-0001035,ACC-00108,2026-06-15T11:59:00,11068.86,VRD,DEBIT,MOBILE,TRANSFER,EXT-VERDANA,Fictional Counterparty,VD,,DEV-0012,FALSE,Synthetic routine activity
TXN-0001036,ACC-00015,2026-06-15T13:15:00,10043.70,VRD,CREDIT,CARD,PURCHASE,EXT-VERDANA,Fictional Counterparty,VD,,DEV-0013,FALSE,Synthetic routine activity
TXN-0001037,ACC-00040,2026-06-15T13:15:00,12942.62,VRD,DEBIT,CARD,PURCHASE,EXT-VERDANA,Fictional Counterparty,VD,,DEV-0048,FALSE,Synthetic routine activity
TXN-0001038,ACC-00065,2026-06-15T13:15:00,4693.27,VRD,DEBIT,CARD,PURCHASE,EXT-VERDANA,Fictional Counterparty,VD,,DEV-0023,FALSE,Synthetic routine activity
TXN-0001039,ACC-00090,2026-06-15T13:15:00,5203.52,VRD,DEBIT,CARD,PURCHASE,EXT-VERDANA,Fictional Counterparty,VD,,DEV-0058,FALSE,Synthetic routine activity
TXN-0001040,ACC-00117,2026-06-15T15:21:00,13518.98,VRD,CREDIT,CARD,PURCHASE,EXT-VERDANA,Fictional Counterparty,VD,,DEV-0049,FALSE,Synthetic routine activity
TXN-0001041,ACC-00022,2026-06-15T15:31:00,3888.53,VRD,DEBIT,TRANSFER,TRANSFER,EXT-VERDANA,Fictional Counterparty,VD,,DEV-0034,FALSE,Synthetic routine activity
TXN-0001042,ACC-00049,2026-06-15T17:37:00,2362.95,VRD,CREDIT,TRANSFER,TRANSFER,EXT-VERDANA,Fictional Counterparty,VD,,DEV-0025,FALSE,Synthetic routine activity
TXN-0001043,ACC-00074,2026-06-15T17:37:00,13079.16,VRD,DEBIT,TRANSFER,TRANSFER,EXT-VERDANA,Fictional Counterparty,VD,,DEV-0060,FALSE,Synthetic routine activity
TXN-0001044,ACC-00099,2026-06-15T17:37:00,13708.22,VRD,DEBIT,TRANSFER,TRANSFER,EXT-VERDANA,Fictional Counterparty,VD,,DEV-0035,FALSE,Synthetic routine activity
TXN-0001045,ACC-00124,2026-06-15T17:37:00,707.90,VRD,DEBIT,TRANSFER,TRANSFER,EXT-VERDANA,Fictional Counterparty,VD,,DEV-0010,FALSE,Synthetic routine activity
TXN-0001046,ACC-00076,2026-06-16T08:56:00,7153.38,VRD,CREDIT,MOBILE,TRANSFER,EXT-VERDANA,Fictional Counterparty,VD,,DEV-0035,FALSE,Synthetic routine activity
TXN-0001047,ACC-00101,2026-06-16T08:56:00,10117.18,VRD,DEBIT,MOBILE,TRANSFER,EXT-VERDANA,Fictional Counterparty,VD,,DEV-0010,FALSE,Synthetic routine activity
TXN-0001048,ACC-00126,2026-06-16T08:56:00,7370.28,VRD,DEBIT,MOBILE,TRANSFER,EXT-VERDANA,Fictional Counterparty,VD,,DEV-0045,FALSE,Synthetic routine activity
TXN-0001049,ACC-00008,2026-06-16T10:12:00,2482.31,VRD,CREDIT,CARD,PURCHASE,EXT-VERDANA,Fictional Counterparty,VD,,DEV-0011,FALSE,Synthetic routine activity
TXN-0001050,ACC-00033,2026-06-16T10:12:00,7465.14,VRD,DEBIT,CARD,PURCHASE,EXT-VERDANA,Fictional Counterparty,VD,,DEV-0046,FALSE,Synthetic routine activity
TXN-0001051,ACC-00058,2026-06-16T10:12:00,1116.07,VRD,DEBIT,CARD,PURCHASE,EXT-VERDANA,Fictional Counterparty,VD,,DEV-0021,FALSE,Synthetic routine activity
TXN-0001052,ACC-00110,2026-06-16T12:18:00,8954.22,VRD,CREDIT,CARD,PURCHASE,EXT-VERDANA,Fictional Counterparty,VD,,DEV-0047,FALSE,Synthetic routine activity
TXN-0001053,ACC-00042,2026-06-16T14:34:00,5401.81,VRD,CREDIT,TRANSFER,TRANSFER,EXT-VERDANA,Fictional Counterparty,VD,,DEV-0023,FALSE,Synthetic routine activity
TXN-0001054,ACC-00067,2026-06-16T14:34:00,10793.13,VRD,DEBIT,TRANSFER,TRANSFER,EXT-VERDANA,Fictional Counterparty,VD,,DEV-0058,FALSE,Synthetic routine activity
TXN-0001055,ACC-00092,2026-06-16T14:34:00,11510.90,VRD,DEBIT,TRANSFER,TRANSFER,EXT-VERDANA,Fictional Counterparty,VD,,DEV-0033,FALSE,Synthetic routine activity
TXN-0001056,ACC-00024,2026-06-16T16:50:00,4633.10,VRD,DEBIT,MOBILE,TRANSFER,EXT-VERDANA,Fictional Counterparty,VD,,DEV-0009,FALSE,Synthetic routine activity
TXN-0001057,ACC-00078,2026-06-17T09:15:00,1297.06,VRD,DEBIT,CARD,PURCHASE,EXT-VERDANA,Fictional Counterparty,VD,,DEV-0010,FALSE,Synthetic routine activity
TXN-0001058,ACC-00103,2026-06-17T09:15:00,6883.40,VRD,CREDIT,CARD,PURCHASE,EXT-VERDANA,Fictional Counterparty,VD,,DEV-0045,FALSE,Synthetic routine activity
TXN-0001059,ACC-00128,2026-06-17T09:15:00,12414.39,VRD,DEBIT,CARD,PURCHASE,EXT-VERDANA,Fictional Counterparty,VD,,DEV-0020,FALSE,Synthetic routine activity
TXN-0001060,ACC-00010,2026-06-17T11:31:00,7760.70,VRD,DEBIT,TRANSFER,TRANSFER,EXT-VERDANA,Fictional Counterparty,VD,,DEV-0046,FALSE,Synthetic routine activity
TXN-0001061,ACC-00035,2026-06-17T11:31:00,11479.13,VRD,CREDIT,TRANSFER,TRANSFER,EXT-VERDANA,Fictional Counterparty,VD,,DEV-0021,FALSE,Synthetic routine activity
TXN-0001062,ACC-00060,2026-06-17T11:31:00,10374.19,VRD,DEBIT,TRANSFER,TRANSFER,EXT-VERDANA,Fictional Counterparty,VD,,DEV-0056,FALSE,Synthetic routine activity
TXN-0001063,ACC-00112,2026-06-17T13:37:00,2694.40,VRD,DEBIT,TRANSFER,TRANSFER,EXT-VERDANA,Fictional Counterparty,VD,,DEV-0022,FALSE,Synthetic routine activity
TXN-0001064,ACC-00044,2026-06-17T15:53:00,12746.53,VRD,DEBIT,MOBILE,TRANSFER,EXT-VERDANA,Fictional Counterparty,VD,,DEV-0058,FALSE,Synthetic routine activity
TXN-0001065,ACC-00069,2026-06-17T15:53:00,12412.54,VRD,CREDIT,MOBILE,TRANSFER,EXT-VERDANA,Fictional Counterparty,VD,,DEV-0033,FALSE,Synthetic routine activity
TXN-0001066,ACC-00094,2026-06-17T15:53:00,2865.59,VRD,DEBIT,MOBILE,TRANSFER,EXT-VERDANA,Fictional Counterparty,VD,,DEV-0008,FALSE,Synthetic routine activity
TXN-0001067,ACC-00001,2026-06-17T17:09:00,1020.03,VRD,CREDIT,CARD,PURCHASE,EXT-VERDANA,Fictional Counterparty,VD,,DEV-0009,FALSE,Synthetic routine activity
TXN-0001068,ACC-00026,2026-06-17T17:09:00,6188.68,VRD,DEBIT,CARD,PURCHASE,EXT-VERDANA,Fictional Counterparty,VD,,DEV-0044,FALSE,Synthetic routine activity
TXN-0001069,ACC-00003,2026-06-18T08:28:00,14166.46,VRD,DEBIT,TRANSFER,TRANSFER,EXT-VERDANA,Fictional Counterparty,VD,,DEV-0044,FALSE,Synthetic routine activity
TXN-0001070,ACC-00028,2026-06-18T08:28:00,8964.24,VRD,CREDIT,TRANSFER,TRANSFER,EXT-VERDANA,Fictional Counterparty,VD,,DEV-0019,FALSE,Synthetic routine activity
TXN-0001071,ACC-00053,2026-06-18T08:28:00,5814.99,VRD,DEBIT,TRANSFER,TRANSFER,EXT-VERDANA,Fictional Counterparty,VD,,DEV-0054,FALSE,Synthetic routine activity
TXN-0001072,ACC-00080,2026-06-18T10:34:00,5718.20,VRD,DEBIT,TRANSFER,TRANSFER,EXT-VERDANA,Fictional Counterparty,VD,,DEV-0045,FALSE,Synthetic routine activity
TXN-0001073,ACC-00105,2026-06-18T10:34:00,3703.58,VRD,DEBIT,TRANSFER,TRANSFER,EXT-VERDANA,Fictional Counterparty,VD,,DEV-0020,FALSE,Synthetic routine activity
TXN-0001074,ACC-00130,2026-06-18T10:34:00,8091.33,VRD,CREDIT,TRANSFER,TRANSFER,EXT-VERDANA,Fictional Counterparty,VD,,DEV-0055,FALSE,Synthetic routine activity
TXN-0001075,ACC-00012,2026-06-18T12:50:00,1151.79,VRD,DEBIT,MOBILE,TRANSFER,EXT-VERDANA,Fictional Counterparty,VD,,DEV-0021,FALSE,Synthetic routine activity
TXN-0001076,ACC-00037,2026-06-18T12:50:00,5281.65,VRD,DEBIT,MOBILE,TRANSFER,EXT-VERDANA,Fictional Counterparty,VD,,DEV-0056,FALSE,Synthetic routine activity
TXN-0001077,ACC-00062,2026-06-18T12:50:00,13133.79,VRD,CREDIT,MOBILE,TRANSFER,EXT-VERDANA,Fictional Counterparty,VD,,DEV-0031,FALSE,Synthetic routine activity
TXN-0001078,ACC-00087,2026-06-18T12:50:00,11441.15,VRD,DEBIT,MOBILE,TRANSFER,EXT-VERDANA,Fictional Counterparty,VD,,DEV-0006,FALSE,Synthetic routine activity
TXN-0001079,ACC-00019,2026-06-18T14:06:00,5585.28,VRD,DEBIT,CARD,PURCHASE,EXT-VERDANA,Fictional Counterparty,VD,,DEV-0042,FALSE,Synthetic routine activity
TXN-0001080,ACC-00114,2026-06-18T14:56:00,9767.95,VRD,DEBIT,MOBILE,TRANSFER,EXT-VERDANA,Fictional Counterparty,VD,,DEV-0057,FALSE,Synthetic routine activity
TXN-0001081,ACC-00046,2026-06-18T16:12:00,1242.04,VRD,DEBIT,CARD,PURCHASE,EXT-VERDANA,Fictional Counterparty,VD,,DEV-0033,FALSE,Synthetic routine activity
TXN-0001082,ACC-00071,2026-06-18T16:12:00,9903.17,VRD,DEBIT,CARD,PURCHASE,EXT-VERDANA,Fictional Counterparty,VD,,DEV-0008,FALSE,Synthetic routine activity
TXN-0001083,ACC-00096,2026-06-18T16:12:00,8135.12,VRD,CREDIT,CARD,PURCHASE,EXT-VERDANA,Fictional Counterparty,VD,,DEV-0043,FALSE,Synthetic routine activity
TXN-0001084,ACC-00121,2026-06-18T16:12:00,14849.38,VRD,DEBIT,CARD,PURCHASE,EXT-VERDANA,Fictional Counterparty,VD,,DEV-0018,FALSE,Synthetic routine activity
TXN-0001085,ACC-00005,2026-06-19T09:47:00,14608.14,VRD,DEBIT,MOBILE,TRANSFER,EXT-VERDANA,Fictional Counterparty,VD,,DEV-0019,FALSE,Synthetic routine activity
TXN-0001086,ACC-00030,2026-06-19T09:47:00,5452.01,VRD,DEBIT,MOBILE,TRANSFER,EXT-VERDANA,Fictional Counterparty,VD,,DEV-0054,FALSE,Synthetic routine activity
TXN-0001087,ACC-00055,2026-06-19T09:47:00,14619.94,VRD,CREDIT,MOBILE,TRANSFER,EXT-VERDANA,Fictional Counterparty,VD,,DEV-0029,FALSE,Synthetic routine activity
TXN-0001088,ACC-00082,2026-06-19T11:53:00,8226.94,VRD,DEBIT,MOBILE,TRANSFER,EXT-VERDANA,Fictional Counterparty,VD,,DEV-0020,FALSE,Synthetic routine activity
TXN-0001089,ACC-00107,2026-06-19T11:53:00,3025.91,VRD,DEBIT,MOBILE,TRANSFER,EXT-VERDANA,Fictional Counterparty,VD,,DEV-0055,FALSE,Synthetic routine activity
TXN-0001090,ACC-00014,2026-06-19T13:09:00,3835.87,VRD,DEBIT,CARD,PURCHASE,EXT-VERDANA,Fictional Counterparty,VD,,DEV-0056,FALSE,Synthetic routine activity
TXN-0001091,ACC-00039,2026-06-19T13:09:00,8729.75,VRD,DEBIT,CARD,PURCHASE,EXT-VERDANA,Fictional Counterparty,VD,,DEV-0031,FALSE,Synthetic routine activity
TXN-0001092,ACC-00064,2026-06-19T13:09:00,936.53,VRD,DEBIT,CARD,PURCHASE,EXT-VERDANA,Fictional Counterparty,VD,,DEV-0006,FALSE,Synthetic routine activity
TXN-0001093,ACC-00089,2026-06-19T13:09:00,13749.07,VRD,CREDIT,CARD,PURCHASE,EXT-VERDANA,Fictional Counterparty,VD,,DEV-0041,FALSE,Synthetic routine activity
TXN-0001094,ACC-00116,2026-06-19T15:15:00,11629.12,VRD,DEBIT,CARD,PURCHASE,EXT-VERDANA,Fictional Counterparty,VD,,DEV-0032,FALSE,Synthetic routine activity
TXN-0001095,ACC-00021,2026-06-19T15:25:00,5043.98,VRD,CREDIT,TRANSFER,TRANSFER,EXT-VERDANA,Fictional Counterparty,VD,,DEV-0017,FALSE,Synthetic routine activity
TXN-0001096,ACC-00048,2026-06-19T17:31:00,10107.27,VRD,DEBIT,TRANSFER,TRANSFER,EXT-VERDANA,Fictional Counterparty,VD,,DEV-0008,FALSE,Synthetic routine activity
TXN-0001097,ACC-00073,2026-06-19T17:31:00,13667.70,VRD,DEBIT,TRANSFER,TRANSFER,EXT-VERDANA,Fictional Counterparty,VD,,DEV-0043,FALSE,Synthetic routine activity
TXN-0001098,ACC-00098,2026-06-19T17:31:00,4291.08,VRD,DEBIT,TRANSFER,TRANSFER,EXT-VERDANA,Fictional Counterparty,VD,,DEV-0018,FALSE,Synthetic routine activity
TXN-0001099,ACC-00123,2026-06-19T17:31:00,13739.19,VRD,CREDIT,TRANSFER,TRANSFER,EXT-VERDANA,Fictional Counterparty,VD,,DEV-0053,FALSE,Synthetic routine activity
TXN-0001100,ACC-00050,2026-06-20T08:50:00,2930.08,VRD,CREDIT,MOBILE,TRANSFER,EXT-VERDANA,Fictional Counterparty,VD,,DEV-0043,FALSE,Synthetic routine activity
TXN-0001101,ACC-00075,2026-06-20T08:50:00,3026.21,VRD,DEBIT,MOBILE,TRANSFER,EXT-VERDANA,Fictional Counterparty,VD,,DEV-0018,FALSE,Synthetic routine activity
TXN-0001102,ACC-00100,2026-06-20T08:50:00,1419.81,VRD,DEBIT,MOBILE,TRANSFER,EXT-VERDANA,Fictional Counterparty,VD,,DEV-0053,FALSE,Synthetic routine activity
TXN-0001103,ACC-00125,2026-06-20T08:50:00,8868.46,VRD,DEBIT,MOBILE,TRANSFER,EXT-VERDANA,Fictional Counterparty,VD,,DEV-0028,FALSE,Synthetic routine activity
TXN-0001104,ACC-00007,2026-06-20T10:06:00,1790.10,VRD,DEBIT,CARD,PURCHASE,EXT-VERDANA,Fictional Counterparty,VD,,DEV-0054,FALSE,Synthetic routine activity
TXN-0001105,ACC-00032,2026-06-20T10:06:00,4835.84,VRD,DEBIT,CARD,PURCHASE,EXT-VERDANA,Fictional Counterparty,VD,,DEV-0029,FALSE,Synthetic routine activity
TXN-0001106,ACC-00057,2026-06-20T10:06:00,10788.63,VRD,DEBIT,CARD,PURCHASE,EXT-VERDANA,Fictional Counterparty,VD,,DEV-0004,FALSE,Synthetic routine activity
TXN-0001107,ACC-00084,2026-06-20T12:12:00,4701.95,VRD,CREDIT,CARD,PURCHASE,EXT-VERDANA,Fictional Counterparty,VD,,DEV-0055,FALSE,Synthetic routine activity
TXN-0001108,ACC-00109,2026-06-20T12:12:00,7315.10,VRD,DEBIT,CARD,PURCHASE,EXT-VERDANA,Fictional Counterparty,VD,,DEV-0030,FALSE,Synthetic routine activity
TXN-0001109,ACC-00016,2026-06-20T14:28:00,13643.85,VRD,CREDIT,TRANSFER,TRANSFER,EXT-VERDANA,Fictional Counterparty,VD,,DEV-0031,FALSE,Synthetic routine activity
TXN-0001110,ACC-00041,2026-06-20T14:28:00,9772.87,VRD,DEBIT,TRANSFER,TRANSFER,EXT-VERDANA,Fictional Counterparty,VD,,DEV-0006,FALSE,Synthetic routine activity
TXN-0001111,ACC-00066,2026-06-20T14:28:00,10573.45,VRD,DEBIT,TRANSFER,TRANSFER,EXT-VERDANA,Fictional Counterparty,VD,,DEV-0041,FALSE,Synthetic routine activity
TXN-0001112,ACC-00091,2026-06-20T14:28:00,5388.59,VRD,DEBIT,TRANSFER,TRANSFER,EXT-VERDANA,Fictional Counterparty,VD,,DEV-0016,FALSE,Synthetic routine activity
TXN-0001113,ACC-00118,2026-06-20T16:34:00,6033.70,VRD,CREDIT,TRANSFER,TRANSFER,EXT-VERDANA,Fictional Counterparty,VD,,DEV-0007,FALSE,Synthetic routine activity
TXN-0001114,ACC-00023,2026-06-20T16:44:00,12364.21,VRD,DEBIT,MOBILE,TRANSFER,EXT-VERDANA,Fictional Counterparty,VD,,DEV-0052,FALSE,Synthetic routine activity
TXN-0001115,ACC-00077,2026-06-21T09:09:00,2808.12,VRD,CREDIT,CARD,PURCHASE,EXT-VERDANA,Fictional Counterparty,VD,,DEV-0053,FALSE,Synthetic routine activity
TXN-0001116,ACC-00102,2026-06-21T09:09:00,10258.50,VRD,DEBIT,CARD,PURCHASE,EXT-VERDANA,Fictional Counterparty,VD,,DEV-0028,FALSE,Synthetic routine activity
TXN-0001117,ACC-00127,2026-06-21T09:09:00,9737.38,VRD,DEBIT,CARD,PURCHASE,EXT-VERDANA,Fictional Counterparty,VD,,DEV-0003,FALSE,Synthetic routine activity
TXN-0001118,ACC-00009,2026-06-21T11:25:00,13730.52,VRD,CREDIT,TRANSFER,TRANSFER,EXT-VERDANA,Fictional Counterparty,VD,,DEV-0029,FALSE,Synthetic routine activity
TXN-0001119,ACC-00034,2026-06-21T11:25:00,4602.03,VRD,DEBIT,TRANSFER,TRANSFER,EXT-VERDANA,Fictional Counterparty,VD,,DEV-0004,FALSE,Synthetic routine activity
TXN-0001120,ACC-00059,2026-06-21T11:25:00,3327.05,VRD,DEBIT,TRANSFER,TRANSFER,EXT-VERDANA,Fictional Counterparty,VD,,DEV-0039,FALSE,Synthetic routine activity
TXN-0001121,ACC-00111,2026-06-21T13:31:00,13599.68,VRD,CREDIT,TRANSFER,TRANSFER,EXT-VERDANA,Fictional Counterparty,VD,,DEV-0005,FALSE,Synthetic routine activity
TXN-0001122,ACC-00043,2026-06-21T15:47:00,14145.36,VRD,CREDIT,MOBILE,TRANSFER,EXT-VERDANA,Fictional Counterparty,VD,,DEV-0041,FALSE,Synthetic routine activity
TXN-0001123,ACC-00068,2026-06-21T15:47:00,5580.65,VRD,DEBIT,MOBILE,TRANSFER,EXT-VERDANA,Fictional Counterparty,VD,,DEV-0016,FALSE,Synthetic routine activity
TXN-0001124,ACC-00093,2026-06-21T15:47:00,5423.35,VRD,DEBIT,MOBILE,TRANSFER,EXT-VERDANA,Fictional Counterparty,VD,,DEV-0051,FALSE,Synthetic routine activity
TXN-0001125,ACC-00025,2026-06-21T17:03:00,10449.95,VRD,DEBIT,CARD,PURCHASE,EXT-VERDANA,Fictional Counterparty,VD,,DEV-0027,FALSE,Synthetic routine activity
TXN-0001126,ACC-00002,2026-06-22T08:22:00,10391.33,VRD,CREDIT,TRANSFER,TRANSFER,EXT-VERDANA,Fictional Counterparty,VD,,DEV-0027,FALSE,Synthetic routine activity
TXN-0001127,ACC-00027,2026-06-22T08:22:00,10207.34,VRD,DEBIT,TRANSFER,TRANSFER,EXT-VERDANA,Fictional Counterparty,VD,,DEV-0002,FALSE,Synthetic routine activity
TXN-0001128,ACC-00079,2026-06-22T10:28:00,5082.79,VRD,DEBIT,TRANSFER,TRANSFER,EXT-VERDANA,Fictional Counterparty,VD,,DEV-0028,FALSE,Synthetic routine activity
TXN-0001129,ACC-00104,2026-06-22T10:28:00,13265.10,VRD,CREDIT,TRANSFER,TRANSFER,EXT-VERDANA,Fictional Counterparty,VD,,DEV-0003,FALSE,Synthetic routine activity
TXN-0001130,ACC-00129,2026-06-22T10:28:00,5278.33,VRD,DEBIT,TRANSFER,TRANSFER,EXT-VERDANA,Fictional Counterparty,VD,,DEV-0038,FALSE,Synthetic routine activity
TXN-0001131,ACC-00011,2026-06-22T12:44:00,3611.37,VRD,DEBIT,MOBILE,TRANSFER,EXT-VERDANA,Fictional Counterparty,VD,,DEV-0004,FALSE,Synthetic routine activity
TXN-0001132,ACC-00036,2026-06-22T12:44:00,8667.80,VRD,CREDIT,MOBILE,TRANSFER,EXT-VERDANA,Fictional Counterparty,VD,,DEV-0039,FALSE,Synthetic routine activity
TXN-0001133,ACC-00061,2026-06-22T12:44:00,798.46,VRD,DEBIT,MOBILE,TRANSFER,EXT-VERDANA,Fictional Counterparty,VD,,DEV-0014,FALSE,Synthetic routine activity
TXN-0001134,ACC-00113,2026-06-22T14:50:00,14680.45,VRD,DEBIT,MOBILE,TRANSFER,EXT-VERDANA,Fictional Counterparty,VD,,DEV-0040,FALSE,Synthetic routine activity
TXN-0001135,ACC-00045,2026-06-22T16:06:00,9291.15,VRD,DEBIT,CARD,PURCHASE,EXT-VERDANA,Fictional Counterparty,VD,,DEV-0016,FALSE,Synthetic routine activity
TXN-0001136,ACC-00070,2026-06-22T16:06:00,10945.51,VRD,CREDIT,CARD,PURCHASE,EXT-VERDANA,Fictional Counterparty,VD,,DEV-0051,FALSE,Synthetic routine activity
TXN-0001137,ACC-00095,2026-06-22T16:06:00,4055.61,VRD,DEBIT,CARD,PURCHASE,EXT-VERDANA,Fictional Counterparty,VD,,DEV-0026,FALSE,Synthetic routine activity
TXN-0001138,ACC-00004,2026-06-23T09:41:00,7072.34,VRD,DEBIT,MOBILE,TRANSFER,EXT-VERDANA,Fictional Counterparty,VD,,DEV-0002,FALSE,Synthetic routine activity
TXN-0001139,ACC-00029,2026-06-23T09:41:00,6264.89,VRD,CREDIT,MOBILE,TRANSFER,EXT-VERDANA,Fictional Counterparty,VD,,DEV-0037,FALSE,Synthetic routine activity
TXN-0001140,ACC-00054,2026-06-23T09:41:00,5553.05,VRD,DEBIT,MOBILE,TRANSFER,EXT-VERDANA,Fictional Counterparty,VD,,DEV-0012,FALSE,Synthetic routine activity
TXN-0001141,ACC-00081,2026-06-23T11:47:00,9977.73,VRD,DEBIT,MOBILE,TRANSFER,EXT-VERDANA,Fictional Counterparty,VD,,DEV-0003,FALSE,Synthetic routine activity
TXN-0001142,ACC-00106,2026-06-23T11:47:00,5839.48,VRD,DEBIT,MOBILE,TRANSFER,EXT-VERDANA,Fictional Counterparty,VD,,DEV-0038,FALSE,Synthetic routine activity
TXN-0001143,ACC-00013,2026-06-23T13:03:00,6218.08,VRD,DEBIT,CARD,PURCHASE,EXT-VERDANA,Fictional Counterparty,VD,,DEV-0039,FALSE,Synthetic routine activity
TXN-0001144,ACC-00038,2026-06-23T13:03:00,7816.68,VRD,DEBIT,CARD,PURCHASE,EXT-VERDANA,Fictional Counterparty,VD,,DEV-0014,FALSE,Synthetic routine activity
TXN-0001145,ACC-00063,2026-06-23T13:03:00,9141.53,VRD,CREDIT,CARD,PURCHASE,EXT-VERDANA,Fictional Counterparty,VD,,DEV-0049,FALSE,Synthetic routine activity
TXN-0001146,ACC-00088,2026-06-23T13:03:00,12982.31,VRD,DEBIT,CARD,PURCHASE,EXT-VERDANA,Fictional Counterparty,VD,,DEV-0024,FALSE,Synthetic routine activity
TXN-0001147,ACC-00115,2026-06-23T15:09:00,13207.30,VRD,DEBIT,CARD,PURCHASE,EXT-VERDANA,Fictional Counterparty,VD,,DEV-0015,FALSE,Synthetic routine activity
TXN-0001148,ACC-00020,2026-06-23T15:19:00,8986.59,VRD,DEBIT,TRANSFER,TRANSFER,EXT-VERDANA,Fictional Counterparty,VD,,DEV-0060,FALSE,Synthetic routine activity
TXN-0001149,ACC-00047,2026-06-23T17:25:00,14515.46,VRD,DEBIT,TRANSFER,TRANSFER,EXT-VERDANA,Fictional Counterparty,VD,,DEV-0051,FALSE,Synthetic routine activity
TXN-0001150,ACC-00072,2026-06-23T17:25:00,1938.87,VRD,DEBIT,TRANSFER,TRANSFER,EXT-VERDANA,Fictional Counterparty,VD,,DEV-0026,FALSE,Synthetic routine activity
TXN-0001151,ACC-00097,2026-06-23T17:25:00,11225.87,VRD,CREDIT,TRANSFER,TRANSFER,EXT-VERDANA,Fictional Counterparty,VD,,DEV-0001,FALSE,Synthetic routine activity
TXN-0001152,ACC-00122,2026-06-23T17:25:00,8217.98,VRD,DEBIT,TRANSFER,TRANSFER,EXT-VERDANA,Fictional Counterparty,VD,,DEV-0036,FALSE,Synthetic routine activity
TXN-0001153,ACC-00049,2026-06-24T08:44:00,1541.60,VRD,DEBIT,MOBILE,TRANSFER,EXT-VERDANA,Fictional Counterparty,VD,,DEV-0026,FALSE,Synthetic routine activity
TXN-0001154,ACC-00074,2026-06-24T08:44:00,7588.64,VRD,DEBIT,MOBILE,TRANSFER,EXT-VERDANA,Fictional Counterparty,VD,,DEV-0001,FALSE,Synthetic routine activity
TXN-0001155,ACC-00099,2026-06-24T08:44:00,2253.12,VRD,DEBIT,MOBILE,TRANSFER,EXT-VERDANA,Fictional Counterparty,VD,,DEV-0036,FALSE,Synthetic routine activity
TXN-0001156,ACC-00124,2026-06-24T08:44:00,2748.89,VRD,CREDIT,MOBILE,TRANSFER,EXT-VERDANA,Fictional Counterparty,VD,,DEV-0011,FALSE,Synthetic routine activity
TXN-0001157,ACC-00006,2026-06-24T10:00:00,14849.92,VRD,DEBIT,CARD,PURCHASE,EXT-VERDANA,Fictional Counterparty,VD,,DEV-0037,FALSE,Synthetic routine activity
TXN-0001158,ACC-00031,2026-06-24T10:00:00,1378.19,VRD,DEBIT,CARD,PURCHASE,EXT-VERDANA,Fictional Counterparty,VD,,DEV-0012,FALSE,Synthetic routine activity
TXN-0001159,ACC-00056,2026-06-24T10:00:00,12719.43,VRD,CREDIT,CARD,PURCHASE,EXT-VERDANA,Fictional Counterparty,VD,,DEV-0047,FALSE,Synthetic routine activity
TXN-0001160,ACC-00083,2026-06-24T12:06:00,4184.38,VRD,DEBIT,CARD,PURCHASE,EXT-VERDANA,Fictional Counterparty,VD,,DEV-0038,FALSE,Synthetic routine activity
TXN-0001161,ACC-00108,2026-06-24T12:06:00,11096.51,VRD,DEBIT,CARD,PURCHASE,EXT-VERDANA,Fictional Counterparty,VD,,DEV-0013,FALSE,Synthetic routine activity
TXN-0001162,ACC-00015,2026-06-24T14:22:00,2926.55,VRD,DEBIT,TRANSFER,TRANSFER,EXT-VERDANA,Fictional Counterparty,VD,,DEV-0014,FALSE,Synthetic routine activity
TXN-0001163,ACC-00040,2026-06-24T14:22:00,14793.69,VRD,DEBIT,TRANSFER,TRANSFER,EXT-VERDANA,Fictional Counterparty,VD,,DEV-0049,FALSE,Synthetic routine activity
TXN-0001164,ACC-00065,2026-06-24T14:22:00,14180.19,VRD,DEBIT,TRANSFER,TRANSFER,EXT-VERDANA,Fictional Counterparty,VD,,DEV-0024,FALSE,Synthetic routine activity
TXN-0001165,ACC-00090,2026-06-24T14:22:00,3448.98,VRD,CREDIT,TRANSFER,TRANSFER,EXT-VERDANA,Fictional Counterparty,VD,,DEV-0059,FALSE,Synthetic routine activity
TXN-0001166,ACC-00117,2026-06-24T16:28:00,2025.51,VRD,DEBIT,TRANSFER,TRANSFER,EXT-VERDANA,Fictional Counterparty,VD,,DEV-0050,FALSE,Synthetic routine activity
TXN-0001167,ACC-00022,2026-06-24T16:38:00,6881.98,VRD,CREDIT,MOBILE,TRANSFER,EXT-VERDANA,Fictional Counterparty,VD,,DEV-0035,FALSE,Synthetic routine activity
TXN-0001168,ACC-00051,2026-06-25T09:03:00,12453.12,VRD,CREDIT,CARD,PURCHASE,EXT-VERDANA,Fictional Counterparty,VD,,DEV-0001,FALSE,Synthetic routine activity
TXN-0001169,ACC-00076,2026-06-25T09:03:00,7930.09,VRD,DEBIT,CARD,PURCHASE,EXT-VERDANA,Fictional Counterparty,VD,,DEV-0036,FALSE,Synthetic routine activity
TXN-0001170,ACC-00101,2026-06-25T09:03:00,12824.91,VRD,DEBIT,CARD,PURCHASE,EXT-VERDANA,Fictional Counterparty,VD,,DEV-0011,FALSE,Synthetic routine activity
TXN-0001171,ACC-00126,2026-06-25T09:03:00,5772.31,VRD,DEBIT,CARD,PURCHASE,EXT-VERDANA,Fictional Counterparty,VD,,DEV-0046,FALSE,Synthetic routine activity
TXN-0001172,ACC-00008,2026-06-25T11:19:00,4181.08,VRD,DEBIT,TRANSFER,TRANSFER,EXT-VERDANA,Fictional Counterparty,VD,,DEV-0012,FALSE,Synthetic routine activity
TXN-0001173,ACC-00033,2026-06-25T11:19:00,9422.28,VRD,DEBIT,TRANSFER,TRANSFER,EXT-VERDANA,Fictional Counterparty,VD,,DEV-0047,FALSE,Synthetic routine activity
TXN-0001174,ACC-00058,2026-06-25T11:19:00,6541.36,VRD,DEBIT,TRANSFER,TRANSFER,EXT-VERDANA,Fictional Counterparty,VD,,DEV-0022,FALSE,Synthetic routine activity
TXN-0001175,ACC-00085,2026-06-25T13:25:00,7166.83,VRD,CREDIT,TRANSFER,TRANSFER,EXT-VERDANA,Fictional Counterparty,VD,,DEV-0013,FALSE,Synthetic routine activity
TXN-0001176,ACC-00110,2026-06-25T13:25:00,9542.20,VRD,DEBIT,TRANSFER,TRANSFER,EXT-VERDANA,Fictional Counterparty,VD,,DEV-0048,FALSE,Synthetic routine activity
TXN-0001177,ACC-00017,2026-06-25T15:41:00,8846.51,VRD,CREDIT,MOBILE,TRANSFER,EXT-VERDANA,Fictional Counterparty,VD,,DEV-0049,FALSE,Synthetic routine activity
TXN-0001178,ACC-00042,2026-06-25T15:41:00,7451.88,VRD,DEBIT,MOBILE,TRANSFER,EXT-VERDANA,Fictional Counterparty,VD,,DEV-0024,FALSE,Synthetic routine activity
TXN-0001179,ACC-00067,2026-06-25T15:41:00,13140.74,VRD,DEBIT,MOBILE,TRANSFER,EXT-VERDANA,Fictional Counterparty,VD,,DEV-0059,FALSE,Synthetic routine activity
TXN-0001180,ACC-00092,2026-06-25T15:41:00,14790.06,VRD,DEBIT,MOBILE,TRANSFER,EXT-VERDANA,Fictional Counterparty,VD,,DEV-0034,FALSE,Synthetic routine activity
TXN-0001181,ACC-00119,2026-06-25T17:47:00,1850.47,VRD,CREDIT,MOBILE,TRANSFER,EXT-VERDANA,Fictional Counterparty,VD,,DEV-0025,FALSE,Synthetic routine activity
TXN-0001182,ACC-00024,2026-06-25T17:57:00,8205.02,VRD,DEBIT,CARD,PURCHASE,EXT-VERDANA,Fictional Counterparty,VD,,DEV-0010,FALSE,Synthetic routine activity
TXN-0001183,ACC-00001,2026-06-26T08:16:00,2035.27,VRD,DEBIT,TRANSFER,TRANSFER,EXT-VERDANA,Fictional Counterparty,VD,,DEV-0010,FALSE,Synthetic routine activity
TXN-0001184,ACC-00026,2026-06-26T08:16:00,7518.84,VRD,DEBIT,TRANSFER,TRANSFER,EXT-VERDANA,Fictional Counterparty,VD,,DEV-0045,FALSE,Synthetic routine activity
TXN-0001185,ACC-00078,2026-06-26T10:22:00,5109.63,VRD,CREDIT,TRANSFER,TRANSFER,EXT-VERDANA,Fictional Counterparty,VD,,DEV-0011,FALSE,Synthetic routine activity
TXN-0001186,ACC-00103,2026-06-26T10:22:00,6409.13,VRD,DEBIT,TRANSFER,TRANSFER,EXT-VERDANA,Fictional Counterparty,VD,,DEV-0046,FALSE,Synthetic routine activity
TXN-0001187,ACC-00128,2026-06-26T10:22:00,2203.26,VRD,DEBIT,TRANSFER,TRANSFER,EXT-VERDANA,Fictional Counterparty,VD,,DEV-0021,FALSE,Synthetic routine activity
TXN-0001188,ACC-00010,2026-06-26T12:38:00,2104.06,VRD,CREDIT,MOBILE,TRANSFER,EXT-VERDANA,Fictional Counterparty,VD,,DEV-0047,FALSE,Synthetic routine activity
TXN-0001189,ACC-00035,2026-06-26T12:38:00,14553.20,VRD,DEBIT,MOBILE,TRANSFER,EXT-VERDANA,Fictional Counterparty,VD,,DEV-0022,FALSE,Synthetic routine activity
TXN-0001190,ACC-00060,2026-06-26T12:38:00,5961.10,VRD,DEBIT,MOBILE,TRANSFER,EXT-VERDANA,Fictional Counterparty,VD,,DEV-0057,FALSE,Synthetic routine activity
TXN-0001191,ACC-00112,2026-06-26T14:44:00,2431.30,VRD,CREDIT,MOBILE,TRANSFER,EXT-VERDANA,Fictional Counterparty,VD,,DEV-0023,FALSE,Synthetic routine activity
TXN-0001192,ACC-00044,2026-06-26T16:00:00,3377.25,VRD,CREDIT,CARD,PURCHASE,EXT-VERDANA,Fictional Counterparty,VD,,DEV-0059,FALSE,Synthetic routine activity
TXN-0001193,ACC-00069,2026-06-26T16:00:00,1793.55,VRD,DEBIT,CARD,PURCHASE,EXT-VERDANA,Fictional Counterparty,VD,,DEV-0034,FALSE,Synthetic routine activity
TXN-0001194,ACC-00094,2026-06-26T16:00:00,1444.71,VRD,DEBIT,CARD,PURCHASE,EXT-VERDANA,Fictional Counterparty,VD,,DEV-0009,FALSE,Synthetic routine activity
TXN-0001195,ACC-00003,2026-06-27T09:35:00,3164.47,VRD,CREDIT,MOBILE,TRANSFER,EXT-VERDANA,Fictional Counterparty,VD,,DEV-0045,FALSE,Synthetic routine activity
TXN-0001196,ACC-00028,2026-06-27T09:35:00,1902.30,VRD,DEBIT,MOBILE,TRANSFER,EXT-VERDANA,Fictional Counterparty,VD,,DEV-0020,FALSE,Synthetic routine activity
TXN-0001197,ACC-00080,2026-06-27T11:41:00,6938.78,VRD,DEBIT,MOBILE,TRANSFER,EXT-VERDANA,Fictional Counterparty,VD,,DEV-0046,FALSE,Synthetic routine activity
TXN-0001198,ACC-00105,2026-06-27T11:41:00,2252.17,VRD,CREDIT,MOBILE,TRANSFER,EXT-VERDANA,Fictional Counterparty,VD,,DEV-0021,FALSE,Synthetic routine activity
TXN-0001199,ACC-00130,2026-06-27T11:41:00,14467.15,VRD,DEBIT,MOBILE,TRANSFER,EXT-VERDANA,Fictional Counterparty,VD,,DEV-0056,FALSE,Synthetic routine activity
TXN-0001200,ACC-00012,2026-06-27T13:57:00,1843.53,VRD,DEBIT,CARD,PURCHASE,EXT-VERDANA,Fictional Counterparty,VD,,DEV-0022,FALSE,Synthetic routine activity
TXN-0001201,ACC-00037,2026-06-27T13:57:00,12057.34,VRD,CREDIT,CARD,PURCHASE,EXT-VERDANA,Fictional Counterparty,VD,,DEV-0057,FALSE,Synthetic routine activity
TXN-0001202,ACC-00062,2026-06-27T13:57:00,13755.21,VRD,DEBIT,CARD,PURCHASE,EXT-VERDANA,Fictional Counterparty,VD,,DEV-0032,FALSE,Synthetic routine activity
TXN-0001203,ACC-00114,2026-06-27T15:03:00,13157.98,VRD,DEBIT,CARD,PURCHASE,EXT-VERDANA,Fictional Counterparty,VD,,DEV-0058,FALSE,Synthetic routine activity
TXN-0001204,ACC-00046,2026-06-27T17:19:00,5486.63,VRD,DEBIT,TRANSFER,TRANSFER,EXT-VERDANA,Fictional Counterparty,VD,,DEV-0034,FALSE,Synthetic routine activity
TXN-0001205,ACC-00071,2026-06-27T17:19:00,9174.46,VRD,CREDIT,TRANSFER,TRANSFER,EXT-VERDANA,Fictional Counterparty,VD,,DEV-0009,FALSE,Synthetic routine activity
TXN-0001206,ACC-00096,2026-06-27T17:19:00,13653.92,VRD,DEBIT,TRANSFER,TRANSFER,EXT-VERDANA,Fictional Counterparty,VD,,DEV-0044,FALSE,Synthetic routine activity
TXN-0001207,ACC-00048,2026-06-28T08:38:00,13821.29,VRD,DEBIT,MOBILE,TRANSFER,EXT-VERDANA,Fictional Counterparty,VD,,DEV-0009,FALSE,Synthetic routine activity
TXN-0001208,ACC-00073,2026-06-28T08:38:00,2626.78,VRD,DEBIT,MOBILE,TRANSFER,EXT-VERDANA,Fictional Counterparty,VD,,DEV-0044,FALSE,Synthetic routine activity
TXN-0001209,ACC-00098,2026-06-28T08:38:00,12086.19,VRD,CREDIT,MOBILE,TRANSFER,EXT-VERDANA,Fictional Counterparty,VD,,DEV-0019,FALSE,Synthetic routine activity
TXN-0001210,ACC-00123,2026-06-28T08:38:00,9288.41,VRD,DEBIT,MOBILE,TRANSFER,EXT-VERDANA,Fictional Counterparty,VD,,DEV-0054,FALSE,Synthetic routine activity
TXN-0001211,ACC-00005,2026-06-28T10:54:00,3004.80,VRD,DEBIT,CARD,PURCHASE,EXT-VERDANA,Fictional Counterparty,VD,,DEV-0020,FALSE,Synthetic routine activity
TXN-0001212,ACC-00030,2026-06-28T10:54:00,12100.68,VRD,CREDIT,CARD,PURCHASE,EXT-VERDANA,Fictional Counterparty,VD,,DEV-0055,FALSE,Synthetic routine activity
TXN-0001213,ACC-00055,2026-06-28T10:54:00,1193.55,VRD,DEBIT,CARD,PURCHASE,EXT-VERDANA,Fictional Counterparty,VD,,DEV-0030,FALSE,Synthetic routine activity
TXN-0001214,ACC-00082,2026-06-28T12:00:00,12417.07,VRD,DEBIT,CARD,PURCHASE,EXT-VERDANA,Fictional Counterparty,VD,,DEV-0021,FALSE,Synthetic routine activity
TXN-0001215,ACC-00107,2026-06-28T12:00:00,7432.48,VRD,DEBIT,CARD,PURCHASE,EXT-VERDANA,Fictional Counterparty,VD,,DEV-0056,FALSE,Synthetic routine activity
TXN-0001216,ACC-00014,2026-06-28T14:16:00,10891.33,VRD,DEBIT,TRANSFER,TRANSFER,EXT-VERDANA,Fictional Counterparty,VD,,DEV-0057,FALSE,Synthetic routine activity
TXN-0001217,ACC-00039,2026-06-28T14:16:00,5939.12,VRD,DEBIT,TRANSFER,TRANSFER,EXT-VERDANA,Fictional Counterparty,VD,,DEV-0032,FALSE,Synthetic routine activity
TXN-0001218,ACC-00064,2026-06-28T14:16:00,1372.50,VRD,CREDIT,TRANSFER,TRANSFER,EXT-VERDANA,Fictional Counterparty,VD,,DEV-0007,FALSE,Synthetic routine activity
TXN-0001219,ACC-00089,2026-06-28T14:16:00,7929.16,VRD,DEBIT,TRANSFER,TRANSFER,EXT-VERDANA,Fictional Counterparty,VD,,DEV-0042,FALSE,Synthetic routine activity
TXN-0001220,ACC-00116,2026-06-28T16:22:00,2721.96,VRD,DEBIT,TRANSFER,TRANSFER,EXT-VERDANA,Fictional Counterparty,VD,,DEV-0033,FALSE,Synthetic routine activity
TXN-0001221,ACC-00021,2026-06-28T16:32:00,13241.66,VRD,DEBIT,MOBILE,TRANSFER,EXT-VERDANA,Fictional Counterparty,VD,,DEV-0018,FALSE,Synthetic routine activity
TXN-0001222,ACC-00050,2026-06-29T09:57:00,2567.35,VRD,DEBIT,CARD,PURCHASE,EXT-VERDANA,Fictional Counterparty,VD,,DEV-0044,FALSE,Synthetic routine activity
TXN-0001223,ACC-00075,2026-06-29T09:57:00,11292.79,VRD,DEBIT,CARD,PURCHASE,EXT-VERDANA,Fictional Counterparty,VD,,DEV-0019,FALSE,Synthetic routine activity
TXN-0001224,ACC-00100,2026-06-29T09:57:00,654.89,VRD,DEBIT,CARD,PURCHASE,EXT-VERDANA,Fictional Counterparty,VD,,DEV-0054,FALSE,Synthetic routine activity
TXN-0001225,ACC-00125,2026-06-29T09:57:00,1408.63,VRD,CREDIT,CARD,PURCHASE,EXT-VERDANA,Fictional Counterparty,VD,,DEV-0029,FALSE,Synthetic routine activity
TXN-0001226,ACC-00007,2026-06-29T11:13:00,12491.62,VRD,DEBIT,TRANSFER,TRANSFER,EXT-VERDANA,Fictional Counterparty,VD,,DEV-0055,FALSE,Synthetic routine activity
TXN-0001227,ACC-00032,2026-06-29T11:13:00,1830.20,VRD,DEBIT,TRANSFER,TRANSFER,EXT-VERDANA,Fictional Counterparty,VD,,DEV-0030,FALSE,Synthetic routine activity
TXN-0001228,ACC-00057,2026-06-29T11:13:00,8101.96,VRD,CREDIT,TRANSFER,TRANSFER,EXT-VERDANA,Fictional Counterparty,VD,,DEV-0005,FALSE,Synthetic routine activity
TXN-0001229,ACC-00084,2026-06-29T13:19:00,8349.27,VRD,DEBIT,TRANSFER,TRANSFER,EXT-VERDANA,Fictional Counterparty,VD,,DEV-0056,FALSE,Synthetic routine activity
TXN-0001230,ACC-00109,2026-06-29T13:19:00,2401.93,VRD,DEBIT,TRANSFER,TRANSFER,EXT-VERDANA,Fictional Counterparty,VD,,DEV-0031,FALSE,Synthetic routine activity
TXN-0001231,ACC-00016,2026-06-29T15:35:00,14656.94,VRD,DEBIT,MOBILE,TRANSFER,EXT-VERDANA,Fictional Counterparty,VD,,DEV-0032,FALSE,Synthetic routine activity
TXN-0001232,ACC-00041,2026-06-29T15:35:00,13484.23,VRD,DEBIT,MOBILE,TRANSFER,EXT-VERDANA,Fictional Counterparty,VD,,DEV-0007,FALSE,Synthetic routine activity
TXN-0001233,ACC-00066,2026-06-29T15:35:00,4441.73,VRD,DEBIT,MOBILE,TRANSFER,EXT-VERDANA,Fictional Counterparty,VD,,DEV-0042,FALSE,Synthetic routine activity
TXN-0001234,ACC-00091,2026-06-29T15:35:00,11534.92,VRD,CREDIT,MOBILE,TRANSFER,EXT-VERDANA,Fictional Counterparty,VD,,DEV-0017,FALSE,Synthetic routine activity
TXN-0001235,ACC-00118,2026-06-29T17:41:00,9968.16,VRD,DEBIT,MOBILE,TRANSFER,EXT-VERDANA,Fictional Counterparty,VD,,DEV-0008,FALSE,Synthetic routine activity
TXN-0001236,ACC-00023,2026-06-29T17:51:00,14270.59,VRD,CREDIT,CARD,PURCHASE,EXT-VERDANA,Fictional Counterparty,VD,,DEV-0053,FALSE,Synthetic routine activity
TXN-0001237,ACC-00120,2026-06-30T08:00:00,11871.16,VRD,CREDIT,CARD,PURCHASE,EXT-VERDANA,Fictional Counterparty,VD,,DEV-0043,FALSE,Synthetic routine activity
TXN-0001238,ACC-00025,2026-06-30T08:10:00,12269.14,VRD,DEBIT,TRANSFER,TRANSFER,EXT-VERDANA,Fictional Counterparty,VD,,DEV-0028,FALSE,Synthetic routine activity
TXN-0001239,ACC-00052,2026-06-30T10:16:00,14722.92,VRD,CREDIT,TRANSFER,TRANSFER,EXT-VERDANA,Fictional Counterparty,VD,,DEV-0019,FALSE,Synthetic routine activity
TXN-0001240,ACC-00077,2026-06-30T10:16:00,1329.37,VRD,DEBIT,TRANSFER,TRANSFER,EXT-VERDANA,Fictional Counterparty,VD,,DEV-0054,FALSE,Synthetic routine activity
TXN-0001241,ACC-00102,2026-06-30T10:16:00,13173.41,VRD,DEBIT,TRANSFER,TRANSFER,EXT-VERDANA,Fictional Counterparty,VD,,DEV-0029,FALSE,Synthetic routine activity
TXN-0001242,ACC-00127,2026-06-30T10:16:00,12617.79,VRD,DEBIT,TRANSFER,TRANSFER,EXT-VERDANA,Fictional Counterparty,VD,,DEV-0004,FALSE,Synthetic routine activity
TXN-0001243,ACC-00009,2026-06-30T12:32:00,3619.12,VRD,DEBIT,MOBILE,TRANSFER,EXT-VERDANA,Fictional Counterparty,VD,,DEV-0030,FALSE,Synthetic routine activity
TXN-0001244,ACC-00034,2026-06-30T12:32:00,1996.29,VRD,DEBIT,MOBILE,TRANSFER,EXT-VERDANA,Fictional Counterparty,VD,,DEV-0005,FALSE,Synthetic routine activity
TXN-0001245,ACC-00059,2026-06-30T12:32:00,4559.90,VRD,DEBIT,MOBILE,TRANSFER,EXT-VERDANA,Fictional Counterparty,VD,,DEV-0040,FALSE,Synthetic routine activity
TXN-0001246,ACC-00086,2026-06-30T14:38:00,651.38,VRD,CREDIT,MOBILE,TRANSFER,EXT-VERDANA,Fictional Counterparty,VD,,DEV-0031,FALSE,Synthetic routine activity
TXN-0001247,ACC-00111,2026-06-30T14:38:00,3563.46,VRD,DEBIT,MOBILE,TRANSFER,EXT-VERDANA,Fictional Counterparty,VD,,DEV-0006,FALSE,Synthetic routine activity
TXN-0001248,ACC-00018,2026-06-30T16:54:00,11487.25,VRD,CREDIT,CARD,PURCHASE,EXT-VERDANA,Fictional Counterparty,VD,,DEV-0007,FALSE,Synthetic routine activity
TXN-0001249,ACC-00043,2026-06-30T16:54:00,13209.29,VRD,DEBIT,CARD,PURCHASE,EXT-VERDANA,Fictional Counterparty,VD,,DEV-0042,FALSE,Synthetic routine activity
TXN-0001250,ACC-00068,2026-06-30T16:54:00,7024.69,VRD,DEBIT,CARD,PURCHASE,EXT-VERDANA,Fictional Counterparty,VD,,DEV-0017,FALSE,Synthetic routine activity
TXN-0001251,ACC-00093,2026-06-30T16:54:00,1498.71,VRD,DEBIT,CARD,PURCHASE,EXT-VERDANA,Fictional Counterparty,VD,,DEV-0052,FALSE,Synthetic routine activity
TXN-0001252,ACC-00002,2026-07-01T09:29:00,13723.05,VRD,DEBIT,MOBILE,TRANSFER,EXT-VERDANA,Fictional Counterparty,VD,,DEV-0028,FALSE,Synthetic routine activity
TXN-0001253,ACC-00027,2026-07-01T09:29:00,5780.31,VRD,DEBIT,MOBILE,TRANSFER,EXT-VERDANA,Fictional Counterparty,VD,,DEV-0003,FALSE,Synthetic routine activity
TXN-0001254,ACC-00079,2026-07-01T11:35:00,11647.78,VRD,CREDIT,MOBILE,TRANSFER,EXT-VERDANA,Fictional Counterparty,VD,,DEV-0029,FALSE,Synthetic routine activity
TXN-0001255,ACC-00104,2026-07-01T11:35:00,12375.71,VRD,DEBIT,MOBILE,TRANSFER,EXT-VERDANA,Fictional Counterparty,VD,,DEV-0004,FALSE,Synthetic routine activity
TXN-0001256,ACC-00129,2026-07-01T11:35:00,14441.40,VRD,DEBIT,MOBILE,TRANSFER,EXT-VERDANA,Fictional Counterparty,VD,,DEV-0039,FALSE,Synthetic routine activity
TXN-0001257,ACC-00011,2026-07-01T13:51:00,4066.07,VRD,CREDIT,CARD,PURCHASE,EXT-VERDANA,Fictional Counterparty,VD,,DEV-0005,FALSE,Synthetic routine activity
TXN-0001258,ACC-00036,2026-07-01T13:51:00,7742.97,VRD,DEBIT,CARD,PURCHASE,EXT-VERDANA,Fictional Counterparty,VD,,DEV-0040,FALSE,Synthetic routine activity
TXN-0001259,ACC-00061,2026-07-01T13:51:00,5560.23,VRD,DEBIT,CARD,PURCHASE,EXT-VERDANA,Fictional Counterparty,VD,,DEV-0015,FALSE,Synthetic routine activity
TXN-0001260,ACC-00113,2026-07-01T15:57:00,657.62,VRD,CREDIT,CARD,PURCHASE,EXT-VERDANA,Fictional Counterparty,VD,,DEV-0041,FALSE,Synthetic routine activity
TXN-0001261,ACC-00045,2026-07-01T17:13:00,7951.47,VRD,CREDIT,TRANSFER,TRANSFER,EXT-VERDANA,Fictional Counterparty,VD,,DEV-0017,FALSE,Synthetic routine activity
TXN-0001262,ACC-00070,2026-07-01T17:13:00,6452.65,VRD,DEBIT,TRANSFER,TRANSFER,EXT-VERDANA,Fictional Counterparty,VD,,DEV-0052,FALSE,Synthetic routine activity
TXN-0001263,ACC-00095,2026-07-01T17:13:00,3922.42,VRD,DEBIT,TRANSFER,TRANSFER,EXT-VERDANA,Fictional Counterparty,VD,,DEV-0027,FALSE,Synthetic routine activity
TXN-0001264,ACC-00047,2026-07-02T08:32:00,2127.87,VRD,DEBIT,MOBILE,TRANSFER,EXT-VERDANA,Fictional Counterparty,VD,,DEV-0052,FALSE,Synthetic routine activity
TXN-0001265,ACC-00072,2026-07-02T08:32:00,14353.40,VRD,CREDIT,MOBILE,TRANSFER,EXT-VERDANA,Fictional Counterparty,VD,,DEV-0027,FALSE,Synthetic routine activity
TXN-0001266,ACC-00097,2026-07-02T08:32:00,6030.32,VRD,DEBIT,MOBILE,TRANSFER,EXT-VERDANA,Fictional Counterparty,VD,,DEV-0002,FALSE,Synthetic routine activity
TXN-0001267,ACC-00004,2026-07-02T10:48:00,1584.27,VRD,CREDIT,CARD,PURCHASE,EXT-VERDANA,Fictional Counterparty,VD,,DEV-0003,FALSE,Synthetic routine activity
TXN-0001268,ACC-00029,2026-07-02T10:48:00,7934.34,VRD,DEBIT,CARD,PURCHASE,EXT-VERDANA,Fictional Counterparty,VD,,DEV-0038,FALSE,Synthetic routine activity
TXN-0001269,ACC-00081,2026-07-02T12:54:00,4228.92,VRD,DEBIT,CARD,PURCHASE,EXT-VERDANA,Fictional Counterparty,VD,,DEV-0004,FALSE,Synthetic routine activity
TXN-0001270,ACC-00106,2026-07-02T12:54:00,5092.50,VRD,CREDIT,CARD,PURCHASE,EXT-VERDANA,Fictional Counterparty,VD,,DEV-0039,FALSE,Synthetic routine activity
TXN-0001271,ACC-00013,2026-07-02T14:10:00,14905.31,VRD,DEBIT,TRANSFER,TRANSFER,EXT-VERDANA,Fictional Counterparty,VD,,DEV-0040,FALSE,Synthetic routine activity
TXN-0001272,ACC-00038,2026-07-02T14:10:00,8435.44,VRD,CREDIT,TRANSFER,TRANSFER,EXT-VERDANA,Fictional Counterparty,VD,,DEV-0015,FALSE,Synthetic routine activity
TXN-0001273,ACC-00063,2026-07-02T14:10:00,3155.25,VRD,DEBIT,TRANSFER,TRANSFER,EXT-VERDANA,Fictional Counterparty,VD,,DEV-0050,FALSE,Synthetic routine activity
TXN-0001274,ACC-00115,2026-07-02T16:16:00,3938.94,VRD,DEBIT,TRANSFER,TRANSFER,EXT-VERDANA,Fictional Counterparty,VD,,DEV-0016,FALSE,Synthetic routine activity
TXN-0001275,ACC-00049,2026-07-03T09:51:00,7844.99,VRD,DEBIT,CARD,PURCHASE,EXT-VERDANA,Fictional Counterparty,VD,,DEV-0027,FALSE,Synthetic routine activity
TXN-0001276,ACC-00074,2026-07-03T09:51:00,14724.07,VRD,DEBIT,CARD,PURCHASE,EXT-VERDANA,Fictional Counterparty,VD,,DEV-0002,FALSE,Synthetic routine activity
TXN-0001277,ACC-00099,2026-07-03T09:51:00,9091.19,VRD,CREDIT,CARD,PURCHASE,EXT-VERDANA,Fictional Counterparty,VD,,DEV-0037,FALSE,Synthetic routine activity
TXN-0001278,ACC-00124,2026-07-03T09:51:00,685.20,VRD,DEBIT,CARD,PURCHASE,EXT-VERDANA,Fictional Counterparty,VD,,DEV-0012,FALSE,Synthetic routine activity
TXN-0001279,ACC-00006,2026-07-03T11:07:00,4815.64,VRD,DEBIT,TRANSFER,TRANSFER,EXT-VERDANA,Fictional Counterparty,VD,,DEV-0038,FALSE,Synthetic routine activity
TXN-0001280,ACC-00031,2026-07-03T11:07:00,2944.72,VRD,CREDIT,TRANSFER,TRANSFER,EXT-VERDANA,Fictional Counterparty,VD,,DEV-0013,FALSE,Synthetic routine activity
TXN-0001281,ACC-00056,2026-07-03T11:07:00,4130.42,VRD,DEBIT,TRANSFER,TRANSFER,EXT-VERDANA,Fictional Counterparty,VD,,DEV-0048,FALSE,Synthetic routine activity
TXN-0001282,ACC-00083,2026-07-03T13:13:00,13134.36,VRD,DEBIT,TRANSFER,TRANSFER,EXT-VERDANA,Fictional Counterparty,VD,,DEV-0039,FALSE,Synthetic routine activity
TXN-0001283,ACC-00108,2026-07-03T13:13:00,12831.42,VRD,DEBIT,TRANSFER,TRANSFER,EXT-VERDANA,Fictional Counterparty,VD,,DEV-0014,FALSE,Synthetic routine activity
TXN-0001284,ACC-00015,2026-07-03T15:29:00,2588.05,VRD,DEBIT,MOBILE,TRANSFER,EXT-VERDANA,Fictional Counterparty,VD,,DEV-0015,FALSE,Synthetic routine activity
TXN-0001285,ACC-00040,2026-07-03T15:29:00,1088.79,VRD,DEBIT,MOBILE,TRANSFER,EXT-VERDANA,Fictional Counterparty,VD,,DEV-0050,FALSE,Synthetic routine activity
TXN-0001286,ACC-00065,2026-07-03T15:29:00,9491.93,VRD,CREDIT,MOBILE,TRANSFER,EXT-VERDANA,Fictional Counterparty,VD,,DEV-0025,FALSE,Synthetic routine activity
TXN-0001287,ACC-00090,2026-07-03T15:29:00,2718.98,VRD,DEBIT,MOBILE,TRANSFER,EXT-VERDANA,Fictional Counterparty,VD,,DEV-0060,FALSE,Synthetic routine activity
TXN-0001288,ACC-00117,2026-07-03T17:35:00,8947.95,VRD,DEBIT,MOBILE,TRANSFER,EXT-VERDANA,Fictional Counterparty,VD,,DEV-0051,FALSE,Synthetic routine activity
TXN-0001289,ACC-00022,2026-07-03T17:45:00,10069.89,VRD,DEBIT,CARD,PURCHASE,EXT-VERDANA,Fictional Counterparty,VD,,DEV-0036,FALSE,Synthetic routine activity
TXN-0001290,ACC-00024,2026-07-04T08:04:00,12772.69,VRD,CREDIT,TRANSFER,TRANSFER,EXT-VERDANA,Fictional Counterparty,VD,,DEV-0011,FALSE,Synthetic routine activity
TXN-0001291,ACC-00119,2026-07-04T08:54:00,11387.83,VRD,DEBIT,CARD,PURCHASE,EXT-VERDANA,Fictional Counterparty,VD,,DEV-0026,FALSE,Synthetic routine activity
TXN-0001292,ACC-00051,2026-07-04T10:10:00,5620.54,VRD,DEBIT,TRANSFER,TRANSFER,EXT-VERDANA,Fictional Counterparty,VD,,DEV-0002,FALSE,Synthetic routine activity
TXN-0001293,ACC-00076,2026-07-04T10:10:00,11782.07,VRD,DEBIT,TRANSFER,TRANSFER,EXT-VERDANA,Fictional Counterparty,VD,,DEV-0037,FALSE,Synthetic routine activity
TXN-0001294,ACC-00101,2026-07-04T10:10:00,13949.50,VRD,DEBIT,TRANSFER,TRANSFER,EXT-VERDANA,Fictional Counterparty,VD,,DEV-0012,FALSE,Synthetic routine activity
TXN-0001295,ACC-00126,2026-07-04T10:10:00,7319.92,VRD,CREDIT,TRANSFER,TRANSFER,EXT-VERDANA,Fictional Counterparty,VD,,DEV-0047,FALSE,Synthetic routine activity
TXN-0001296,ACC-00008,2026-07-04T12:26:00,6039.02,VRD,DEBIT,MOBILE,TRANSFER,EXT-VERDANA,Fictional Counterparty,VD,,DEV-0013,FALSE,Synthetic routine activity
TXN-0001297,ACC-00033,2026-07-04T12:26:00,11110.19,VRD,DEBIT,MOBILE,TRANSFER,EXT-VERDANA,Fictional Counterparty,VD,,DEV-0048,FALSE,Synthetic routine activity
TXN-0001298,ACC-00058,2026-07-04T12:26:00,1757.82,VRD,CREDIT,MOBILE,TRANSFER,EXT-VERDANA,Fictional Counterparty,VD,,DEV-0023,FALSE,Synthetic routine activity
TXN-0001299,ACC-00085,2026-07-04T14:32:00,14928.60,VRD,DEBIT,MOBILE,TRANSFER,EXT-VERDANA,Fictional Counterparty,VD,,DEV-0014,FALSE,Synthetic routine activity
TXN-0001300,ACC-00110,2026-07-04T14:32:00,5922.71,VRD,DEBIT,MOBILE,TRANSFER,EXT-VERDANA,Fictional Counterparty,VD,,DEV-0049,FALSE,Synthetic routine activity
TXN-0001301,ACC-00017,2026-07-04T16:48:00,11633.68,VRD,DEBIT,CARD,PURCHASE,EXT-VERDANA,Fictional Counterparty,VD,,DEV-0050,FALSE,Synthetic routine activity
TXN-0001302,ACC-00042,2026-07-04T16:48:00,4597.58,VRD,DEBIT,CARD,PURCHASE,EXT-VERDANA,Fictional Counterparty,VD,,DEV-0025,FALSE,Synthetic routine activity
TXN-0001303,ACC-00067,2026-07-04T16:48:00,12545.96,VRD,DEBIT,CARD,PURCHASE,EXT-VERDANA,Fictional Counterparty,VD,,DEV-0060,FALSE,Synthetic routine activity
TXN-0001304,ACC-00092,2026-07-04T16:48:00,4509.94,VRD,CREDIT,CARD,PURCHASE,EXT-VERDANA,Fictional Counterparty,VD,,DEV-0035,FALSE,Synthetic routine activity
TXN-0001305,ACC-00121,2026-07-05T09:13:00,2980.52,VRD,CREDIT,TRANSFER,TRANSFER,EXT-VERDANA,Fictional Counterparty,VD,,DEV-0001,FALSE,Synthetic routine activity
TXN-0001306,ACC-00001,2026-07-05T09:23:00,4311.64,VRD,DEBIT,MOBILE,TRANSFER,EXT-VERDANA,Fictional Counterparty,VD,,DEV-0011,FALSE,Synthetic routine activity
TXN-0001307,ACC-00026,2026-07-05T09:23:00,6571.08,VRD,DEBIT,MOBILE,TRANSFER,EXT-VERDANA,Fictional Counterparty,VD,,DEV-0046,FALSE,Synthetic routine activity
TXN-0001308,ACC-00053,2026-07-05T11:29:00,11277.88,VRD,CREDIT,MOBILE,TRANSFER,EXT-VERDANA,Fictional Counterparty,VD,,DEV-0037,FALSE,Synthetic routine activity
TXN-0001309,ACC-00078,2026-07-05T11:29:00,10289.83,VRD,DEBIT,MOBILE,TRANSFER,EXT-VERDANA,Fictional Counterparty,VD,,DEV-0012,FALSE,Synthetic routine activity
TXN-0001310,ACC-00103,2026-07-05T11:29:00,1999.00,VRD,DEBIT,MOBILE,TRANSFER,EXT-VERDANA,Fictional Counterparty,VD,,DEV-0047,FALSE,Synthetic routine activity
TXN-0001311,ACC-00128,2026-07-05T11:29:00,9180.30,VRD,DEBIT,MOBILE,TRANSFER,EXT-VERDANA,Fictional Counterparty,VD,,DEV-0022,FALSE,Synthetic routine activity
TXN-0001312,ACC-00010,2026-07-05T13:45:00,11184.69,VRD,DEBIT,CARD,PURCHASE,EXT-VERDANA,Fictional Counterparty,VD,,DEV-0048,FALSE,Synthetic routine activity
TXN-0001313,ACC-00035,2026-07-05T13:45:00,5903.52,VRD,DEBIT,CARD,PURCHASE,EXT-VERDANA,Fictional Counterparty,VD,,DEV-0023,FALSE,Synthetic routine activity
TXN-0001314,ACC-00060,2026-07-05T13:45:00,10047.84,VRD,DEBIT,CARD,PURCHASE,EXT-VERDANA,Fictional Counterparty,VD,,DEV-0058,FALSE,Synthetic routine activity
TXN-0001315,ACC-00087,2026-07-05T15:51:00,14527.81,VRD,CREDIT,CARD,PURCHASE,EXT-VERDANA,Fictional Counterparty,VD,,DEV-0049,FALSE,Synthetic routine activity
TXN-0001316,ACC-00112,2026-07-05T15:51:00,5503.14,VRD,DEBIT,CARD,PURCHASE,EXT-VERDANA,Fictional Counterparty,VD,,DEV-0024,FALSE,Synthetic routine activity
TXN-0001317,ACC-00019,2026-07-05T17:07:00,14159.00,VRD,CREDIT,TRANSFER,TRANSFER,EXT-VERDANA,Fictional Counterparty,VD,,DEV-0025,FALSE,Synthetic routine activity
TXN-0001318,ACC-00044,2026-07-05T17:07:00,2665.69,VRD,DEBIT,TRANSFER,TRANSFER,EXT-VERDANA,Fictional Counterparty,VD,,DEV-0060,FALSE,Synthetic routine activity
TXN-0001319,ACC-00069,2026-07-05T17:07:00,10370.23,VRD,DEBIT,TRANSFER,TRANSFER,EXT-VERDANA,Fictional Counterparty,VD,,DEV-0035,FALSE,Synthetic routine activity
TXN-0001320,ACC-00094,2026-07-05T17:07:00,7261.53,VRD,DEBIT,TRANSFER,TRANSFER,EXT-VERDANA,Fictional Counterparty,VD,,DEV-0010,FALSE,Synthetic routine activity
TXN-0001321,ACC-00046,2026-07-06T08:26:00,2402.12,VRD,CREDIT,MOBILE,TRANSFER,EXT-VERDANA,Fictional Counterparty,VD,,DEV-0035,FALSE,Synthetic routine activity
TXN-0001322,ACC-00071,2026-07-06T08:26:00,7021.40,VRD,DEBIT,MOBILE,TRANSFER,EXT-VERDANA,Fictional Counterparty,VD,,DEV-0010,FALSE,Synthetic routine activity
TXN-0001323,ACC-00096,2026-07-06T08:26:00,8192.97,VRD,DEBIT,MOBILE,TRANSFER,EXT-VERDANA,Fictional Counterparty,VD,,DEV-0045,FALSE,Synthetic routine activity
TXN-0001324,ACC-00003,2026-07-06T10:42:00,6320.26,VRD,DEBIT,CARD,PURCHASE,EXT-VERDANA,Fictional Counterparty,VD,,DEV-0046,FALSE,Synthetic routine activity
TXN-0001325,ACC-00028,2026-07-06T10:42:00,12297.52,VRD,DEBIT,CARD,PURCHASE,EXT-VERDANA,Fictional Counterparty,VD,,DEV-0021,FALSE,Synthetic routine activity
TXN-0001326,ACC-00080,2026-07-06T12:48:00,12613.38,VRD,CREDIT,CARD,PURCHASE,EXT-VERDANA,Fictional Counterparty,VD,,DEV-0047,FALSE,Synthetic routine activity
TXN-0001327,ACC-00105,2026-07-06T12:48:00,5491.00,VRD,DEBIT,CARD,PURCHASE,EXT-VERDANA,Fictional Counterparty,VD,,DEV-0022,FALSE,Synthetic routine activity
TXN-0001328,ACC-00130,2026-07-06T12:48:00,1981.20,VRD,DEBIT,CARD,PURCHASE,EXT-VERDANA,Fictional Counterparty,VD,,DEV-0057,FALSE,Synthetic routine activity
TXN-0001329,ACC-00012,2026-07-06T14:04:00,11270.74,VRD,CREDIT,TRANSFER,TRANSFER,EXT-VERDANA,Fictional Counterparty,VD,,DEV-0023,FALSE,Synthetic routine activity
TXN-0001330,ACC-00037,2026-07-06T14:04:00,7307.61,VRD,DEBIT,TRANSFER,TRANSFER,EXT-VERDANA,Fictional Counterparty,VD,,DEV-0058,FALSE,Synthetic routine activity
TXN-0001331,ACC-00062,2026-07-06T14:04:00,12315.56,VRD,DEBIT,TRANSFER,TRANSFER,EXT-VERDANA,Fictional Counterparty,VD,,DEV-0033,FALSE,Synthetic routine activity
TXN-0001332,ACC-00114,2026-07-06T16:10:00,8615.70,VRD,CREDIT,TRANSFER,TRANSFER,EXT-VERDANA,Fictional Counterparty,VD,,DEV-0059,FALSE,Synthetic routine activity
TXN-0001333,ACC-00048,2026-07-07T09:45:00,5883.99,VRD,DEBIT,CARD,PURCHASE,EXT-VERDANA,Fictional Counterparty,VD,,DEV-0010,FALSE,Synthetic routine activity
TXN-0001334,ACC-00073,2026-07-07T09:45:00,14987.11,VRD,CREDIT,CARD,PURCHASE,EXT-VERDANA,Fictional Counterparty,VD,,DEV-0045,FALSE,Synthetic routine activity
TXN-0001335,ACC-00098,2026-07-07T09:45:00,649.27,VRD,DEBIT,CARD,PURCHASE,EXT-VERDANA,Fictional Counterparty,VD,,DEV-0020,FALSE,Synthetic routine activity
TXN-0001336,ACC-00005,2026-07-07T11:01:00,3121.87,VRD,CREDIT,TRANSFER,TRANSFER,EXT-VERDANA,Fictional Counterparty,VD,,DEV-0021,FALSE,Synthetic routine activity
TXN-0001337,ACC-00030,2026-07-07T11:01:00,2573.35,VRD,DEBIT,TRANSFER,TRANSFER,EXT-VERDANA,Fictional Counterparty,VD,,DEV-0056,FALSE,Synthetic routine activity
TXN-0001338,ACC-00082,2026-07-07T13:07:00,12063.17,VRD,DEBIT,TRANSFER,TRANSFER,EXT-VERDANA,Fictional Counterparty,VD,,DEV-0022,FALSE,Synthetic routine activity
TXN-0001339,ACC-00107,2026-07-07T13:07:00,1711.57,VRD,CREDIT,TRANSFER,TRANSFER,EXT-VERDANA,Fictional Counterparty,VD,,DEV-0057,FALSE,Synthetic routine activity
TXN-0001340,ACC-00014,2026-07-07T15:23:00,8780.62,VRD,DEBIT,MOBILE,TRANSFER,EXT-VERDANA,Fictional Counterparty,VD,,DEV-0058,FALSE,Synthetic routine activity
TXN-0001341,ACC-00039,2026-07-07T15:23:00,14822.56,VRD,CREDIT,MOBILE,TRANSFER,EXT-VERDANA,Fictional Counterparty,VD,,DEV-0033,FALSE,Synthetic routine activity
TXN-0001342,ACC-00064,2026-07-07T15:23:00,8724.47,VRD,DEBIT,MOBILE,TRANSFER,EXT-VERDANA,Fictional Counterparty,VD,,DEV-0008,FALSE,Synthetic routine activity
TXN-0001343,ACC-00116,2026-07-07T17:29:00,13372.52,VRD,DEBIT,MOBILE,TRANSFER,EXT-VERDANA,Fictional Counterparty,VD,,DEV-0034,FALSE,Synthetic routine activity
TXN-0001344,ACC-00118,2026-07-08T08:48:00,9775.62,VRD,DEBIT,CARD,PURCHASE,EXT-VERDANA,Fictional Counterparty,VD,,DEV-0009,FALSE,Synthetic routine activity
TXN-0001345,ACC-00023,2026-07-08T08:58:00,2591.79,VRD,DEBIT,TRANSFER,TRANSFER,EXT-VERDANA,Fictional Counterparty,VD,,DEV-0054,FALSE,Synthetic routine activity
TXN-0001346,ACC-00050,2026-07-08T10:04:00,10728.81,VRD,DEBIT,TRANSFER,TRANSFER,EXT-VERDANA,Fictional Counterparty,VD,,DEV-0045,FALSE,Synthetic routine activity
TXN-0001347,ACC-00075,2026-07-08T10:04:00,12306.77,VRD,DEBIT,TRANSFER,TRANSFER,EXT-VERDANA,Fictional Counterparty,VD,,DEV-0020,FALSE,Synthetic routine activity
TXN-0001348,ACC-00100,2026-07-08T10:04:00,3307.10,VRD,CREDIT,TRANSFER,TRANSFER,EXT-VERDANA,Fictional Counterparty,VD,,DEV-0055,FALSE,Synthetic routine activity
TXN-0001349,ACC-00125,2026-07-08T10:04:00,14579.72,VRD,DEBIT,TRANSFER,TRANSFER,EXT-VERDANA,Fictional Counterparty,VD,,DEV-0030,FALSE,Synthetic routine activity
TXN-0001350,ACC-00007,2026-07-08T12:20:00,13869.08,VRD,DEBIT,MOBILE,TRANSFER,EXT-VERDANA,Fictional Counterparty,VD,,DEV-0056,FALSE,Synthetic routine activity
TXN-0001351,ACC-00032,2026-07-08T12:20:00,4429.22,VRD,CREDIT,MOBILE,TRANSFER,EXT-VERDANA,Fictional Counterparty,VD,,DEV-0031,FALSE,Synthetic routine activity
TXN-0001352,ACC-00057,2026-07-08T12:20:00,9736.97,VRD,DEBIT,MOBILE,TRANSFER,EXT-VERDANA,Fictional Counterparty,VD,,DEV-0006,FALSE,Synthetic routine activity
TXN-0001353,ACC-00084,2026-07-08T14:26:00,3810.68,VRD,DEBIT,MOBILE,TRANSFER,EXT-VERDANA,Fictional Counterparty,VD,,DEV-0057,FALSE,Synthetic routine activity
TXN-0001354,ACC-00109,2026-07-08T14:26:00,2821.44,VRD,DEBIT,MOBILE,TRANSFER,EXT-VERDANA,Fictional Counterparty,VD,,DEV-0032,FALSE,Synthetic routine activity
TXN-0001355,ACC-00016,2026-07-08T16:42:00,13783.31,VRD,DEBIT,CARD,PURCHASE,EXT-VERDANA,Fictional Counterparty,VD,,DEV-0033,FALSE,Synthetic routine activity
TXN-0001356,ACC-00041,2026-07-08T16:42:00,3285.22,VRD,DEBIT,CARD,PURCHASE,EXT-VERDANA,Fictional Counterparty,VD,,DEV-0008,FALSE,Synthetic routine activity
TXN-0001357,ACC-00066,2026-07-08T16:42:00,7325.23,VRD,CREDIT,CARD,PURCHASE,EXT-VERDANA,Fictional Counterparty,VD,,DEV-0043,FALSE,Synthetic routine activity
TXN-0001358,ACC-00091,2026-07-08T16:42:00,9420.54,VRD,DEBIT,CARD,PURCHASE,EXT-VERDANA,Fictional Counterparty,VD,,DEV-0018,FALSE,Synthetic routine activity
TXN-0001359,ACC-00120,2026-07-09T09:07:00,8326.09,VRD,DEBIT,TRANSFER,TRANSFER,EXT-VERDANA,Fictional Counterparty,VD,,DEV-0044,FALSE,Synthetic routine activity
TXN-0001360,ACC-00025,2026-07-09T09:17:00,13243.20,VRD,CREDIT,MOBILE,TRANSFER,EXT-VERDANA,Fictional Counterparty,VD,,DEV-0029,FALSE,Synthetic routine activity
TXN-0001361,ACC-00052,2026-07-09T11:23:00,1342.36,VRD,DEBIT,MOBILE,TRANSFER,EXT-VERDANA,Fictional Counterparty,VD,,DEV-0020,FALSE,Synthetic routine activity
TXN-0001362,ACC-00077,2026-07-09T11:23:00,6793.78,VRD,DEBIT,MOBILE,TRANSFER,EXT-VERDANA,Fictional Counterparty,VD,,DEV-0055,FALSE,Synthetic routine activity
TXN-0001363,ACC-00102,2026-07-09T11:23:00,985.81,VRD,DEBIT,MOBILE,TRANSFER,EXT-VERDANA,Fictional Counterparty,VD,,DEV-0030,FALSE,Synthetic routine activity
TXN-0001364,ACC-00127,2026-07-09T11:23:00,4474.59,VRD,CREDIT,MOBILE,TRANSFER,EXT-VERDANA,Fictional Counterparty,VD,,DEV-0005,FALSE,Synthetic routine activity
TXN-0001365,ACC-00009,2026-07-09T13:39:00,2088.84,VRD,DEBIT,CARD,PURCHASE,EXT-VERDANA,Fictional Counterparty,VD,,DEV-0031,FALSE,Synthetic routine activity
TXN-0001366,ACC-00034,2026-07-09T13:39:00,11547.73,VRD,DEBIT,CARD,PURCHASE,EXT-VERDANA,Fictional Counterparty,VD,,DEV-0006,FALSE,Synthetic routine activity
TXN-0001367,ACC-00059,2026-07-09T13:39:00,7672.56,VRD,CREDIT,CARD,PURCHASE,EXT-VERDANA,Fictional Counterparty,VD,,DEV-0041,FALSE,Synthetic routine activity
TXN-0001368,ACC-00086,2026-07-09T15:45:00,9805.77,VRD,DEBIT,CARD,PURCHASE,EXT-VERDANA,Fictional Counterparty,VD,,DEV-0032,FALSE,Synthetic routine activity
TXN-0001369,ACC-00111,2026-07-09T15:45:00,5840.25,VRD,DEBIT,CARD,PURCHASE,EXT-VERDANA,Fictional Counterparty,VD,,DEV-0007,FALSE,Synthetic routine activity
TXN-0001370,ACC-00018,2026-07-09T17:01:00,6467.55,VRD,DEBIT,TRANSFER,TRANSFER,EXT-VERDANA,Fictional Counterparty,VD,,DEV-0008,FALSE,Synthetic routine activity
TXN-0001371,ACC-00043,2026-07-09T17:01:00,10446.45,VRD,DEBIT,TRANSFER,TRANSFER,EXT-VERDANA,Fictional Counterparty,VD,,DEV-0043,FALSE,Synthetic routine activity
TXN-0001372,ACC-00068,2026-07-09T17:01:00,8256.32,VRD,DEBIT,TRANSFER,TRANSFER,EXT-VERDANA,Fictional Counterparty,VD,,DEV-0018,FALSE,Synthetic routine activity
TXN-0001373,ACC-00093,2026-07-09T17:01:00,10193.94,VRD,CREDIT,TRANSFER,TRANSFER,EXT-VERDANA,Fictional Counterparty,VD,,DEV-0053,FALSE,Synthetic routine activity
TXN-0001374,ACC-00020,2026-07-10T08:20:00,13714.25,VRD,CREDIT,MOBILE,TRANSFER,EXT-VERDANA,Fictional Counterparty,VD,,DEV-0043,FALSE,Synthetic routine activity
TXN-0001375,ACC-00045,2026-07-10T08:20:00,11523.95,VRD,DEBIT,MOBILE,TRANSFER,EXT-VERDANA,Fictional Counterparty,VD,,DEV-0018,FALSE,Synthetic routine activity
TXN-0001376,ACC-00070,2026-07-10T08:20:00,13625.95,VRD,DEBIT,MOBILE,TRANSFER,EXT-VERDANA,Fictional Counterparty,VD,,DEV-0053,FALSE,Synthetic routine activity
TXN-0001377,ACC-00095,2026-07-10T08:20:00,5467.01,VRD,DEBIT,MOBILE,TRANSFER,EXT-VERDANA,Fictional Counterparty,VD,,DEV-0028,FALSE,Synthetic routine activity
TXN-0001378,ACC-00122,2026-07-10T10:26:00,3866.66,VRD,CREDIT,MOBILE,TRANSFER,EXT-VERDANA,Fictional Counterparty,VD,,DEV-0019,FALSE,Synthetic routine activity
TXN-0001379,ACC-00002,2026-07-10T10:36:00,12455.58,VRD,DEBIT,CARD,PURCHASE,EXT-VERDANA,Fictional Counterparty,VD,,DEV-0029,FALSE,Synthetic routine activity
TXN-0001380,ACC-00027,2026-07-10T10:36:00,14110.11,VRD,DEBIT,CARD,PURCHASE,EXT-VERDANA,Fictional Counterparty,VD,,DEV-0004,FALSE,Synthetic routine activity
TXN-0001381,ACC-00054,2026-07-10T12:42:00,9799.76,VRD,CREDIT,CARD,PURCHASE,EXT-VERDANA,Fictional Counterparty,VD,,DEV-0055,FALSE,Synthetic routine activity
TXN-0001382,ACC-00079,2026-07-10T12:42:00,2446.16,VRD,DEBIT,CARD,PURCHASE,EXT-VERDANA,Fictional Counterparty,VD,,DEV-0030,FALSE,Synthetic routine activity
TXN-0001383,ACC-00104,2026-07-10T12:42:00,4477.73,VRD,DEBIT,CARD,PURCHASE,EXT-VERDANA,Fictional Counterparty,VD,,DEV-0005,FALSE,Synthetic routine activity
TXN-0001384,ACC-00129,2026-07-10T12:42:00,13620.50,VRD,DEBIT,CARD,PURCHASE,EXT-VERDANA,Fictional Counterparty,VD,,DEV-0040,FALSE,Synthetic routine activity
TXN-0001385,ACC-00011,2026-07-10T14:58:00,9989.94,VRD,DEBIT,TRANSFER,TRANSFER,EXT-VERDANA,Fictional Counterparty,VD,,DEV-0006,FALSE,Synthetic routine activity
TXN-0001386,ACC-00036,2026-07-10T14:58:00,1345.26,VRD,DEBIT,TRANSFER,TRANSFER,EXT-VERDANA,Fictional Counterparty,VD,,DEV-0041,FALSE,Synthetic routine activity
TXN-0001387,ACC-00061,2026-07-10T14:58:00,4009.43,VRD,DEBIT,TRANSFER,TRANSFER,EXT-VERDANA,Fictional Counterparty,VD,,DEV-0016,FALSE,Synthetic routine activity
TXN-0001388,ACC-00088,2026-07-10T16:04:00,8125.39,VRD,CREDIT,TRANSFER,TRANSFER,EXT-VERDANA,Fictional Counterparty,VD,,DEV-0007,FALSE,Synthetic routine activity
TXN-0001389,ACC-00113,2026-07-10T16:04:00,2736.24,VRD,DEBIT,TRANSFER,TRANSFER,EXT-VERDANA,Fictional Counterparty,VD,,DEV-0042,FALSE,Synthetic routine activity
TXN-0001390,ACC-00047,2026-07-11T09:39:00,6518.69,VRD,CREDIT,CARD,PURCHASE,EXT-VERDANA,Fictional Counterparty,VD,,DEV-0053,FALSE,Synthetic routine activity
TXN-0001391,ACC-00072,2026-07-11T09:39:00,11441.44,VRD,DEBIT,CARD,PURCHASE,EXT-VERDANA,Fictional Counterparty,VD,,DEV-0028,FALSE,Synthetic routine activity
TXN-0001392,ACC-00097,2026-07-11T09:39:00,13006.62,VRD,DEBIT,CARD,PURCHASE,EXT-VERDANA,Fictional Counterparty,VD,,DEV-0003,FALSE,Synthetic routine activity
TXN-0001393,ACC-00004,2026-07-11T11:55:00,9792.91,VRD,DEBIT,TRANSFER,TRANSFER,EXT-VERDANA,Fictional Counterparty,VD,,DEV-0004,FALSE,Synthetic routine activity
TXN-0001394,ACC-00029,2026-07-11T11:55:00,5523.32,VRD,DEBIT,TRANSFER,TRANSFER,EXT-VERDANA,Fictional Counterparty,VD,,DEV-0039,FALSE,Synthetic routine activity
TXN-0001395,ACC-00081,2026-07-11T13:01:00,1341.74,VRD,CREDIT,TRANSFER,TRANSFER,EXT-VERDANA,Fictional Counterparty,VD,,DEV-0005,FALSE,Synthetic routine activity
TXN-0001396,ACC-00106,2026-07-11T13:01:00,6480.14,VRD,DEBIT,TRANSFER,TRANSFER,EXT-VERDANA,Fictional Counterparty,VD,,DEV-0040,FALSE,Synthetic routine activity
TXN-0001397,ACC-00013,2026-07-11T15:17:00,6554.36,VRD,CREDIT,MOBILE,TRANSFER,EXT-VERDANA,Fictional Counterparty,VD,,DEV-0041,FALSE,Synthetic routine activity
TXN-0001398,ACC-00038,2026-07-11T15:17:00,5946.70,VRD,DEBIT,MOBILE,TRANSFER,EXT-VERDANA,Fictional Counterparty,VD,,DEV-0016,FALSE,Synthetic routine activity
TXN-0001399,ACC-00063,2026-07-11T15:17:00,13627.77,VRD,DEBIT,MOBILE,TRANSFER,EXT-VERDANA,Fictional Counterparty,VD,,DEV-0051,FALSE,Synthetic routine activity
TXN-0001400,ACC-00115,2026-07-11T17:23:00,10132.88,VRD,CREDIT,MOBILE,TRANSFER,EXT-VERDANA,Fictional Counterparty,VD,,DEV-0017,FALSE,Synthetic routine activity
TXN-0001401,ACC-00117,2026-07-12T08:42:00,5058.88,VRD,DEBIT,CARD,PURCHASE,EXT-VERDANA,Fictional Counterparty,VD,,DEV-0052,FALSE,Synthetic routine activity
TXN-0001402,ACC-00049,2026-07-12T10:58:00,6431.65,VRD,DEBIT,TRANSFER,TRANSFER,EXT-VERDANA,Fictional Counterparty,VD,,DEV-0028,FALSE,Synthetic routine activity
TXN-0001403,ACC-00074,2026-07-12T10:58:00,14121.15,VRD,CREDIT,TRANSFER,TRANSFER,EXT-VERDANA,Fictional Counterparty,VD,,DEV-0003,FALSE,Synthetic routine activity
TXN-0001404,ACC-00099,2026-07-12T10:58:00,4448.24,VRD,DEBIT,TRANSFER,TRANSFER,EXT-VERDANA,Fictional Counterparty,VD,,DEV-0038,FALSE,Synthetic routine activity
TXN-0001405,ACC-00006,2026-07-12T12:14:00,12983.22,VRD,CREDIT,MOBILE,TRANSFER,EXT-VERDANA,Fictional Counterparty,VD,,DEV-0039,FALSE,Synthetic routine activity
TXN-0001406,ACC-00031,2026-07-12T12:14:00,5478.10,VRD,DEBIT,MOBILE,TRANSFER,EXT-VERDANA,Fictional Counterparty,VD,,DEV-0014,FALSE,Synthetic routine activity
TXN-0001407,ACC-00083,2026-07-12T14:20:00,12049.26,VRD,DEBIT,MOBILE,TRANSFER,EXT-VERDANA,Fictional Counterparty,VD,,DEV-0040,FALSE,Synthetic routine activity
TXN-0001408,ACC-00108,2026-07-12T14:20:00,13545.55,VRD,CREDIT,MOBILE,TRANSFER,EXT-VERDANA,Fictional Counterparty,VD,,DEV-0015,FALSE,Synthetic routine activity
TXN-0001409,ACC-00015,2026-07-12T16:36:00,5550.46,VRD,DEBIT,CARD,PURCHASE,EXT-VERDANA,Fictional Counterparty,VD,,DEV-0016,FALSE,Synthetic routine activity
TXN-0001410,ACC-00040,2026-07-12T16:36:00,1621.30,VRD,CREDIT,CARD,PURCHASE,EXT-VERDANA,Fictional Counterparty,VD,,DEV-0051,FALSE,Synthetic routine activity
TXN-0001411,ACC-00065,2026-07-12T16:36:00,10475.67,VRD,DEBIT,CARD,PURCHASE,EXT-VERDANA,Fictional Counterparty,VD,,DEV-0026,FALSE,Synthetic routine activity
TXN-0001412,ACC-00119,2026-07-13T09:01:00,3211.06,VRD,DEBIT,TRANSFER,TRANSFER,EXT-VERDANA,Fictional Counterparty,VD,,DEV-0027,FALSE,Synthetic routine activity
TXN-0001413,ACC-00024,2026-07-13T09:11:00,1353.44,VRD,DEBIT,MOBILE,TRANSFER,EXT-VERDANA,Fictional Counterparty,VD,,DEV-0012,FALSE,Synthetic routine activity
TXN-0001414,ACC-00051,2026-07-13T11:17:00,5620.85,VRD,DEBIT,MOBILE,TRANSFER,EXT-VERDANA,Fictional Counterparty,VD,,DEV-0003,FALSE,Synthetic routine activity
TXN-0001415,ACC-00076,2026-07-13T11:17:00,3089.56,VRD,DEBIT,MOBILE,TRANSFER,EXT-VERDANA,Fictional Counterparty,VD,,DEV-0038,FALSE,Synthetic routine activity
TXN-0001416,ACC-00101,2026-07-13T11:17:00,1760.38,VRD,CREDIT,MOBILE,TRANSFER,EXT-VERDANA,Fictional Counterparty,VD,,DEV-0013,FALSE,Synthetic routine activity
TXN-0001417,ACC-00126,2026-07-13T11:17:00,5741.34,VRD,DEBIT,MOBILE,TRANSFER,EXT-VERDANA,Fictional Counterparty,VD,,DEV-0048,FALSE,Synthetic routine activity
TXN-0001418,ACC-00008,2026-07-13T13:33:00,10138.70,VRD,DEBIT,CARD,PURCHASE,EXT-VERDANA,Fictional Counterparty,VD,,DEV-0014,FALSE,Synthetic routine activity
TXN-0001419,ACC-00033,2026-07-13T13:33:00,4852.18,VRD,CREDIT,CARD,PURCHASE,EXT-VERDANA,Fictional Counterparty,VD,,DEV-0049,FALSE,Synthetic routine activity
TXN-0001420,ACC-00058,2026-07-13T13:33:00,14659.11,VRD,DEBIT,CARD,PURCHASE,EXT-VERDANA,Fictional Counterparty,VD,,DEV-0024,FALSE,Synthetic routine activity
TXN-0001421,ACC-00085,2026-07-13T15:39:00,8322.83,VRD,DEBIT,CARD,PURCHASE,EXT-VERDANA,Fictional Counterparty,VD,,DEV-0015,FALSE,Synthetic routine activity
TXN-0001422,ACC-00110,2026-07-13T15:39:00,7485.59,VRD,DEBIT,CARD,PURCHASE,EXT-VERDANA,Fictional Counterparty,VD,,DEV-0050,FALSE,Synthetic routine activity
TXN-0001423,ACC-00017,2026-07-13T17:55:00,5925.03,VRD,DEBIT,TRANSFER,TRANSFER,EXT-VERDANA,Fictional Counterparty,VD,,DEV-0051,FALSE,Synthetic routine activity
TXN-0001424,ACC-00042,2026-07-13T17:55:00,14349.38,VRD,DEBIT,TRANSFER,TRANSFER,EXT-VERDANA,Fictional Counterparty,VD,,DEV-0026,FALSE,Synthetic routine activity
TXN-0001425,ACC-00067,2026-07-13T17:55:00,5947.17,VRD,CREDIT,TRANSFER,TRANSFER,EXT-VERDANA,Fictional Counterparty,VD,,DEV-0001,FALSE,Synthetic routine activity
TXN-0001426,ACC-00092,2026-07-13T17:55:00,1224.51,VRD,DEBIT,TRANSFER,TRANSFER,EXT-VERDANA,Fictional Counterparty,VD,,DEV-0036,FALSE,Synthetic routine activity
TXN-0001427,ACC-00019,2026-07-14T08:14:00,5478.36,VRD,DEBIT,MOBILE,TRANSFER,EXT-VERDANA,Fictional Counterparty,VD,,DEV-0026,FALSE,Synthetic routine activity
TXN-0001428,ACC-00044,2026-07-14T08:14:00,14859.46,VRD,DEBIT,MOBILE,TRANSFER,EXT-VERDANA,Fictional Counterparty,VD,,DEV-0001,FALSE,Synthetic routine activity
TXN-0001429,ACC-00069,2026-07-14T08:14:00,9437.37,VRD,DEBIT,MOBILE,TRANSFER,EXT-VERDANA,Fictional Counterparty,VD,,DEV-0036,FALSE,Synthetic routine activity
TXN-0001430,ACC-00094,2026-07-14T08:14:00,9630.67,VRD,CREDIT,MOBILE,TRANSFER,EXT-VERDANA,Fictional Counterparty,VD,,DEV-0011,FALSE,Synthetic routine activity
TXN-0001431,ACC-00121,2026-07-14T10:20:00,10593.87,VRD,DEBIT,MOBILE,TRANSFER,EXT-VERDANA,Fictional Counterparty,VD,,DEV-0002,FALSE,Synthetic routine activity
TXN-0001432,ACC-00001,2026-07-14T10:30:00,10363.03,VRD,DEBIT,CARD,PURCHASE,EXT-VERDANA,Fictional Counterparty,VD,,DEV-0012,FALSE,Synthetic routine activity
TXN-0001433,ACC-00026,2026-07-14T10:30:00,8789.82,VRD,CREDIT,CARD,PURCHASE,EXT-VERDANA,Fictional Counterparty,VD,,DEV-0047,FALSE,Synthetic routine activity
TXN-0001434,ACC-00053,2026-07-14T12:36:00,4881.03,VRD,DEBIT,CARD,PURCHASE,EXT-VERDANA,Fictional Counterparty,VD,,DEV-0038,FALSE,Synthetic routine activity
TXN-0001435,ACC-00078,2026-07-14T12:36:00,11518.60,VRD,DEBIT,CARD,PURCHASE,EXT-VERDANA,Fictional Counterparty,VD,,DEV-0013,FALSE,Synthetic routine activity
TXN-0001436,ACC-00103,2026-07-14T12:36:00,5550.56,VRD,DEBIT,CARD,PURCHASE,EXT-VERDANA,Fictional Counterparty,VD,,DEV-0048,FALSE,Synthetic routine activity
TXN-0001437,ACC-00128,2026-07-14T12:36:00,7378.62,VRD,CREDIT,CARD,PURCHASE,EXT-VERDANA,Fictional Counterparty,VD,,DEV-0023,FALSE,Synthetic routine activity
TXN-0001438,ACC-00010,2026-07-14T14:52:00,14197.01,VRD,DEBIT,TRANSFER,TRANSFER,EXT-VERDANA,Fictional Counterparty,VD,,DEV-0049,FALSE,Synthetic routine activity
TXN-0001439,ACC-00035,2026-07-14T14:52:00,11865.63,VRD,DEBIT,TRANSFER,TRANSFER,EXT-VERDANA,Fictional Counterparty,VD,,DEV-0024,FALSE,Synthetic routine activity
TXN-0001440,ACC-00060,2026-07-14T14:52:00,2817.44,VRD,CREDIT,TRANSFER,TRANSFER,EXT-VERDANA,Fictional Counterparty,VD,,DEV-0059,FALSE,Synthetic routine activity
TXN-0001441,ACC-00087,2026-07-14T16:58:00,7143.54,VRD,DEBIT,TRANSFER,TRANSFER,EXT-VERDANA,Fictional Counterparty,VD,,DEV-0050,FALSE,Synthetic routine activity
TXN-0001442,ACC-00112,2026-07-14T16:58:00,3499.47,VRD,DEBIT,TRANSFER,TRANSFER,EXT-VERDANA,Fictional Counterparty,VD,,DEV-0025,FALSE,Synthetic routine activity
TXN-0001443,ACC-00021,2026-07-15T09:33:00,1322.71,VRD,CREDIT,CARD,PURCHASE,EXT-VERDANA,Fictional Counterparty,VD,,DEV-0001,FALSE,Synthetic routine activity
TXN-0001444,ACC-00046,2026-07-15T09:33:00,4346.68,VRD,DEBIT,CARD,PURCHASE,EXT-VERDANA,Fictional Counterparty,VD,,DEV-0036,FALSE,Synthetic routine activity
TXN-0001445,ACC-00071,2026-07-15T09:33:00,11142.35,VRD,DEBIT,CARD,PURCHASE,EXT-VERDANA,Fictional Counterparty,VD,,DEV-0011,FALSE,Synthetic routine activity
TXN-0001446,ACC-00096,2026-07-15T09:33:00,14258.40,VRD,DEBIT,CARD,PURCHASE,EXT-VERDANA,Fictional Counterparty,VD,,DEV-0046,FALSE,Synthetic routine activity
TXN-0001447,ACC-00123,2026-07-15T11:39:00,1695.02,VRD,CREDIT,CARD,PURCHASE,EXT-VERDANA,Fictional Counterparty,VD,,DEV-0037,FALSE,Synthetic routine activity
TXN-0001448,ACC-00003,2026-07-15T11:49:00,11480.34,VRD,DEBIT,TRANSFER,TRANSFER,EXT-VERDANA,Fictional Counterparty,VD,,DEV-0047,FALSE,Synthetic routine activity
TXN-0001449,ACC-00028,2026-07-15T11:49:00,8504.71,VRD,DEBIT,TRANSFER,TRANSFER,EXT-VERDANA,Fictional Counterparty,VD,,DEV-0022,FALSE,Synthetic routine activity
TXN-0001450,ACC-00055,2026-07-15T13:55:00,4112.50,VRD,CREDIT,TRANSFER,TRANSFER,EXT-VERDANA,Fictional Counterparty,VD,,DEV-0013,FALSE,Synthetic routine activity
TXN-0001451,ACC-00080,2026-07-15T13:55:00,10227.43,VRD,DEBIT,TRANSFER,TRANSFER,EXT-VERDANA,Fictional Counterparty,VD,,DEV-0048,FALSE,Synthetic routine activity
TXN-0001452,ACC-00105,2026-07-15T13:55:00,6983.42,VRD,DEBIT,TRANSFER,TRANSFER,EXT-VERDANA,Fictional Counterparty,VD,,DEV-0023,FALSE,Synthetic routine activity
TXN-0001453,ACC-00130,2026-07-15T13:55:00,13731.87,VRD,DEBIT,TRANSFER,TRANSFER,EXT-VERDANA,Fictional Counterparty,VD,,DEV-0058,FALSE,Synthetic routine activity
TXN-0001454,ACC-00012,2026-07-15T15:11:00,9760.66,VRD,DEBIT,MOBILE,TRANSFER,EXT-VERDANA,Fictional Counterparty,VD,,DEV-0024,FALSE,Synthetic routine activity
TXN-0001455,ACC-00037,2026-07-15T15:11:00,8236.31,VRD,DEBIT,MOBILE,TRANSFER,EXT-VERDANA,Fictional Counterparty,VD,,DEV-0059,FALSE,Synthetic routine activity
TXN-0001456,ACC-00062,2026-07-15T15:11:00,1215.52,VRD,DEBIT,MOBILE,TRANSFER,EXT-VERDANA,Fictional Counterparty,VD,,DEV-0034,FALSE,Synthetic routine activity
TXN-0001457,ACC-00089,2026-07-15T17:17:00,11646.96,VRD,CREDIT,MOBILE,TRANSFER,EXT-VERDANA,Fictional Counterparty,VD,,DEV-0025,FALSE,Synthetic routine activity
TXN-0001458,ACC-00114,2026-07-15T17:17:00,8869.14,VRD,DEBIT,MOBILE,TRANSFER,EXT-VERDANA,Fictional Counterparty,VD,,DEV-0060,FALSE,Synthetic routine activity
TXN-0001459,ACC-00116,2026-07-16T08:36:00,1471.35,VRD,CREDIT,CARD,PURCHASE,EXT-VERDANA,Fictional Counterparty,VD,,DEV-0035,FALSE,Synthetic routine activity
TXN-0001460,ACC-00048,2026-07-16T10:52:00,2917.76,VRD,CREDIT,TRANSFER,TRANSFER,EXT-VERDANA,Fictional Counterparty,VD,,DEV-0011,FALSE,Synthetic routine activity
TXN-0001461,ACC-00073,2026-07-16T10:52:00,1577.39,VRD,DEBIT,TRANSFER,TRANSFER,EXT-VERDANA,Fictional Counterparty,VD,,DEV-0046,FALSE,Synthetic routine activity
TXN-0001462,ACC-00098,2026-07-16T10:52:00,8785.58,VRD,DEBIT,TRANSFER,TRANSFER,EXT-VERDANA,Fictional Counterparty,VD,,DEV-0021,FALSE,Synthetic routine activity
TXN-0001463,ACC-00005,2026-07-16T12:08:00,7416.76,VRD,DEBIT,MOBILE,TRANSFER,EXT-VERDANA,Fictional Counterparty,VD,,DEV-0022,FALSE,Synthetic routine activity
TXN-0001464,ACC-00030,2026-07-16T12:08:00,1245.06,VRD,DEBIT,MOBILE,TRANSFER,EXT-VERDANA,Fictional Counterparty,VD,,DEV-0057,FALSE,Synthetic routine activity
TXN-0001465,ACC-00082,2026-07-16T14:14:00,8998.26,VRD,CREDIT,MOBILE,TRANSFER,EXT-VERDANA,Fictional Counterparty,VD,,DEV-0023,FALSE,Synthetic routine activity
TXN-0001466,ACC-00107,2026-07-16T14:14:00,10296.61,VRD,DEBIT,MOBILE,TRANSFER,EXT-VERDANA,Fictional Counterparty,VD,,DEV-0058,FALSE,Synthetic routine activity
TXN-0001467,ACC-00014,2026-07-16T16:30:00,4614.06,VRD,CREDIT,CARD,PURCHASE,EXT-VERDANA,Fictional Counterparty,VD,,DEV-0059,FALSE,Synthetic routine activity
TXN-0001468,ACC-00039,2026-07-16T16:30:00,2133.67,VRD,DEBIT,CARD,PURCHASE,EXT-VERDANA,Fictional Counterparty,VD,,DEV-0034,FALSE,Synthetic routine activity
TXN-0001469,ACC-00064,2026-07-16T16:30:00,4362.49,VRD,DEBIT,CARD,PURCHASE,EXT-VERDANA,Fictional Counterparty,VD,,DEV-0009,FALSE,Synthetic routine activity
TXN-0001470,ACC-00118,2026-07-17T09:55:00,13415.43,VRD,DEBIT,TRANSFER,TRANSFER,EXT-VERDANA,Fictional Counterparty,VD,,DEV-0010,FALSE,Synthetic routine activity
TXN-0001471,ACC-00050,2026-07-17T11:11:00,10090.70,VRD,DEBIT,MOBILE,TRANSFER,EXT-VERDANA,Fictional Counterparty,VD,,DEV-0046,FALSE,Synthetic routine activity
TXN-0001472,ACC-00075,2026-07-17T11:11:00,6031.72,VRD,CREDIT,MOBILE,TRANSFER,EXT-VERDANA,Fictional Counterparty,VD,,DEV-0021,FALSE,Synthetic routine activity
TXN-0001473,ACC-00100,2026-07-17T11:11:00,8689.55,VRD,DEBIT,MOBILE,TRANSFER,EXT-VERDANA,Fictional Counterparty,VD,,DEV-0056,FALSE,Synthetic routine activity
TXN-0001474,ACC-00007,2026-07-17T13:27:00,12961.68,VRD,CREDIT,CARD,PURCHASE,EXT-VERDANA,Fictional Counterparty,VD,,DEV-0057,FALSE,Synthetic routine activity
TXN-0001475,ACC-00032,2026-07-17T13:27:00,9543.09,VRD,DEBIT,CARD,PURCHASE,EXT-VERDANA,Fictional Counterparty,VD,,DEV-0032,FALSE,Synthetic routine activity
TXN-0001476,ACC-00084,2026-07-17T15:33:00,4942.71,VRD,DEBIT,CARD,PURCHASE,EXT-VERDANA,Fictional Counterparty,VD,,DEV-0058,FALSE,Synthetic routine activity
TXN-0001477,ACC-00109,2026-07-17T15:33:00,5610.43,VRD,CREDIT,CARD,PURCHASE,EXT-VERDANA,Fictional Counterparty,VD,,DEV-0033,FALSE,Synthetic routine activity
TXN-0001478,ACC-00016,2026-07-17T17:49:00,4871.20,VRD,DEBIT,TRANSFER,TRANSFER,EXT-VERDANA,Fictional Counterparty,VD,,DEV-0034,FALSE,Synthetic routine activity
TXN-0001479,ACC-00041,2026-07-17T17:49:00,1793.78,VRD,CREDIT,TRANSFER,TRANSFER,EXT-VERDANA,Fictional Counterparty,VD,,DEV-0009,FALSE,Synthetic routine activity
TXN-0001480,ACC-00066,2026-07-17T17:49:00,11385.85,VRD,DEBIT,TRANSFER,TRANSFER,EXT-VERDANA,Fictional Counterparty,VD,,DEV-0044,FALSE,Synthetic routine activity
TXN-0001481,ACC-00018,2026-07-18T08:08:00,1646.85,VRD,DEBIT,MOBILE,TRANSFER,EXT-VERDANA,Fictional Counterparty,VD,,DEV-0009,FALSE,Synthetic routine activity
TXN-0001482,ACC-00043,2026-07-18T08:08:00,4088.81,VRD,DEBIT,MOBILE,TRANSFER,EXT-VERDANA,Fictional Counterparty,VD,,DEV-0044,FALSE,Synthetic routine activity
TXN-0001483,ACC-00068,2026-07-18T08:08:00,1099.96,VRD,CREDIT,MOBILE,TRANSFER,EXT-VERDANA,Fictional Counterparty,VD,,DEV-0019,FALSE,Synthetic routine activity
TXN-0001484,ACC-00093,2026-07-18T08:08:00,3369.80,VRD,DEBIT,MOBILE,TRANSFER,EXT-VERDANA,Fictional Counterparty,VD,,DEV-0054,FALSE,Synthetic routine activity
TXN-0001485,ACC-00120,2026-07-18T10:14:00,4251.49,VRD,DEBIT,MOBILE,TRANSFER,EXT-VERDANA,Fictional Counterparty,VD,,DEV-0045,FALSE,Synthetic routine activity
TXN-0001486,ACC-00025,2026-07-18T10:24:00,5596.13,VRD,DEBIT,CARD,PURCHASE,EXT-VERDANA,Fictional Counterparty,VD,,DEV-0030,FALSE,Synthetic routine activity
TXN-0001487,ACC-00052,2026-07-18T12:30:00,10337.39,VRD,DEBIT,CARD,PURCHASE,EXT-VERDANA,Fictional Counterparty,VD,,DEV-0021,FALSE,Synthetic routine activity
TXN-0001488,ACC-00077,2026-07-18T12:30:00,7350.31,VRD,DEBIT,CARD,PURCHASE,EXT-VERDANA,Fictional Counterparty,VD,,DEV-0056,FALSE,Synthetic routine activity
TXN-0001489,ACC-00102,2026-07-18T12:30:00,4978.57,VRD,CREDIT,CARD,PURCHASE,EXT-VERDANA,Fictional Counterparty,VD,,DEV-0031,FALSE,Synthetic routine activity
TXN-0001490,ACC-00127,2026-07-18T12:30:00,6533.75,VRD,DEBIT,CARD,PURCHASE,EXT-VERDANA,Fictional Counterparty,VD,,DEV-0006,FALSE,Synthetic routine activity
TXN-0001491,ACC-00009,2026-07-18T14:46:00,7562.45,VRD,DEBIT,TRANSFER,TRANSFER,EXT-VERDANA,Fictional Counterparty,VD,,DEV-0032,FALSE,Synthetic routine activity
TXN-0001492,ACC-00034,2026-07-18T14:46:00,10119.02,VRD,CREDIT,TRANSFER,TRANSFER,EXT-VERDANA,Fictional Counterparty,VD,,DEV-0007,FALSE,Synthetic routine activity
TXN-0001493,ACC-00059,2026-07-18T14:46:00,9086.66,VRD,DEBIT,TRANSFER,TRANSFER,EXT-VERDANA,Fictional Counterparty,VD,,DEV-0042,FALSE,Synthetic routine activity
TXN-0001494,ACC-00086,2026-07-18T16:52:00,2258.42,VRD,DEBIT,TRANSFER,TRANSFER,EXT-VERDANA,Fictional Counterparty,VD,,DEV-0033,FALSE,Synthetic routine activity
TXN-0001495,ACC-00111,2026-07-18T16:52:00,7996.14,VRD,DEBIT,TRANSFER,TRANSFER,EXT-VERDANA,Fictional Counterparty,VD,,DEV-0008,FALSE,Synthetic routine activity
TXN-0001496,ACC-00020,2026-07-19T09:27:00,2914.03,VRD,DEBIT,CARD,PURCHASE,EXT-VERDANA,Fictional Counterparty,VD,,DEV-0044,FALSE,Synthetic routine activity
TXN-0001497,ACC-00045,2026-07-19T09:27:00,11515.33,VRD,DEBIT,CARD,PURCHASE,EXT-VERDANA,Fictional Counterparty,VD,,DEV-0019,FALSE,Synthetic routine activity
TXN-0001498,ACC-00070,2026-07-19T09:27:00,11631.20,VRD,DEBIT,CARD,PURCHASE,EXT-VERDANA,Fictional Counterparty,VD,,DEV-0054,FALSE,Synthetic routine activity
TXN-0001499,ACC-00095,2026-07-19T09:27:00,3970.24,VRD,CREDIT,CARD,PURCHASE,EXT-VERDANA,Fictional Counterparty,VD,,DEV-0029,FALSE,Synthetic routine activity
TXN-0001500,ACC-00122,2026-07-19T11:33:00,10443.65,VRD,DEBIT,CARD,PURCHASE,EXT-VERDANA,Fictional Counterparty,VD,,DEV-0020,FALSE,Synthetic routine activity
TXN-0001501,ACC-00002,2026-07-19T11:43:00,9285.15,VRD,DEBIT,TRANSFER,TRANSFER,EXT-VERDANA,Fictional Counterparty,VD,,DEV-0030,FALSE,Synthetic routine activity
TXN-0001502,ACC-00027,2026-07-19T11:43:00,5069.57,VRD,CREDIT,TRANSFER,TRANSFER,EXT-VERDANA,Fictional Counterparty,VD,,DEV-0005,FALSE,Synthetic routine activity
TXN-0001503,ACC-00054,2026-07-19T13:49:00,1891.06,VRD,DEBIT,TRANSFER,TRANSFER,EXT-VERDANA,Fictional Counterparty,VD,,DEV-0056,FALSE,Synthetic routine activity
TXN-0001504,ACC-00079,2026-07-19T13:49:00,2084.50,VRD,DEBIT,TRANSFER,TRANSFER,EXT-VERDANA,Fictional Counterparty,VD,,DEV-0031,FALSE,Synthetic routine activity
TXN-0001505,ACC-00104,2026-07-19T13:49:00,9037.21,VRD,DEBIT,TRANSFER,TRANSFER,EXT-VERDANA,Fictional Counterparty,VD,,DEV-0006,FALSE,Synthetic routine activity
TXN-0001506,ACC-00129,2026-07-19T13:49:00,11980.94,VRD,CREDIT,TRANSFER,TRANSFER,EXT-VERDANA,Fictional Counterparty,VD,,DEV-0041,FALSE,Synthetic routine activity
TXN-0001507,ACC-00011,2026-07-19T15:05:00,9383.07,VRD,DEBIT,MOBILE,TRANSFER,EXT-VERDANA,Fictional Counterparty,VD,,DEV-0007,FALSE,Synthetic routine activity
TXN-0001508,ACC-00036,2026-07-19T15:05:00,4875.70,VRD,DEBIT,MOBILE,TRANSFER,EXT-VERDANA,Fictional Counterparty,VD,,DEV-0042,FALSE,Synthetic routine activity
TXN-0001509,ACC-00061,2026-07-19T15:05:00,13052.62,VRD,CREDIT,MOBILE,TRANSFER,EXT-VERDANA,Fictional Counterparty,VD,,DEV-0017,FALSE,Synthetic routine activity
TXN-0001510,ACC-00088,2026-07-19T17:11:00,3116.51,VRD,DEBIT,MOBILE,TRANSFER,EXT-VERDANA,Fictional Counterparty,VD,,DEV-0008,FALSE,Synthetic routine activity
TXN-0001511,ACC-00113,2026-07-19T17:11:00,13856.49,VRD,DEBIT,MOBILE,TRANSFER,EXT-VERDANA,Fictional Counterparty,VD,,DEV-0043,FALSE,Synthetic routine activity
TXN-0001512,ACC-00090,2026-07-20T08:30:00,8909.53,VRD,CREDIT,CARD,PURCHASE,EXT-VERDANA,Fictional Counterparty,VD,,DEV-0043,FALSE,Synthetic routine activity
TXN-0001513,ACC-00115,2026-07-20T08:30:00,6244.90,VRD,DEBIT,CARD,PURCHASE,EXT-VERDANA,Fictional Counterparty,VD,,DEV-0018,FALSE,Synthetic routine activity
TXN-0001514,ACC-00022,2026-07-20T10:46:00,8439.80,VRD,CREDIT,TRANSFER,TRANSFER,EXT-VERDANA,Fictional Counterparty,VD,,DEV-0019,FALSE,Synthetic routine activity
TXN-0001515,ACC-00047,2026-07-20T10:46:00,11064.45,VRD,DEBIT,TRANSFER,TRANSFER,EXT-VERDANA,Fictional Counterparty,VD,,DEV-0054,FALSE,Synthetic routine activity
TXN-0001516,ACC-00072,2026-07-20T10:46:00,12125.08,VRD,DEBIT,TRANSFER,TRANSFER,EXT-VERDANA,Fictional Counterparty,VD,,DEV-0029,FALSE,Synthetic routine activity
TXN-0001517,ACC-00097,2026-07-20T10:46:00,12354.82,VRD,DEBIT,TRANSFER,TRANSFER,EXT-VERDANA,Fictional Counterparty,VD,,DEV-0004,FALSE,Synthetic routine activity
TXN-0001518,ACC-00004,2026-07-20T12:02:00,5655.27,VRD,DEBIT,MOBILE,TRANSFER,EXT-VERDANA,Fictional Counterparty,VD,,DEV-0005,FALSE,Synthetic routine activity
TXN-0001519,ACC-00029,2026-07-20T12:02:00,4277.15,VRD,DEBIT,MOBILE,TRANSFER,EXT-VERDANA,Fictional Counterparty,VD,,DEV-0040,FALSE,Synthetic routine activity
TXN-0001520,ACC-00124,2026-07-20T12:52:00,6901.75,VRD,CREDIT,TRANSFER,TRANSFER,EXT-VERDANA,Fictional Counterparty,VD,,DEV-0055,FALSE,Synthetic routine activity
TXN-0001521,ACC-00056,2026-07-20T14:08:00,807.58,VRD,CREDIT,MOBILE,TRANSFER,EXT-VERDANA,Fictional Counterparty,VD,,DEV-0031,FALSE,Synthetic routine activity
TXN-0001522,ACC-00081,2026-07-20T14:08:00,8371.21,VRD,DEBIT,MOBILE,TRANSFER,EXT-VERDANA,Fictional Counterparty,VD,,DEV-0006,FALSE,Synthetic routine activity
TXN-0001523,ACC-00106,2026-07-20T14:08:00,9738.25,VRD,DEBIT,MOBILE,TRANSFER,EXT-VERDANA,Fictional Counterparty,VD,,DEV-0041,FALSE,Synthetic routine activity
TXN-0001524,ACC-00013,2026-07-20T16:24:00,3084.56,VRD,DEBIT,CARD,PURCHASE,EXT-VERDANA,Fictional Counterparty,VD,,DEV-0042,FALSE,Synthetic routine activity
TXN-0001525,ACC-00038,2026-07-20T16:24:00,12998.69,VRD,DEBIT,CARD,PURCHASE,EXT-VERDANA,Fictional Counterparty,VD,,DEV-0017,FALSE,Synthetic routine activity
TXN-0001526,ACC-00063,2026-07-20T16:24:00,2767.32,VRD,DEBIT,CARD,PURCHASE,EXT-VERDANA,Fictional Counterparty,VD,,DEV-0052,FALSE,Synthetic routine activity
TXN-0001527,ACC-00117,2026-07-21T09:49:00,14873.47,VRD,CREDIT,TRANSFER,TRANSFER,EXT-VERDANA,Fictional Counterparty,VD,,DEV-0053,FALSE,Synthetic routine activity
TXN-0001528,ACC-00049,2026-07-21T11:05:00,10226.13,VRD,CREDIT,MOBILE,TRANSFER,EXT-VERDANA,Fictional Counterparty,VD,,DEV-0029,FALSE,Synthetic routine activity
TXN-0001529,ACC-00074,2026-07-21T11:05:00,8988.19,VRD,DEBIT,MOBILE,TRANSFER,EXT-VERDANA,Fictional Counterparty,VD,,DEV-0004,FALSE,Synthetic routine activity
TXN-0001530,ACC-00099,2026-07-21T11:05:00,10654.67,VRD,DEBIT,MOBILE,TRANSFER,EXT-VERDANA,Fictional Counterparty,VD,,DEV-0039,FALSE,Synthetic routine activity
TXN-0001531,ACC-00006,2026-07-21T13:21:00,8817.13,VRD,DEBIT,CARD,PURCHASE,EXT-VERDANA,Fictional Counterparty,VD,,DEV-0040,FALSE,Synthetic routine activity
TXN-0001532,ACC-00031,2026-07-21T13:21:00,4566.15,VRD,DEBIT,CARD,PURCHASE,EXT-VERDANA,Fictional Counterparty,VD,,DEV-0015,FALSE,Synthetic routine activity
TXN-0001533,ACC-00083,2026-07-21T15:27:00,11808.90,VRD,CREDIT,CARD,PURCHASE,EXT-VERDANA,Fictional Counterparty,VD,,DEV-0041,FALSE,Synthetic routine activity
TXN-0001534,ACC-00108,2026-07-21T15:27:00,2235.01,VRD,DEBIT,CARD,PURCHASE,EXT-VERDANA,Fictional Counterparty,VD,,DEV-0016,FALSE,Synthetic routine activity
TXN-0001535,ACC-00015,2026-07-21T17:43:00,13543.05,VRD,CREDIT,TRANSFER,TRANSFER,EXT-VERDANA,Fictional Counterparty,VD,,DEV-0017,FALSE,Synthetic routine activity
TXN-0001536,ACC-00040,2026-07-21T17:43:00,10840.87,VRD,DEBIT,TRANSFER,TRANSFER,EXT-VERDANA,Fictional Counterparty,VD,,DEV-0052,FALSE,Synthetic routine activity
TXN-0001537,ACC-00065,2026-07-21T17:43:00,7434.14,VRD,DEBIT,TRANSFER,TRANSFER,EXT-VERDANA,Fictional Counterparty,VD,,DEV-0027,FALSE,Synthetic routine activity
TXN-0001538,ACC-00017,2026-07-22T08:02:00,2389.33,VRD,DEBIT,MOBILE,TRANSFER,EXT-VERDANA,Fictional Counterparty,VD,,DEV-0052,FALSE,Synthetic routine activity
TXN-0001539,ACC-00042,2026-07-22T08:02:00,3763.49,VRD,CREDIT,MOBILE,TRANSFER,EXT-VERDANA,Fictional Counterparty,VD,,DEV-0027,FALSE,Synthetic routine activity
TXN-0001540,ACC-00067,2026-07-22T08:02:00,1226.45,VRD,DEBIT,MOBILE,TRANSFER,EXT-VERDANA,Fictional Counterparty,VD,,DEV-0002,FALSE,Synthetic routine activity
TXN-0001541,ACC-00119,2026-07-22T10:08:00,6993.80,VRD,DEBIT,MOBILE,TRANSFER,EXT-VERDANA,Fictional Counterparty,VD,,DEV-0028,FALSE,Synthetic routine activity
TXN-0001542,ACC-00051,2026-07-22T12:24:00,4676.47,VRD,DEBIT,CARD,PURCHASE,EXT-VERDANA,Fictional Counterparty,VD,,DEV-0004,FALSE,Synthetic routine activity
TXN-0001543,ACC-00076,2026-07-22T12:24:00,7309.61,VRD,CREDIT,CARD,PURCHASE,EXT-VERDANA,Fictional Counterparty,VD,,DEV-0039,FALSE,Synthetic routine activity
TXN-0001544,ACC-00101,2026-07-22T12:24:00,3161.72,VRD,DEBIT,CARD,PURCHASE,EXT-VERDANA,Fictional Counterparty,VD,,DEV-0014,FALSE,Synthetic routine activity
TXN-0001545,ACC-00008,2026-07-22T14:40:00,4270.75,VRD,CREDIT,TRANSFER,TRANSFER,EXT-VERDANA,Fictional Counterparty,VD,,DEV-0015,FALSE,Synthetic routine activity
TXN-0001546,ACC-00033,2026-07-22T14:40:00,1669.07,VRD,DEBIT,TRANSFER,TRANSFER,EXT-VERDANA,Fictional Counterparty,VD,,DEV-0050,FALSE,Synthetic routine activity
TXN-0001547,ACC-00085,2026-07-22T16:46:00,3767.96,VRD,DEBIT,TRANSFER,TRANSFER,EXT-VERDANA,Fictional Counterparty,VD,,DEV-0016,FALSE,Synthetic routine activity
TXN-0001548,ACC-00110,2026-07-22T16:46:00,4298.51,VRD,CREDIT,TRANSFER,TRANSFER,EXT-VERDANA,Fictional Counterparty,VD,,DEV-0051,FALSE,Synthetic routine activity
TXN-0001549,ACC-00019,2026-07-23T09:21:00,3943.55,VRD,DEBIT,CARD,PURCHASE,EXT-VERDANA,Fictional Counterparty,VD,,DEV-0027,FALSE,Synthetic routine activity
TXN-0001550,ACC-00044,2026-07-23T09:21:00,9197.64,VRD,DEBIT,CARD,PURCHASE,EXT-VERDANA,Fictional Counterparty,VD,,DEV-0002,FALSE,Synthetic routine activity
TXN-0001551,ACC-00069,2026-07-23T09:21:00,5762.13,VRD,CREDIT,CARD,PURCHASE,EXT-VERDANA,Fictional Counterparty,VD,,DEV-0037,FALSE,Synthetic routine activity
TXN-0001552,ACC-00094,2026-07-23T09:21:00,2696.49,VRD,DEBIT,CARD,PURCHASE,EXT-VERDANA,Fictional Counterparty,VD,,DEV-0012,FALSE,Synthetic routine activity
TXN-0001553,ACC-00121,2026-07-23T11:27:00,7748.27,VRD,DEBIT,CARD,PURCHASE,EXT-VERDANA,Fictional Counterparty,VD,,DEV-0003,FALSE,Synthetic routine activity
TXN-0001554,ACC-00001,2026-07-23T11:37:00,9695.25,VRD,CREDIT,TRANSFER,TRANSFER,EXT-VERDANA,Fictional Counterparty,VD,,DEV-0013,FALSE,Synthetic routine activity
TXN-0001555,ACC-00026,2026-07-23T11:37:00,6090.01,VRD,DEBIT,TRANSFER,TRANSFER,EXT-VERDANA,Fictional Counterparty,VD,,DEV-0048,FALSE,Synthetic routine activity
TXN-0001556,ACC-00053,2026-07-23T13:43:00,3455.34,VRD,DEBIT,TRANSFER,TRANSFER,EXT-VERDANA,Fictional Counterparty,VD,,DEV-0039,FALSE,Synthetic routine activity
TXN-0001557,ACC-00078,2026-07-23T13:43:00,5181.68,VRD,DEBIT,TRANSFER,TRANSFER,EXT-VERDANA,Fictional Counterparty,VD,,DEV-0014,FALSE,Synthetic routine activity
TXN-0001558,ACC-00103,2026-07-23T13:43:00,6396.97,VRD,CREDIT,TRANSFER,TRANSFER,EXT-VERDANA,Fictional Counterparty,VD,,DEV-0049,FALSE,Synthetic routine activity
TXN-0001559,ACC-00128,2026-07-23T13:43:00,1481.18,VRD,DEBIT,TRANSFER,TRANSFER,EXT-VERDANA,Fictional Counterparty,VD,,DEV-0024,FALSE,Synthetic routine activity
TXN-0001560,ACC-00010,2026-07-23T15:59:00,2028.96,VRD,DEBIT,MOBILE,TRANSFER,EXT-VERDANA,Fictional Counterparty,VD,,DEV-0050,FALSE,Synthetic routine activity
TXN-0001561,ACC-00035,2026-07-23T15:59:00,5222.84,VRD,CREDIT,MOBILE,TRANSFER,EXT-VERDANA,Fictional Counterparty,VD,,DEV-0025,FALSE,Synthetic routine activity
TXN-0001562,ACC-00060,2026-07-23T15:59:00,5582.83,VRD,DEBIT,MOBILE,TRANSFER,EXT-VERDANA,Fictional Counterparty,VD,,DEV-0060,FALSE,Synthetic routine activity
TXN-0001563,ACC-00087,2026-07-23T17:05:00,8942.41,VRD,DEBIT,MOBILE,TRANSFER,EXT-VERDANA,Fictional Counterparty,VD,,DEV-0051,FALSE,Synthetic routine activity
TXN-0001564,ACC-00112,2026-07-23T17:05:00,11861.18,VRD,DEBIT,MOBILE,TRANSFER,EXT-VERDANA,Fictional Counterparty,VD,,DEV-0026,FALSE,Synthetic routine activity
TXN-0001565,ACC-00089,2026-07-24T08:24:00,10261.10,VRD,DEBIT,CARD,PURCHASE,EXT-VERDANA,Fictional Counterparty,VD,,DEV-0026,FALSE,Synthetic routine activity
TXN-0001566,ACC-00114,2026-07-24T08:24:00,9883.14,VRD,DEBIT,CARD,PURCHASE,EXT-VERDANA,Fictional Counterparty,VD,,DEV-0001,FALSE,Synthetic routine activity
TXN-0001567,ACC-00021,2026-07-24T10:40:00,4582.15,VRD,DEBIT,TRANSFER,TRANSFER,EXT-VERDANA,Fictional Counterparty,VD,,DEV-0002,FALSE,Synthetic routine activity
TXN-0001568,ACC-00046,2026-07-24T10:40:00,2722.49,VRD,DEBIT,TRANSFER,TRANSFER,EXT-VERDANA,Fictional Counterparty,VD,,DEV-0037,FALSE,Synthetic routine activity
TXN-0001569,ACC-00071,2026-07-24T10:40:00,4589.14,VRD,DEBIT,TRANSFER,TRANSFER,EXT-VERDANA,Fictional Counterparty,VD,,DEV-0012,FALSE,Synthetic routine activity
TXN-0001570,ACC-00096,2026-07-24T10:40:00,3828.47,VRD,CREDIT,TRANSFER,TRANSFER,EXT-VERDANA,Fictional Counterparty,VD,,DEV-0047,FALSE,Synthetic routine activity
TXN-0001571,ACC-00123,2026-07-24T12:46:00,10123.08,VRD,DEBIT,TRANSFER,TRANSFER,EXT-VERDANA,Fictional Counterparty,VD,,DEV-0038,FALSE,Synthetic routine activity
TXN-0001572,ACC-00003,2026-07-24T12:56:00,11998.87,VRD,DEBIT,MOBILE,TRANSFER,EXT-VERDANA,Fictional Counterparty,VD,,DEV-0048,FALSE,Synthetic routine activity
TXN-0001573,ACC-00028,2026-07-24T12:56:00,12921.30,VRD,CREDIT,MOBILE,TRANSFER,EXT-VERDANA,Fictional Counterparty,VD,,DEV-0023,FALSE,Synthetic routine activity
TXN-0001574,ACC-00055,2026-07-24T14:02:00,10319.07,VRD,DEBIT,MOBILE,TRANSFER,EXT-VERDANA,Fictional Counterparty,VD,,DEV-0014,FALSE,Synthetic routine activity
TXN-0001575,ACC-00080,2026-07-24T14:02:00,8811.65,VRD,DEBIT,MOBILE,TRANSFER,EXT-VERDANA,Fictional Counterparty,VD,,DEV-0049,FALSE,Synthetic routine activity
TXN-0001576,ACC-00105,2026-07-24T14:02:00,14288.79,VRD,DEBIT,MOBILE,TRANSFER,EXT-VERDANA,Fictional Counterparty,VD,,DEV-0024,FALSE,Synthetic routine activity
TXN-0001577,ACC-00130,2026-07-24T14:02:00,5484.90,VRD,CREDIT,MOBILE,TRANSFER,EXT-VERDANA,Fictional Counterparty,VD,,DEV-0059,FALSE,Synthetic routine activity
TXN-0001578,ACC-00012,2026-07-24T16:18:00,5683.33,VRD,DEBIT,CARD,PURCHASE,EXT-VERDANA,Fictional Counterparty,VD,,DEV-0025,FALSE,Synthetic routine activity
TXN-0001579,ACC-00037,2026-07-24T16:18:00,7983.70,VRD,DEBIT,CARD,PURCHASE,EXT-VERDANA,Fictional Counterparty,VD,,DEV-0060,FALSE,Synthetic routine activity
TXN-0001580,ACC-00062,2026-07-24T16:18:00,6468.86,VRD,CREDIT,CARD,PURCHASE,EXT-VERDANA,Fictional Counterparty,VD,,DEV-0035,FALSE,Synthetic routine activity
TXN-0001581,ACC-00091,2026-07-25T09:43:00,11010.93,VRD,CREDIT,TRANSFER,TRANSFER,EXT-VERDANA,Fictional Counterparty,VD,,DEV-0001,FALSE,Synthetic routine activity
TXN-0001582,ACC-00116,2026-07-25T09:43:00,14705.83,VRD,DEBIT,TRANSFER,TRANSFER,EXT-VERDANA,Fictional Counterparty,VD,,DEV-0036,FALSE,Synthetic routine activity
TXN-0001583,ACC-00023,2026-07-25T11:59:00,820.97,VRD,CREDIT,MOBILE,TRANSFER,EXT-VERDANA,Fictional Counterparty,VD,,DEV-0037,FALSE,Synthetic routine activity
TXN-0001584,ACC-00048,2026-07-25T11:59:00,546.35,VRD,DEBIT,MOBILE,TRANSFER,EXT-VERDANA,Fictional Counterparty,VD,,DEV-0012,FALSE,Synthetic routine activity
TXN-0001585,ACC-00073,2026-07-25T11:59:00,7023.91,VRD,DEBIT,MOBILE,TRANSFER,EXT-VERDANA,Fictional Counterparty,VD,,DEV-0047,FALSE,Synthetic routine activity
TXN-0001586,ACC-00098,2026-07-25T11:59:00,6614.07,VRD,DEBIT,MOBILE,TRANSFER,EXT-VERDANA,Fictional Counterparty,VD,,DEV-0022,FALSE,Synthetic routine activity
TXN-0001587,ACC-00125,2026-07-25T13:05:00,8633.44,VRD,CREDIT,MOBILE,TRANSFER,EXT-VERDANA,Fictional Counterparty,VD,,DEV-0013,FALSE,Synthetic routine activity
TXN-0001588,ACC-00005,2026-07-25T13:15:00,1540.49,VRD,DEBIT,CARD,PURCHASE,EXT-VERDANA,Fictional Counterparty,VD,,DEV-0023,FALSE,Synthetic routine activity
TXN-0001589,ACC-00030,2026-07-25T13:15:00,9566.37,VRD,DEBIT,CARD,PURCHASE,EXT-VERDANA,Fictional Counterparty,VD,,DEV-0058,FALSE,Synthetic routine activity
TXN-0001590,ACC-00057,2026-07-25T15:21:00,13265.21,VRD,CREDIT,CARD,PURCHASE,EXT-VERDANA,Fictional Counterparty,VD,,DEV-0049,FALSE,Synthetic routine activity
TXN-0001591,ACC-00082,2026-07-25T15:21:00,9689.41,VRD,DEBIT,CARD,PURCHASE,EXT-VERDANA,Fictional Counterparty,VD,,DEV-0024,FALSE,Synthetic routine activity
TXN-0001592,ACC-00107,2026-07-25T15:21:00,10039.51,VRD,DEBIT,CARD,PURCHASE,EXT-VERDANA,Fictional Counterparty,VD,,DEV-0059,FALSE,Synthetic routine activity
TXN-0001593,ACC-00014,2026-07-25T17:37:00,2012.81,VRD,DEBIT,TRANSFER,TRANSFER,EXT-VERDANA,Fictional Counterparty,VD,,DEV-0060,FALSE,Synthetic routine activity
TXN-0001594,ACC-00039,2026-07-25T17:37:00,7986.01,VRD,DEBIT,TRANSFER,TRANSFER,EXT-VERDANA,Fictional Counterparty,VD,,DEV-0035,FALSE,Synthetic routine activity
TXN-0001595,ACC-00064,2026-07-25T17:37:00,1837.47,VRD,DEBIT,TRANSFER,TRANSFER,EXT-VERDANA,Fictional Counterparty,VD,,DEV-0010,FALSE,Synthetic routine activity
TXN-0001596,ACC-00016,2026-07-26T08:56:00,13400.89,VRD,CREDIT,MOBILE,TRANSFER,EXT-VERDANA,Fictional Counterparty,VD,,DEV-0035,FALSE,Synthetic routine activity
TXN-0001597,ACC-00041,2026-07-26T08:56:00,14767.48,VRD,DEBIT,MOBILE,TRANSFER,EXT-VERDANA,Fictional Counterparty,VD,,DEV-0010,FALSE,Synthetic routine activity
TXN-0001598,ACC-00066,2026-07-26T08:56:00,1902.67,VRD,DEBIT,MOBILE,TRANSFER,EXT-VERDANA,Fictional Counterparty,VD,,DEV-0045,FALSE,Synthetic routine activity
TXN-0001599,ACC-00118,2026-07-26T10:02:00,11682.97,VRD,CREDIT,MOBILE,TRANSFER,EXT-VERDANA,Fictional Counterparty,VD,,DEV-0011,FALSE,Synthetic routine activity
TXN-0001600,ACC-00050,2026-07-26T12:18:00,12167.41,VRD,CREDIT,CARD,PURCHASE,EXT-VERDANA,Fictional Counterparty,VD,,DEV-0047,FALSE,Synthetic routine activity
TXN-0001601,ACC-00075,2026-07-26T12:18:00,1174.03,VRD,DEBIT,CARD,PURCHASE,EXT-VERDANA,Fictional Counterparty,VD,,DEV-0022,FALSE,Synthetic routine activity
TXN-0001602,ACC-00100,2026-07-26T12:18:00,11066.42,VRD,DEBIT,CARD,PURCHASE,EXT-VERDANA,Fictional Counterparty,VD,,DEV-0057,FALSE,Synthetic routine activity
TXN-0001603,ACC-00007,2026-07-26T14:34:00,13047.16,VRD,DEBIT,TRANSFER,TRANSFER,EXT-VERDANA,Fictional Counterparty,VD,,DEV-0058,FALSE,Synthetic routine activity
TXN-0001604,ACC-00032,2026-07-26T14:34:00,3064.00,VRD,DEBIT,TRANSFER,TRANSFER,EXT-VERDANA,Fictional Counterparty,VD,,DEV-0033,FALSE,Synthetic routine activity
TXN-0001605,ACC-00084,2026-07-26T16:40:00,11906.34,VRD,CREDIT,TRANSFER,TRANSFER,EXT-VERDANA,Fictional Counterparty,VD,,DEV-0059,FALSE,Synthetic routine activity
TXN-0001606,ACC-00109,2026-07-26T16:40:00,7960.26,VRD,DEBIT,TRANSFER,TRANSFER,EXT-VERDANA,Fictional Counterparty,VD,,DEV-0034,FALSE,Synthetic routine activity
TXN-0001607,ACC-00018,2026-07-27T09:15:00,5909.79,VRD,DEBIT,CARD,PURCHASE,EXT-VERDANA,Fictional Counterparty,VD,,DEV-0010,FALSE,Synthetic routine activity
TXN-0001608,ACC-00043,2026-07-27T09:15:00,3615.79,VRD,CREDIT,CARD,PURCHASE,EXT-VERDANA,Fictional Counterparty,VD,,DEV-0045,FALSE,Synthetic routine activity
TXN-0001609,ACC-00068,2026-07-27T09:15:00,11098.24,VRD,DEBIT,CARD,PURCHASE,EXT-VERDANA,Fictional Counterparty,VD,,DEV-0020,FALSE,Synthetic routine activity
TXN-0001610,ACC-00120,2026-07-27T11:21:00,1963.93,VRD,DEBIT,CARD,PURCHASE,EXT-VERDANA,Fictional Counterparty,VD,,DEV-0046,FALSE,Synthetic routine activity
TXN-0001611,ACC-00052,2026-07-27T13:37:00,6261.13,VRD,DEBIT,TRANSFER,TRANSFER,EXT-VERDANA,Fictional Counterparty,VD,,DEV-0022,FALSE,Synthetic routine activity
TXN-0001612,ACC-00077,2026-07-27T13:37:00,14677.20,VRD,CREDIT,TRANSFER,TRANSFER,EXT-VERDANA,Fictional Counterparty,VD,,DEV-0057,FALSE,Synthetic routine activity
TXN-0001613,ACC-00102,2026-07-27T13:37:00,8538.29,VRD,DEBIT,TRANSFER,TRANSFER,EXT-VERDANA,Fictional Counterparty,VD,,DEV-0032,FALSE,Synthetic routine activity
TXN-0001614,ACC-00009,2026-07-27T15:53:00,7439.52,VRD,CREDIT,MOBILE,TRANSFER,EXT-VERDANA,Fictional Counterparty,VD,,DEV-0033,FALSE,Synthetic routine activity
TXN-0001615,ACC-00034,2026-07-27T15:53:00,13029.86,VRD,DEBIT,MOBILE,TRANSFER,EXT-VERDANA,Fictional Counterparty,VD,,DEV-0008,FALSE,Synthetic routine activity
TXN-0001616,ACC-00086,2026-07-27T17:59:00,5162.58,VRD,DEBIT,MOBILE,TRANSFER,EXT-VERDANA,Fictional Counterparty,VD,,DEV-0034,FALSE,Synthetic routine activity
TXN-0001617,ACC-00111,2026-07-27T17:59:00,4798.85,VRD,CREDIT,MOBILE,TRANSFER,EXT-VERDANA,Fictional Counterparty,VD,,DEV-0009,FALSE,Synthetic routine activity
TXN-0001618,ACC-00088,2026-07-28T08:18:00,11740.64,VRD,DEBIT,CARD,PURCHASE,EXT-VERDANA,Fictional Counterparty,VD,,DEV-0009,FALSE,Synthetic routine activity
TXN-0001619,ACC-00113,2026-07-28T08:18:00,9700.64,VRD,DEBIT,CARD,PURCHASE,EXT-VERDANA,Fictional Counterparty,VD,,DEV-0044,FALSE,Synthetic routine activity
TXN-0001620,ACC-00020,2026-07-28T10:34:00,1257.31,VRD,DEBIT,TRANSFER,TRANSFER,EXT-VERDANA,Fictional Counterparty,VD,,DEV-0045,FALSE,Synthetic routine activity
TXN-0001621,ACC-00045,2026-07-28T10:34:00,10077.48,VRD,DEBIT,TRANSFER,TRANSFER,EXT-VERDANA,Fictional Counterparty,VD,,DEV-0020,FALSE,Synthetic routine activity
TXN-0001622,ACC-00070,2026-07-28T10:34:00,1010.18,VRD,CREDIT,TRANSFER,TRANSFER,EXT-VERDANA,Fictional Counterparty,VD,,DEV-0055,FALSE,Synthetic routine activity
TXN-0001623,ACC-00095,2026-07-28T10:34:00,12648.15,VRD,DEBIT,TRANSFER,TRANSFER,EXT-VERDANA,Fictional Counterparty,VD,,DEV-0030,FALSE,Synthetic routine activity
TXN-0001624,ACC-00122,2026-07-28T12:40:00,3590.95,VRD,DEBIT,TRANSFER,TRANSFER,EXT-VERDANA,Fictional Counterparty,VD,,DEV-0021,FALSE,Synthetic routine activity
TXN-0001625,ACC-00002,2026-07-28T12:50:00,6701.10,VRD,CREDIT,MOBILE,TRANSFER,EXT-VERDANA,Fictional Counterparty,VD,,DEV-0031,FALSE,Synthetic routine activity
TXN-0001626,ACC-00027,2026-07-28T12:50:00,4495.96,VRD,DEBIT,MOBILE,TRANSFER,EXT-VERDANA,Fictional Counterparty,VD,,DEV-0006,FALSE,Synthetic routine activity
TXN-0001627,ACC-00054,2026-07-28T14:56:00,3049.20,VRD,DEBIT,MOBILE,TRANSFER,EXT-VERDANA,Fictional Counterparty,VD,,DEV-0057,FALSE,Synthetic routine activity
TXN-0001628,ACC-00079,2026-07-28T14:56:00,6614.43,VRD,DEBIT,MOBILE,TRANSFER,EXT-VERDANA,Fictional Counterparty,VD,,DEV-0032,FALSE,Synthetic routine activity
TXN-0001629,ACC-00104,2026-07-28T14:56:00,11728.48,VRD,CREDIT,MOBILE,TRANSFER,EXT-VERDANA,Fictional Counterparty,VD,,DEV-0007,FALSE,Synthetic routine activity
TXN-0001630,ACC-00129,2026-07-28T14:56:00,5845.40,VRD,DEBIT,MOBILE,TRANSFER,EXT-VERDANA,Fictional Counterparty,VD,,DEV-0042,FALSE,Synthetic routine activity
TXN-0001631,ACC-00011,2026-07-28T16:12:00,12754.40,VRD,DEBIT,CARD,PURCHASE,EXT-VERDANA,Fictional Counterparty,VD,,DEV-0008,FALSE,Synthetic routine activity
TXN-0001632,ACC-00036,2026-07-28T16:12:00,2646.36,VRD,CREDIT,CARD,PURCHASE,EXT-VERDANA,Fictional Counterparty,VD,,DEV-0043,FALSE,Synthetic routine activity
TXN-0001633,ACC-00061,2026-07-28T16:12:00,3645.28,VRD,DEBIT,CARD,PURCHASE,EXT-VERDANA,Fictional Counterparty,VD,,DEV-0018,FALSE,Synthetic routine activity
TXN-0001634,ACC-00090,2026-07-29T09:37:00,7984.72,VRD,DEBIT,TRANSFER,TRANSFER,EXT-VERDANA,Fictional Counterparty,VD,,DEV-0044,FALSE,Synthetic routine activity
TXN-0001635,ACC-00115,2026-07-29T09:37:00,10498.80,VRD,DEBIT,TRANSFER,TRANSFER,EXT-VERDANA,Fictional Counterparty,VD,,DEV-0019,FALSE,Synthetic routine activity
TXN-0001636,ACC-00022,2026-07-29T11:53:00,4419.35,VRD,DEBIT,MOBILE,TRANSFER,EXT-VERDANA,Fictional Counterparty,VD,,DEV-0020,FALSE,Synthetic routine activity
TXN-0001637,ACC-00047,2026-07-29T11:53:00,1492.50,VRD,DEBIT,MOBILE,TRANSFER,EXT-VERDANA,Fictional Counterparty,VD,,DEV-0055,FALSE,Synthetic routine activity
TXN-0001638,ACC-00072,2026-07-29T11:53:00,9511.69,VRD,DEBIT,MOBILE,TRANSFER,EXT-VERDANA,Fictional Counterparty,VD,,DEV-0030,FALSE,Synthetic routine activity
TXN-0001639,ACC-00097,2026-07-29T11:53:00,12617.62,VRD,CREDIT,MOBILE,TRANSFER,EXT-VERDANA,Fictional Counterparty,VD,,DEV-0005,FALSE,Synthetic routine activity
TXN-0001640,ACC-00004,2026-07-29T13:09:00,11238.63,VRD,DEBIT,CARD,PURCHASE,EXT-VERDANA,Fictional Counterparty,VD,,DEV-0006,FALSE,Synthetic routine activity
TXN-0001641,ACC-00029,2026-07-29T13:09:00,12317.24,VRD,CREDIT,CARD,PURCHASE,EXT-VERDANA,Fictional Counterparty,VD,,DEV-0041,FALSE,Synthetic routine activity
TXN-0001642,ACC-00124,2026-07-29T13:59:00,10892.97,VRD,DEBIT,MOBILE,TRANSFER,EXT-VERDANA,Fictional Counterparty,VD,,DEV-0056,FALSE,Synthetic routine activity
TXN-0001643,ACC-00056,2026-07-29T15:15:00,1775.40,VRD,DEBIT,CARD,PURCHASE,EXT-VERDANA,Fictional Counterparty,VD,,DEV-0032,FALSE,Synthetic routine activity
TXN-0001644,ACC-00081,2026-07-29T15:15:00,9089.80,VRD,DEBIT,CARD,PURCHASE,EXT-VERDANA,Fictional Counterparty,VD,,DEV-0007,FALSE,Synthetic routine activity
TXN-0001645,ACC-00106,2026-07-29T15:15:00,10203.69,VRD,DEBIT,CARD,PURCHASE,EXT-VERDANA,Fictional Counterparty,VD,,DEV-0042,FALSE,Synthetic routine activity
TXN-0001646,ACC-00013,2026-07-29T17:31:00,14160.69,VRD,DEBIT,TRANSFER,TRANSFER,EXT-VERDANA,Fictional Counterparty,VD,,DEV-0043,FALSE,Synthetic routine activity
TXN-0001647,ACC-00038,2026-07-29T17:31:00,6680.58,VRD,DEBIT,TRANSFER,TRANSFER,EXT-VERDANA,Fictional Counterparty,VD,,DEV-0018,FALSE,Synthetic routine activity
TXN-0001648,ACC-00063,2026-07-29T17:31:00,1354.82,VRD,CREDIT,TRANSFER,TRANSFER,EXT-VERDANA,Fictional Counterparty,VD,,DEV-0053,FALSE,Synthetic routine activity
TXN-0001649,ACC-00015,2026-07-30T08:50:00,6362.26,VRD,DEBIT,MOBILE,TRANSFER,EXT-VERDANA,Fictional Counterparty,VD,,DEV-0018,FALSE,Synthetic routine activity
TXN-0001650,ACC-00040,2026-07-30T08:50:00,5208.29,VRD,DEBIT,MOBILE,TRANSFER,EXT-VERDANA,Fictional Counterparty,VD,,DEV-0053,FALSE,Synthetic routine activity
TXN-0001651,ACC-00065,2026-07-30T08:50:00,13216.36,VRD,DEBIT,MOBILE,TRANSFER,EXT-VERDANA,Fictional Counterparty,VD,,DEV-0028,FALSE,Synthetic routine activity
TXN-0001652,ACC-00092,2026-07-30T10:56:00,9215.48,VRD,CREDIT,MOBILE,TRANSFER,EXT-VERDANA,Fictional Counterparty,VD,,DEV-0019,FALSE,Synthetic routine activity
TXN-0001653,ACC-00117,2026-07-30T10:56:00,7949.62,VRD,DEBIT,MOBILE,TRANSFER,EXT-VERDANA,Fictional Counterparty,VD,,DEV-0054,FALSE,Synthetic routine activity
TXN-0001654,ACC-00024,2026-07-30T12:12:00,9251.03,VRD,CREDIT,CARD,PURCHASE,EXT-VERDANA,Fictional Counterparty,VD,,DEV-0055,FALSE,Synthetic routine activity
TXN-0001655,ACC-00049,2026-07-30T12:12:00,7905.64,VRD,DEBIT,CARD,PURCHASE,EXT-VERDANA,Fictional Counterparty,VD,,DEV-0030,FALSE,Synthetic routine activity
TXN-0001656,ACC-00074,2026-07-30T12:12:00,5482.21,VRD,DEBIT,CARD,PURCHASE,EXT-VERDANA,Fictional Counterparty,VD,,DEV-0005,FALSE,Synthetic routine activity
TXN-0001657,ACC-00099,2026-07-30T12:12:00,4635.45,VRD,DEBIT,CARD,PURCHASE,EXT-VERDANA,Fictional Counterparty,VD,,DEV-0040,FALSE,Synthetic routine activity
TXN-0001658,ACC-00126,2026-07-30T14:18:00,3234.47,VRD,CREDIT,CARD,PURCHASE,EXT-VERDANA,Fictional Counterparty,VD,,DEV-0031,FALSE,Synthetic routine activity
TXN-0001659,ACC-00006,2026-07-30T14:28:00,14762.80,VRD,DEBIT,TRANSFER,TRANSFER,EXT-VERDANA,Fictional Counterparty,VD,,DEV-0041,FALSE,Synthetic routine activity
TXN-0001660,ACC-00031,2026-07-30T14:28:00,9643.97,VRD,DEBIT,TRANSFER,TRANSFER,EXT-VERDANA,Fictional Counterparty,VD,,DEV-0016,FALSE,Synthetic routine activity
TXN-0001661,ACC-00058,2026-07-30T16:34:00,9994.57,VRD,CREDIT,TRANSFER,TRANSFER,EXT-VERDANA,Fictional Counterparty,VD,,DEV-0007,FALSE,Synthetic routine activity
TXN-0001662,ACC-00083,2026-07-30T16:34:00,8511.40,VRD,DEBIT,TRANSFER,TRANSFER,EXT-VERDANA,Fictional Counterparty,VD,,DEV-0042,FALSE,Synthetic routine activity
TXN-0001663,ACC-00108,2026-07-30T16:34:00,2115.33,VRD,DEBIT,TRANSFER,TRANSFER,EXT-VERDANA,Fictional Counterparty,VD,,DEV-0017,FALSE,Synthetic routine activity
TXN-0001664,ACC-00017,2026-07-31T09:09:00,3425.74,VRD,CREDIT,CARD,PURCHASE,EXT-VERDANA,Fictional Counterparty,VD,,DEV-0053,FALSE,Synthetic routine activity
TXN-0001665,ACC-00042,2026-07-31T09:09:00,14481.61,VRD,DEBIT,CARD,PURCHASE,EXT-VERDANA,Fictional Counterparty,VD,,DEV-0028,FALSE,Synthetic routine activity
TXN-0001666,ACC-00067,2026-07-31T09:09:00,9445.43,VRD,DEBIT,CARD,PURCHASE,EXT-VERDANA,Fictional Counterparty,VD,,DEV-0003,FALSE,Synthetic routine activity
TXN-0001667,ACC-00119,2026-07-31T11:15:00,5505.92,VRD,CREDIT,CARD,PURCHASE,EXT-VERDANA,Fictional Counterparty,VD,,DEV-0029,FALSE,Synthetic routine activity
TXN-0001668,ACC-00051,2026-07-31T13:31:00,3000.87,VRD,CREDIT,TRANSFER,TRANSFER,EXT-VERDANA,Fictional Counterparty,VD,,DEV-0005,FALSE,Synthetic routine activity
TXN-0001669,ACC-00076,2026-07-31T13:31:00,8109.26,VRD,DEBIT,TRANSFER,TRANSFER,EXT-VERDANA,Fictional Counterparty,VD,,DEV-0040,FALSE,Synthetic routine activity
TXN-0001670,ACC-00101,2026-07-31T13:31:00,4439.72,VRD,DEBIT,TRANSFER,TRANSFER,EXT-VERDANA,Fictional Counterparty,VD,,DEV-0015,FALSE,Synthetic routine activity
TXN-0001671,ACC-00008,2026-07-31T15:47:00,4108.00,VRD,DEBIT,MOBILE,TRANSFER,EXT-VERDANA,Fictional Counterparty,VD,,DEV-0016,FALSE,Synthetic routine activity
TXN-0001672,ACC-00033,2026-07-31T15:47:00,3218.39,VRD,DEBIT,MOBILE,TRANSFER,EXT-VERDANA,Fictional Counterparty,VD,,DEV-0051,FALSE,Synthetic routine activity
TXN-0001673,ACC-00085,2026-07-31T17:53:00,5206.41,VRD,CREDIT,MOBILE,TRANSFER,EXT-VERDANA,Fictional Counterparty,VD,,DEV-0017,FALSE,Synthetic routine activity
TXN-0001674,ACC-00110,2026-07-31T17:53:00,10817.23,VRD,DEBIT,MOBILE,TRANSFER,EXT-VERDANA,Fictional Counterparty,VD,,DEV-0052,FALSE,Synthetic routine activity
TXN-0001675,ACC-00087,2026-08-01T08:12:00,1921.51,VRD,DEBIT,CARD,PURCHASE,EXT-VERDANA,Fictional Counterparty,VD,,DEV-0052,FALSE,Synthetic routine activity
TXN-0001676,ACC-00112,2026-08-01T08:12:00,8869.49,VRD,CREDIT,CARD,PURCHASE,EXT-VERDANA,Fictional Counterparty,VD,,DEV-0027,FALSE,Synthetic routine activity
TXN-0001677,ACC-00019,2026-08-01T10:28:00,13373.74,VRD,DEBIT,TRANSFER,TRANSFER,EXT-VERDANA,Fictional Counterparty,VD,,DEV-0028,FALSE,Synthetic routine activity
TXN-0001678,ACC-00044,2026-08-01T10:28:00,4965.21,VRD,CREDIT,TRANSFER,TRANSFER,EXT-VERDANA,Fictional Counterparty,VD,,DEV-0003,FALSE,Synthetic routine activity
TXN-0001679,ACC-00069,2026-08-01T10:28:00,1811.41,VRD,DEBIT,TRANSFER,TRANSFER,EXT-VERDANA,Fictional Counterparty,VD,,DEV-0038,FALSE,Synthetic routine activity
TXN-0001680,ACC-00121,2026-08-01T12:34:00,1920.12,VRD,DEBIT,TRANSFER,TRANSFER,EXT-VERDANA,Fictional Counterparty,VD,,DEV-0004,FALSE,Synthetic routine activity
TXN-0001681,ACC-00001,2026-08-01T12:44:00,12231.83,VRD,DEBIT,MOBILE,TRANSFER,EXT-VERDANA,Fictional Counterparty,VD,,DEV-0014,FALSE,Synthetic routine activity
TXN-0001682,ACC-00053,2026-08-01T14:50:00,12013.97,VRD,DEBIT,MOBILE,TRANSFER,EXT-VERDANA,Fictional Counterparty,VD,,DEV-0040,FALSE,Synthetic routine activity
TXN-0001683,ACC-00078,2026-08-01T14:50:00,633.13,VRD,CREDIT,MOBILE,TRANSFER,EXT-VERDANA,Fictional Counterparty,VD,,DEV-0015,FALSE,Synthetic routine activity
TXN-0001684,ACC-00103,2026-08-01T14:50:00,4919.13,VRD,DEBIT,MOBILE,TRANSFER,EXT-VERDANA,Fictional Counterparty,VD,,DEV-0050,FALSE,Synthetic routine activity
TXN-0001685,ACC-00010,2026-08-01T16:06:00,14405.30,VRD,CREDIT,CARD,PURCHASE,EXT-VERDANA,Fictional Counterparty,VD,,DEV-0051,FALSE,Synthetic routine activity
TXN-0001686,ACC-00035,2026-08-01T16:06:00,7061.97,VRD,DEBIT,CARD,PURCHASE,EXT-VERDANA,Fictional Counterparty,VD,,DEV-0026,FALSE,Synthetic routine activity
TXN-0001687,ACC-00089,2026-08-02T09:31:00,9109.57,VRD,DEBIT,TRANSFER,TRANSFER,EXT-VERDANA,Fictional Counterparty,VD,,DEV-0027,FALSE,Synthetic routine activity
TXN-0001688,ACC-00114,2026-08-02T09:31:00,4889.99,VRD,DEBIT,TRANSFER,TRANSFER,EXT-VERDANA,Fictional Counterparty,VD,,DEV-0002,FALSE,Synthetic routine activity
TXN-0001689,ACC-00021,2026-08-02T11:47:00,7978.17,VRD,DEBIT,MOBILE,TRANSFER,EXT-VERDANA,Fictional Counterparty,VD,,DEV-0003,FALSE,Synthetic routine activity
TXN-0001690,ACC-00046,2026-08-02T11:47:00,7932.47,VRD,DEBIT,MOBILE,TRANSFER,EXT-VERDANA,Fictional Counterparty,VD,,DEV-0038,FALSE,Synthetic routine activity
TXN-0001691,ACC-00071,2026-08-02T11:47:00,924.94,VRD,CREDIT,MOBILE,TRANSFER,EXT-VERDANA,Fictional Counterparty,VD,,DEV-0013,FALSE,Synthetic routine activity
TXN-0001692,ACC-00096,2026-08-02T11:47:00,5626.52,VRD,DEBIT,MOBILE,TRANSFER,EXT-VERDANA,Fictional Counterparty,VD,,DEV-0048,FALSE,Synthetic routine activity
TXN-0001693,ACC-00003,2026-08-02T13:03:00,11117.09,VRD,CREDIT,CARD,PURCHASE,EXT-VERDANA,Fictional Counterparty,VD,,DEV-0049,FALSE,Synthetic routine activity
TXN-0001694,ACC-00028,2026-08-02T13:03:00,11814.60,VRD,DEBIT,CARD,PURCHASE,EXT-VERDANA,Fictional Counterparty,VD,,DEV-0024,FALSE,Synthetic routine activity
TXN-0001695,ACC-00123,2026-08-02T13:53:00,725.33,VRD,DEBIT,MOBILE,TRANSFER,EXT-VERDANA,Fictional Counterparty,VD,,DEV-0039,FALSE,Synthetic routine activity
TXN-0001696,ACC-00055,2026-08-02T15:09:00,625.26,VRD,DEBIT,CARD,PURCHASE,EXT-VERDANA,Fictional Counterparty,VD,,DEV-0015,FALSE,Synthetic routine activity
TXN-0001697,ACC-00080,2026-08-02T15:09:00,9221.62,VRD,DEBIT,CARD,PURCHASE,EXT-VERDANA,Fictional Counterparty,VD,,DEV-0050,FALSE,Synthetic routine activity
TXN-0001698,ACC-00105,2026-08-02T15:09:00,6724.42,VRD,CREDIT,CARD,PURCHASE,EXT-VERDANA,Fictional Counterparty,VD,,DEV-0025,FALSE,Synthetic routine activity
TXN-0001699,ACC-00130,2026-08-02T15:09:00,11917.77,VRD,DEBIT,CARD,PURCHASE,EXT-VERDANA,Fictional Counterparty,VD,,DEV-0060,FALSE,Synthetic routine activity
TXN-0001700,ACC-00012,2026-08-02T17:25:00,3846.85,VRD,DEBIT,TRANSFER,TRANSFER,EXT-VERDANA,Fictional Counterparty,VD,,DEV-0026,FALSE,Synthetic routine activity
TXN-0001701,ACC-00037,2026-08-02T17:25:00,2869.49,VRD,CREDIT,TRANSFER,TRANSFER,EXT-VERDANA,Fictional Counterparty,VD,,DEV-0001,FALSE,Synthetic routine activity
TXN-0001702,ACC-00062,2026-08-02T17:25:00,12289.30,VRD,DEBIT,TRANSFER,TRANSFER,EXT-VERDANA,Fictional Counterparty,VD,,DEV-0036,FALSE,Synthetic routine activity
TXN-0001703,ACC-00014,2026-08-03T08:44:00,7439.35,VRD,DEBIT,MOBILE,TRANSFER,EXT-VERDANA,Fictional Counterparty,VD,,DEV-0001,FALSE,Synthetic routine activity
TXN-0001704,ACC-00039,2026-08-03T08:44:00,12336.18,VRD,DEBIT,MOBILE,TRANSFER,EXT-VERDANA,Fictional Counterparty,VD,,DEV-0036,FALSE,Synthetic routine activity
TXN-0001705,ACC-00064,2026-08-03T08:44:00,4178.03,VRD,CREDIT,MOBILE,TRANSFER,EXT-VERDANA,Fictional Counterparty,VD,,DEV-0011,FALSE,Synthetic routine activity
TXN-0001706,ACC-00091,2026-08-03T10:50:00,11082.53,VRD,DEBIT,MOBILE,TRANSFER,EXT-VERDANA,Fictional Counterparty,VD,,DEV-0002,FALSE,Synthetic routine activity
TXN-0001707,ACC-00116,2026-08-03T10:50:00,2578.89,VRD,DEBIT,MOBILE,TRANSFER,EXT-VERDANA,Fictional Counterparty,VD,,DEV-0037,FALSE,Synthetic routine activity
TXN-0001708,ACC-00023,2026-08-03T12:06:00,9932.48,VRD,DEBIT,CARD,PURCHASE,EXT-VERDANA,Fictional Counterparty,VD,,DEV-0038,FALSE,Synthetic routine activity
TXN-0001709,ACC-00048,2026-08-03T12:06:00,14564.18,VRD,DEBIT,CARD,PURCHASE,EXT-VERDANA,Fictional Counterparty,VD,,DEV-0013,FALSE,Synthetic routine activity
TXN-0001710,ACC-00073,2026-08-03T12:06:00,12277.61,VRD,DEBIT,CARD,PURCHASE,EXT-VERDANA,Fictional Counterparty,VD,,DEV-0048,FALSE,Synthetic routine activity
TXN-0001711,ACC-00098,2026-08-03T12:06:00,10622.81,VRD,CREDIT,CARD,PURCHASE,EXT-VERDANA,Fictional Counterparty,VD,,DEV-0023,FALSE,Synthetic routine activity
TXN-0001712,ACC-00125,2026-08-03T14:12:00,9068.66,VRD,DEBIT,CARD,PURCHASE,EXT-VERDANA,Fictional Counterparty,VD,,DEV-0014,FALSE,Synthetic routine activity
TXN-0001713,ACC-00005,2026-08-03T14:22:00,6752.76,VRD,DEBIT,TRANSFER,TRANSFER,EXT-VERDANA,Fictional Counterparty,VD,,DEV-0024,FALSE,Synthetic routine activity
TXN-0001714,ACC-00030,2026-08-03T14:22:00,11926.16,VRD,CREDIT,TRANSFER,TRANSFER,EXT-VERDANA,Fictional Counterparty,VD,,DEV-0059,FALSE,Synthetic routine activity
TXN-0001715,ACC-00057,2026-08-03T16:28:00,1751.65,VRD,DEBIT,TRANSFER,TRANSFER,EXT-VERDANA,Fictional Counterparty,VD,,DEV-0050,FALSE,Synthetic routine activity
TXN-0001716,ACC-00082,2026-08-03T16:28:00,11349.61,VRD,DEBIT,TRANSFER,TRANSFER,EXT-VERDANA,Fictional Counterparty,VD,,DEV-0025,FALSE,Synthetic routine activity
TXN-0001717,ACC-00107,2026-08-03T16:28:00,9255.64,VRD,DEBIT,TRANSFER,TRANSFER,EXT-VERDANA,Fictional Counterparty,VD,,DEV-0060,FALSE,Synthetic routine activity
TXN-0001718,ACC-00016,2026-08-04T09:03:00,2271.48,VRD,DEBIT,CARD,PURCHASE,EXT-VERDANA,Fictional Counterparty,VD,,DEV-0036,FALSE,Synthetic routine activity
TXN-0001719,ACC-00041,2026-08-04T09:03:00,10653.87,VRD,DEBIT,CARD,PURCHASE,EXT-VERDANA,Fictional Counterparty,VD,,DEV-0011,FALSE,Synthetic routine activity
TXN-0001720,ACC-00066,2026-08-04T09:03:00,6408.08,VRD,DEBIT,CARD,PURCHASE,EXT-VERDANA,Fictional Counterparty,VD,,DEV-0046,FALSE,Synthetic routine activity
TXN-0001721,ACC-00093,2026-08-04T11:09:00,7691.29,VRD,CREDIT,CARD,PURCHASE,EXT-VERDANA,Fictional Counterparty,VD,,DEV-0037,FALSE,Synthetic routine activity
TXN-0001722,ACC-00118,2026-08-04T11:09:00,1293.05,VRD,DEBIT,CARD,PURCHASE,EXT-VERDANA,Fictional Counterparty,VD,,DEV-0012,FALSE,Synthetic routine activity
TXN-0001723,ACC-00025,2026-08-04T13:25:00,4173.83,VRD,CREDIT,TRANSFER,TRANSFER,EXT-VERDANA,Fictional Counterparty,VD,,DEV-0013,FALSE,Synthetic routine activity
TXN-0001724,ACC-00050,2026-08-04T13:25:00,6740.76,VRD,DEBIT,TRANSFER,TRANSFER,EXT-VERDANA,Fictional Counterparty,VD,,DEV-0048,FALSE,Synthetic routine activity
TXN-0001725,ACC-00075,2026-08-04T13:25:00,1830.05,VRD,DEBIT,TRANSFER,TRANSFER,EXT-VERDANA,Fictional Counterparty,VD,,DEV-0023,FALSE,Synthetic routine activity
TXN-0001726,ACC-00100,2026-08-04T13:25:00,9770.12,VRD,DEBIT,TRANSFER,TRANSFER,EXT-VERDANA,Fictional Counterparty,VD,,DEV-0058,FALSE,Synthetic routine activity
TXN-0001727,ACC-00127,2026-08-04T15:31:00,14033.09,VRD,CREDIT,TRANSFER,TRANSFER,EXT-VERDANA,Fictional Counterparty,VD,,DEV-0049,FALSE,Synthetic routine activity
TXN-0001728,ACC-00007,2026-08-04T15:41:00,2603.84,VRD,DEBIT,MOBILE,TRANSFER,EXT-VERDANA,Fictional Counterparty,VD,,DEV-0059,FALSE,Synthetic routine activity
TXN-0001729,ACC-00032,2026-08-04T15:41:00,7193.57,VRD,DEBIT,MOBILE,TRANSFER,EXT-VERDANA,Fictional Counterparty,VD,,DEV-0034,FALSE,Synthetic routine activity
TXN-0001730,ACC-00059,2026-08-04T17:47:00,10576.76,VRD,CREDIT,MOBILE,TRANSFER,EXT-VERDANA,Fictional Counterparty,VD,,DEV-0025,FALSE,Synthetic routine activity
TXN-0001731,ACC-00084,2026-08-04T17:47:00,2749.13,VRD,DEBIT,MOBILE,TRANSFER,EXT-VERDANA,Fictional Counterparty,VD,,DEV-0060,FALSE,Synthetic routine activity
TXN-0001732,ACC-00109,2026-08-04T17:47:00,9037.61,VRD,DEBIT,MOBILE,TRANSFER,EXT-VERDANA,Fictional Counterparty,VD,,DEV-0035,FALSE,Synthetic routine activity
TXN-0001733,ACC-00086,2026-08-05T08:06:00,11007.69,VRD,CREDIT,CARD,PURCHASE,EXT-VERDANA,Fictional Counterparty,VD,,DEV-0035,FALSE,Synthetic routine activity
TXN-0001734,ACC-00111,2026-08-05T08:06:00,14633.62,VRD,DEBIT,CARD,PURCHASE,EXT-VERDANA,Fictional Counterparty,VD,,DEV-0010,FALSE,Synthetic routine activity
TXN-0001735,ACC-00018,2026-08-05T10:22:00,5643.84,VRD,CREDIT,TRANSFER,TRANSFER,EXT-VERDANA,Fictional Counterparty,VD,,DEV-0011,FALSE,Synthetic routine activity
TXN-0001736,ACC-00043,2026-08-05T10:22:00,4606.86,VRD,DEBIT,TRANSFER,TRANSFER,EXT-VERDANA,Fictional Counterparty,VD,,DEV-0046,FALSE,Synthetic routine activity
TXN-0001737,ACC-00068,2026-08-05T10:22:00,5187.45,VRD,DEBIT,TRANSFER,TRANSFER,EXT-VERDANA,Fictional Counterparty,VD,,DEV-0021,FALSE,Synthetic routine activity
TXN-0001738,ACC-00120,2026-08-05T12:28:00,13704.13,VRD,CREDIT,TRANSFER,TRANSFER,EXT-VERDANA,Fictional Counterparty,VD,,DEV-0047,FALSE,Synthetic routine activity
TXN-0001739,ACC-00052,2026-08-05T14:44:00,9968.64,VRD,CREDIT,MOBILE,TRANSFER,EXT-VERDANA,Fictional Counterparty,VD,,DEV-0023,FALSE,Synthetic routine activity
TXN-0001740,ACC-00077,2026-08-05T14:44:00,13828.41,VRD,DEBIT,MOBILE,TRANSFER,EXT-VERDANA,Fictional Counterparty,VD,,DEV-0058,FALSE,Synthetic routine activity
TXN-0001741,ACC-00102,2026-08-05T14:44:00,6329.70,VRD,DEBIT,MOBILE,TRANSFER,EXT-VERDANA,Fictional Counterparty,VD,,DEV-0033,FALSE,Synthetic routine activity
TXN-0001742,ACC-00009,2026-08-05T16:00:00,8151.93,VRD,DEBIT,CARD,PURCHASE,EXT-VERDANA,Fictional Counterparty,VD,,DEV-0034,FALSE,Synthetic routine activity
TXN-0001743,ACC-00034,2026-08-05T16:00:00,13958.34,VRD,DEBIT,CARD,PURCHASE,EXT-VERDANA,Fictional Counterparty,VD,,DEV-0009,FALSE,Synthetic routine activity
TXN-0001744,ACC-00088,2026-08-06T09:25:00,12027.98,VRD,DEBIT,TRANSFER,TRANSFER,EXT-VERDANA,Fictional Counterparty,VD,,DEV-0010,FALSE,Synthetic routine activity
TXN-0001745,ACC-00113,2026-08-06T09:25:00,11199.63,VRD,CREDIT,TRANSFER,TRANSFER,EXT-VERDANA,Fictional Counterparty,VD,,DEV-0045,FALSE,Synthetic routine activity
TXN-0001746,ACC-00020,2026-08-06T11:41:00,8284.78,VRD,DEBIT,MOBILE,TRANSFER,EXT-VERDANA,Fictional Counterparty,VD,,DEV-0046,FALSE,Synthetic routine activity
TXN-0001747,ACC-00045,2026-08-06T11:41:00,13974.81,VRD,CREDIT,MOBILE,TRANSFER,EXT-VERDANA,Fictional Counterparty,VD,,DEV-0021,FALSE,Synthetic routine activity
TXN-0001748,ACC-00070,2026-08-06T11:41:00,14404.77,VRD,DEBIT,MOBILE,TRANSFER,EXT-VERDANA,Fictional Counterparty,VD,,DEV-0056,FALSE,Synthetic routine activity
TXN-0001749,ACC-00122,2026-08-06T13:47:00,6918.37,VRD,DEBIT,MOBILE,TRANSFER,EXT-VERDANA,Fictional Counterparty,VD,,DEV-0022,FALSE,Synthetic routine activity
TXN-0001750,ACC-00002,2026-08-06T13:57:00,9544.37,VRD,DEBIT,CARD,PURCHASE,EXT-VERDANA,Fictional Counterparty,VD,,DEV-0032,FALSE,Synthetic routine activity
TXN-0001751,ACC-00054,2026-08-06T15:03:00,12860.79,VRD,DEBIT,CARD,PURCHASE,EXT-VERDANA,Fictional Counterparty,VD,,DEV-0058,FALSE,Synthetic routine activity
TXN-0001752,ACC-00079,2026-08-06T15:03:00,9639.46,VRD,CREDIT,CARD,PURCHASE,EXT-VERDANA,Fictional Counterparty,VD,,DEV-0033,FALSE,Synthetic routine activity
TXN-0001753,ACC-00104,2026-08-06T15:03:00,3277.17,VRD,DEBIT,CARD,PURCHASE,EXT-VERDANA,Fictional Counterparty,VD,,DEV-0008,FALSE,Synthetic routine activity
TXN-0001754,ACC-00011,2026-08-06T17:19:00,1436.06,VRD,CREDIT,TRANSFER,TRANSFER,EXT-VERDANA,Fictional Counterparty,VD,,DEV-0009,FALSE,Synthetic routine activity
TXN-0001755,ACC-00036,2026-08-06T17:19:00,7678.89,VRD,DEBIT,TRANSFER,TRANSFER,EXT-VERDANA,Fictional Counterparty,VD,,DEV-0044,FALSE,Synthetic routine activity
TXN-0001756,ACC-00013,2026-08-07T08:38:00,12026.38,VRD,DEBIT,MOBILE,TRANSFER,EXT-VERDANA,Fictional Counterparty,VD,,DEV-0044,FALSE,Synthetic routine activity
TXN-0001757,ACC-00038,2026-08-07T08:38:00,5772.24,VRD,CREDIT,MOBILE,TRANSFER,EXT-VERDANA,Fictional Counterparty,VD,,DEV-0019,FALSE,Synthetic routine activity
TXN-0001758,ACC-00063,2026-08-07T08:38:00,8373.47,VRD,DEBIT,MOBILE,TRANSFER,EXT-VERDANA,Fictional Counterparty,VD,,DEV-0054,FALSE,Synthetic routine activity
TXN-0001759,ACC-00090,2026-08-07T10:44:00,1445.71,VRD,DEBIT,MOBILE,TRANSFER,EXT-VERDANA,Fictional Counterparty,VD,,DEV-0045,FALSE,Synthetic routine activity
TXN-0001760,ACC-00115,2026-08-07T10:44:00,7515.21,VRD,DEBIT,MOBILE,TRANSFER,EXT-VERDANA,Fictional Counterparty,VD,,DEV-0020,FALSE,Synthetic routine activity
TXN-0001761,ACC-00022,2026-08-07T12:00:00,7706.09,VRD,DEBIT,CARD,PURCHASE,EXT-VERDANA,Fictional Counterparty,VD,,DEV-0021,FALSE,Synthetic routine activity
TXN-0001762,ACC-00047,2026-08-07T12:00:00,5020.24,VRD,DEBIT,CARD,PURCHASE,EXT-VERDANA,Fictional Counterparty,VD,,DEV-0056,FALSE,Synthetic routine activity
TXN-0001763,ACC-00072,2026-08-07T12:00:00,5257.38,VRD,CREDIT,CARD,PURCHASE,EXT-VERDANA,Fictional Counterparty,VD,,DEV-0031,FALSE,Synthetic routine activity
TXN-0001764,ACC-00097,2026-08-07T12:00:00,8050.21,VRD,DEBIT,CARD,PURCHASE,EXT-VERDANA,Fictional Counterparty,VD,,DEV-0006,FALSE,Synthetic routine activity
TXN-0001765,ACC-00124,2026-08-07T14:06:00,14172.83,VRD,DEBIT,CARD,PURCHASE,EXT-VERDANA,Fictional Counterparty,VD,,DEV-0057,FALSE,Synthetic routine activity
TXN-0001766,ACC-00004,2026-08-07T14:16:00,6982.82,VRD,CREDIT,TRANSFER,TRANSFER,EXT-VERDANA,Fictional Counterparty,VD,,DEV-0007,FALSE,Synthetic routine activity
TXN-0001767,ACC-00029,2026-08-07T14:16:00,5669.15,VRD,DEBIT,TRANSFER,TRANSFER,EXT-VERDANA,Fictional Counterparty,VD,,DEV-0042,FALSE,Synthetic routine activity
TXN-0001768,ACC-00056,2026-08-07T16:22:00,9933.54,VRD,DEBIT,TRANSFER,TRANSFER,EXT-VERDANA,Fictional Counterparty,VD,,DEV-0033,FALSE,Synthetic routine activity
TXN-0001769,ACC-00081,2026-08-07T16:22:00,12315.79,VRD,DEBIT,TRANSFER,TRANSFER,EXT-VERDANA,Fictional Counterparty,VD,,DEV-0008,FALSE,Synthetic routine activity
TXN-0001770,ACC-00106,2026-08-07T16:22:00,3447.87,VRD,CREDIT,TRANSFER,TRANSFER,EXT-VERDANA,Fictional Counterparty,VD,,DEV-0043,FALSE,Synthetic routine activity
TXN-0001771,ACC-00015,2026-08-08T09:57:00,11674.31,VRD,DEBIT,CARD,PURCHASE,EXT-VERDANA,Fictional Counterparty,VD,,DEV-0019,FALSE,Synthetic routine activity
TXN-0001772,ACC-00040,2026-08-08T09:57:00,12735.11,VRD,DEBIT,CARD,PURCHASE,EXT-VERDANA,Fictional Counterparty,VD,,DEV-0054,FALSE,Synthetic routine activity
TXN-0001773,ACC-00065,2026-08-08T09:57:00,4393.38,VRD,CREDIT,CARD,PURCHASE,EXT-VERDANA,Fictional Counterparty,VD,,DEV-0029,FALSE,Synthetic routine activity
TXN-0001774,ACC-00092,2026-08-08T11:03:00,13989.29,VRD,DEBIT,CARD,PURCHASE,EXT-VERDANA,Fictional Counterparty,VD,,DEV-0020,FALSE,Synthetic routine activity
TXN-0001775,ACC-00117,2026-08-08T11:03:00,5862.74,VRD,DEBIT,CARD,PURCHASE,EXT-VERDANA,Fictional Counterparty,VD,,DEV-0055,FALSE,Synthetic routine activity
TXN-0001776,ACC-00024,2026-08-08T13:19:00,6955.75,VRD,DEBIT,TRANSFER,TRANSFER,EXT-VERDANA,Fictional Counterparty,VD,,DEV-0056,FALSE,Synthetic routine activity
TXN-0001777,ACC-00049,2026-08-08T13:19:00,4129.78,VRD,DEBIT,TRANSFER,TRANSFER,EXT-VERDANA,Fictional Counterparty,VD,,DEV-0031,FALSE,Synthetic routine activity
TXN-0001778,ACC-00074,2026-08-08T13:19:00,3153.41,VRD,DEBIT,TRANSFER,TRANSFER,EXT-VERDANA,Fictional Counterparty,VD,,DEV-0006,FALSE,Synthetic routine activity
TXN-0001779,ACC-00099,2026-08-08T13:19:00,4879.50,VRD,CREDIT,TRANSFER,TRANSFER,EXT-VERDANA,Fictional Counterparty,VD,,DEV-0041,FALSE,Synthetic routine activity
TXN-0001780,ACC-00126,2026-08-08T15:25:00,3077.32,VRD,DEBIT,TRANSFER,TRANSFER,EXT-VERDANA,Fictional Counterparty,VD,,DEV-0032,FALSE,Synthetic routine activity
TXN-0001781,ACC-00006,2026-08-08T15:35:00,5389.81,VRD,DEBIT,MOBILE,TRANSFER,EXT-VERDANA,Fictional Counterparty,VD,,DEV-0042,FALSE,Synthetic routine activity
TXN-0001782,ACC-00031,2026-08-08T15:35:00,7318.77,VRD,CREDIT,MOBILE,TRANSFER,EXT-VERDANA,Fictional Counterparty,VD,,DEV-0017,FALSE,Synthetic routine activity
TXN-0001783,ACC-00058,2026-08-08T17:41:00,11659.72,VRD,DEBIT,MOBILE,TRANSFER,EXT-VERDANA,Fictional Counterparty,VD,,DEV-0008,FALSE,Synthetic routine activity
TXN-0001784,ACC-00083,2026-08-08T17:41:00,8361.44,VRD,DEBIT,MOBILE,TRANSFER,EXT-VERDANA,Fictional Counterparty,VD,,DEV-0043,FALSE,Synthetic routine activity
TXN-0001785,ACC-00108,2026-08-08T17:41:00,4137.65,VRD,DEBIT,MOBILE,TRANSFER,EXT-VERDANA,Fictional Counterparty,VD,,DEV-0018,FALSE,Synthetic routine activity
TXN-0001786,ACC-00060,2026-08-09T08:00:00,10491.20,VRD,CREDIT,CARD,PURCHASE,EXT-VERDANA,Fictional Counterparty,VD,,DEV-0043,FALSE,Synthetic routine activity
TXN-0001787,ACC-00085,2026-08-09T08:00:00,5176.82,VRD,DEBIT,CARD,PURCHASE,EXT-VERDANA,Fictional Counterparty,VD,,DEV-0018,FALSE,Synthetic routine activity
TXN-0001788,ACC-00110,2026-08-09T08:00:00,3553.81,VRD,DEBIT,CARD,PURCHASE,EXT-VERDANA,Fictional Counterparty,VD,,DEV-0053,FALSE,Synthetic routine activity
TXN-0001789,ACC-00017,2026-08-09T10:16:00,4849.04,VRD,DEBIT,TRANSFER,TRANSFER,EXT-VERDANA,Fictional Counterparty,VD,,DEV-0054,FALSE,Synthetic routine activity
TXN-0001790,ACC-00042,2026-08-09T10:16:00,2247.30,VRD,DEBIT,TRANSFER,TRANSFER,EXT-VERDANA,Fictional Counterparty,VD,,DEV-0029,FALSE,Synthetic routine activity
TXN-0001791,ACC-00067,2026-08-09T10:16:00,13828.82,VRD,DEBIT,TRANSFER,TRANSFER,EXT-VERDANA,Fictional Counterparty,VD,,DEV-0004,FALSE,Synthetic routine activity
TXN-0001792,ACC-00094,2026-08-09T12:22:00,11620.54,VRD,CREDIT,TRANSFER,TRANSFER,EXT-VERDANA,Fictional Counterparty,VD,,DEV-0055,FALSE,Synthetic routine activity
TXN-0001793,ACC-00119,2026-08-09T12:22:00,11959.96,VRD,DEBIT,TRANSFER,TRANSFER,EXT-VERDANA,Fictional Counterparty,VD,,DEV-0030,FALSE,Synthetic routine activity
TXN-0001794,ACC-00026,2026-08-09T14:38:00,9981.03,VRD,CREDIT,MOBILE,TRANSFER,EXT-VERDANA,Fictional Counterparty,VD,,DEV-0031,FALSE,Synthetic routine activity
TXN-0001795,ACC-00051,2026-08-09T14:38:00,8270.08,VRD,DEBIT,MOBILE,TRANSFER,EXT-VERDANA,Fictional Counterparty,VD,,DEV-0006,FALSE,Synthetic routine activity
TXN-0001796,ACC-00076,2026-08-09T14:38:00,6073.77,VRD,DEBIT,MOBILE,TRANSFER,EXT-VERDANA,Fictional Counterparty,VD,,DEV-0041,FALSE,Synthetic routine activity
TXN-0001797,ACC-00101,2026-08-09T14:38:00,14174.49,VRD,DEBIT,MOBILE,TRANSFER,EXT-VERDANA,Fictional Counterparty,VD,,DEV-0016,FALSE,Synthetic routine activity
TXN-0001798,ACC-00128,2026-08-09T16:44:00,8583.98,VRD,CREDIT,MOBILE,TRANSFER,EXT-VERDANA,Fictional Counterparty,VD,,DEV-0007,FALSE,Synthetic routine activity
TXN-0001799,ACC-00008,2026-08-09T16:54:00,1663.90,VRD,DEBIT,CARD,PURCHASE,EXT-VERDANA,Fictional Counterparty,VD,,DEV-0017,FALSE,Synthetic routine activity
TXN-0001800,ACC-00033,2026-08-09T16:54:00,10249.95,VRD,DEBIT,CARD,PURCHASE,EXT-VERDANA,Fictional Counterparty,VD,,DEV-0052,FALSE,Synthetic routine activity
TXN-0001801,ACC-00087,2026-08-10T09:19:00,11465.12,VRD,CREDIT,TRANSFER,TRANSFER,EXT-VERDANA,Fictional Counterparty,VD,,DEV-0053,FALSE,Synthetic routine activity
TXN-0001802,ACC-00112,2026-08-10T09:19:00,7352.76,VRD,DEBIT,TRANSFER,TRANSFER,EXT-VERDANA,Fictional Counterparty,VD,,DEV-0028,FALSE,Synthetic routine activity
TXN-0001803,ACC-00019,2026-08-10T11:35:00,10439.83,VRD,CREDIT,MOBILE,TRANSFER,EXT-VERDANA,Fictional Counterparty,VD,,DEV-0029,FALSE,Synthetic routine activity
TXN-0001804,ACC-00044,2026-08-10T11:35:00,4710.61,VRD,DEBIT,MOBILE,TRANSFER,EXT-VERDANA,Fictional Counterparty,VD,,DEV-0004,FALSE,Synthetic routine activity
TXN-0001805,ACC-00069,2026-08-10T11:35:00,11328.37,VRD,DEBIT,MOBILE,TRANSFER,EXT-VERDANA,Fictional Counterparty,VD,,DEV-0039,FALSE,Synthetic routine activity
TXN-0001806,ACC-00121,2026-08-10T13:41:00,2793.96,VRD,CREDIT,MOBILE,TRANSFER,EXT-VERDANA,Fictional Counterparty,VD,,DEV-0005,FALSE,Synthetic routine activity
TXN-0001807,ACC-00001,2026-08-10T13:51:00,11990.69,VRD,DEBIT,CARD,PURCHASE,EXT-VERDANA,Fictional Counterparty,VD,,DEV-0015,FALSE,Synthetic routine activity
TXN-0001808,ACC-00053,2026-08-10T15:57:00,5562.43,VRD,CREDIT,CARD,PURCHASE,EXT-VERDANA,Fictional Counterparty,VD,,DEV-0041,FALSE,Synthetic routine activity
TXN-0001809,ACC-00078,2026-08-10T15:57:00,7560.17,VRD,DEBIT,CARD,PURCHASE,EXT-VERDANA,Fictional Counterparty,VD,,DEV-0016,FALSE,Synthetic routine activity
TXN-0001810,ACC-00103,2026-08-10T15:57:00,2670.11,VRD,DEBIT,CARD,PURCHASE,EXT-VERDANA,Fictional Counterparty,VD,,DEV-0051,FALSE,Synthetic routine activity
TXN-0001811,ACC-00010,2026-08-10T17:13:00,3224.52,VRD,DEBIT,TRANSFER,TRANSFER,EXT-VERDANA,Fictional Counterparty,VD,,DEV-0052,FALSE,Synthetic routine activity
TXN-0001812,ACC-00035,2026-08-10T17:13:00,9512.04,VRD,DEBIT,TRANSFER,TRANSFER,EXT-VERDANA,Fictional Counterparty,VD,,DEV-0027,FALSE,Synthetic routine activity
TXN-0001813,ACC-00012,2026-08-11T08:32:00,12234.40,VRD,CREDIT,MOBILE,TRANSFER,EXT-VERDANA,Fictional Counterparty,VD,,DEV-0027,FALSE,Synthetic routine activity
TXN-0001814,ACC-00037,2026-08-11T08:32:00,3622.76,VRD,DEBIT,MOBILE,TRANSFER,EXT-VERDANA,Fictional Counterparty,VD,,DEV-0002,FALSE,Synthetic routine activity
TXN-0001815,ACC-00089,2026-08-11T10:38:00,9153.90,VRD,DEBIT,MOBILE,TRANSFER,EXT-VERDANA,Fictional Counterparty,VD,,DEV-0028,FALSE,Synthetic routine activity
TXN-0001816,ACC-00114,2026-08-11T10:38:00,9398.46,VRD,CREDIT,MOBILE,TRANSFER,EXT-VERDANA,Fictional Counterparty,VD,,DEV-0003,FALSE,Synthetic routine activity
TXN-0001817,ACC-00021,2026-08-11T12:54:00,13630.59,VRD,DEBIT,CARD,PURCHASE,EXT-VERDANA,Fictional Counterparty,VD,,DEV-0004,FALSE,Synthetic routine activity
TXN-0001818,ACC-00046,2026-08-11T12:54:00,11485.95,VRD,CREDIT,CARD,PURCHASE,EXT-VERDANA,Fictional Counterparty,VD,,DEV-0039,FALSE,Synthetic routine activity
TXN-0001819,ACC-00071,2026-08-11T12:54:00,3548.63,VRD,DEBIT,CARD,PURCHASE,EXT-VERDANA,Fictional Counterparty,VD,,DEV-0014,FALSE,Synthetic routine activity
TXN-0001820,ACC-00123,2026-08-11T14:00:00,4034.05,VRD,DEBIT,CARD,PURCHASE,EXT-VERDANA,Fictional Counterparty,VD,,DEV-0040,FALSE,Synthetic routine activity
TXN-0001821,ACC-00003,2026-08-11T14:10:00,10480.81,VRD,DEBIT,TRANSFER,TRANSFER,EXT-VERDANA,Fictional Counterparty,VD,,DEV-0050,FALSE,Synthetic routine activity
TXN-0001822,ACC-00055,2026-08-11T16:16:00,5438.27,VRD,DEBIT,TRANSFER,TRANSFER,EXT-VERDANA,Fictional Counterparty,VD,,DEV-0016,FALSE,Synthetic routine activity
TXN-0001823,ACC-00080,2026-08-11T16:16:00,12111.72,VRD,CREDIT,TRANSFER,TRANSFER,EXT-VERDANA,Fictional Counterparty,VD,,DEV-0051,FALSE,Synthetic routine activity
TXN-0001824,ACC-00105,2026-08-11T16:16:00,7712.42,VRD,DEBIT,TRANSFER,TRANSFER,EXT-VERDANA,Fictional Counterparty,VD,,DEV-0026,FALSE,Synthetic routine activity
TXN-0001825,ACC-00014,2026-08-12T09:51:00,1222.00,VRD,DEBIT,CARD,PURCHASE,EXT-VERDANA,Fictional Counterparty,VD,,DEV-0002,FALSE,Synthetic routine activity
TXN-0001826,ACC-00039,2026-08-12T09:51:00,7217.83,VRD,CREDIT,CARD,PURCHASE,EXT-VERDANA,Fictional Counterparty,VD,,DEV-0037,FALSE,Synthetic routine activity
TXN-0001827,ACC-00064,2026-08-12T09:51:00,5721.12,VRD,DEBIT,CARD,PURCHASE,EXT-VERDANA,Fictional Counterparty,VD,,DEV-0012,FALSE,Synthetic routine activity
TXN-0001828,ACC-00091,2026-08-12T11:57:00,6635.48,VRD,DEBIT,CARD,PURCHASE,EXT-VERDANA,Fictional Counterparty,VD,,DEV-0003,FALSE,Synthetic routine activity
TXN-0001829,ACC-00116,2026-08-12T11:57:00,14689.16,VRD,DEBIT,CARD,PURCHASE,EXT-VERDANA,Fictional Counterparty,VD,,DEV-0038,FALSE,Synthetic routine activity
TXN-0001830,ACC-00023,2026-08-12T13:13:00,8314.00,VRD,DEBIT,TRANSFER,TRANSFER,EXT-VERDANA,Fictional Counterparty,VD,,DEV-0039,FALSE,Synthetic routine activity
TXN-0001831,ACC-00048,2026-08-12T13:13:00,2629.69,VRD,DEBIT,TRANSFER,TRANSFER,EXT-VERDANA,Fictional Counterparty,VD,,DEV-0014,FALSE,Synthetic routine activity
TXN-0001832,ACC-00073,2026-08-12T13:13:00,9112.52,VRD,CREDIT,TRANSFER,TRANSFER,EXT-VERDANA,Fictional Counterparty,VD,,DEV-0049,FALSE,Synthetic routine activity
TXN-0001833,ACC-00098,2026-08-12T13:13:00,11424.78,VRD,DEBIT,TRANSFER,TRANSFER,EXT-VERDANA,Fictional Counterparty,VD,,DEV-0024,FALSE,Synthetic routine activity
TXN-0001834,ACC-00125,2026-08-12T15:19:00,13328.92,VRD,DEBIT,TRANSFER,TRANSFER,EXT-VERDANA,Fictional Counterparty,VD,,DEV-0015,FALSE,Synthetic routine activity
TXN-0001835,ACC-00005,2026-08-12T15:29:00,8168.67,VRD,CREDIT,MOBILE,TRANSFER,EXT-VERDANA,Fictional Counterparty,VD,,DEV-0025,FALSE,Synthetic routine activity
TXN-0001836,ACC-00030,2026-08-12T15:29:00,10950.96,VRD,DEBIT,MOBILE,TRANSFER,EXT-VERDANA,Fictional Counterparty,VD,,DEV-0060,FALSE,Synthetic routine activity
TXN-0001837,ACC-00057,2026-08-12T17:35:00,10874.14,VRD,DEBIT,MOBILE,TRANSFER,EXT-VERDANA,Fictional Counterparty,VD,,DEV-0051,FALSE,Synthetic routine activity
TXN-0001838,ACC-00082,2026-08-12T17:35:00,9109.48,VRD,DEBIT,MOBILE,TRANSFER,EXT-VERDANA,Fictional Counterparty,VD,,DEV-0026,FALSE,Synthetic routine activity
TXN-0001839,ACC-00107,2026-08-12T17:35:00,14748.88,VRD,CREDIT,MOBILE,TRANSFER,EXT-VERDANA,Fictional Counterparty,VD,,DEV-0001,FALSE,Synthetic routine activity
TXN-0001840,ACC-00059,2026-08-13T08:54:00,8807.49,VRD,DEBIT,CARD,PURCHASE,EXT-VERDANA,Fictional Counterparty,VD,,DEV-0026,FALSE,Synthetic routine activity
TXN-0001841,ACC-00084,2026-08-13T08:54:00,10587.94,VRD,DEBIT,CARD,PURCHASE,EXT-VERDANA,Fictional Counterparty,VD,,DEV-0001,FALSE,Synthetic routine activity
TXN-0001842,ACC-00109,2026-08-13T08:54:00,6206.60,VRD,DEBIT,CARD,PURCHASE,EXT-VERDANA,Fictional Counterparty,VD,,DEV-0036,FALSE,Synthetic routine activity
TXN-0001843,ACC-00016,2026-08-13T10:10:00,14789.04,VRD,DEBIT,TRANSFER,TRANSFER,EXT-VERDANA,Fictional Counterparty,VD,,DEV-0037,FALSE,Synthetic routine activity
TXN-0001844,ACC-00041,2026-08-13T10:10:00,4445.63,VRD,DEBIT,TRANSFER,TRANSFER,EXT-VERDANA,Fictional Counterparty,VD,,DEV-0012,FALSE,Synthetic routine activity
TXN-0001845,ACC-00066,2026-08-13T10:10:00,9118.69,VRD,CREDIT,TRANSFER,TRANSFER,EXT-VERDANA,Fictional Counterparty,VD,,DEV-0047,FALSE,Synthetic routine activity
TXN-0001846,ACC-00093,2026-08-13T12:16:00,9343.27,VRD,DEBIT,TRANSFER,TRANSFER,EXT-VERDANA,Fictional Counterparty,VD,,DEV-0038,FALSE,Synthetic routine activity
TXN-0001847,ACC-00118,2026-08-13T12:16:00,2131.80,VRD,DEBIT,TRANSFER,TRANSFER,EXT-VERDANA,Fictional Counterparty,VD,,DEV-0013,FALSE,Synthetic routine activity
TXN-0001848,ACC-00025,2026-08-13T14:32:00,1624.99,VRD,DEBIT,MOBILE,TRANSFER,EXT-VERDANA,Fictional Counterparty,VD,,DEV-0014,FALSE,Synthetic routine activity
TXN-0001849,ACC-00050,2026-08-13T14:32:00,9192.37,VRD,DEBIT,MOBILE,TRANSFER,EXT-VERDANA,Fictional Counterparty,VD,,DEV-0049,FALSE,Synthetic routine activity
TXN-0001850,ACC-00075,2026-08-13T14:32:00,11009.98,VRD,DEBIT,MOBILE,TRANSFER,EXT-VERDANA,Fictional Counterparty,VD,,DEV-0024,FALSE,Synthetic routine activity
TXN-0001851,ACC-00100,2026-08-13T14:32:00,9153.05,VRD,CREDIT,MOBILE,TRANSFER,EXT-VERDANA,Fictional Counterparty,VD,,DEV-0059,FALSE,Synthetic routine activity
TXN-0001852,ACC-00127,2026-08-13T16:38:00,9864.47,VRD,DEBIT,MOBILE,TRANSFER,EXT-VERDANA,Fictional Counterparty,VD,,DEV-0050,FALSE,Synthetic routine activity
TXN-0001853,ACC-00007,2026-08-13T16:48:00,8287.70,VRD,DEBIT,CARD,PURCHASE,EXT-VERDANA,Fictional Counterparty,VD,,DEV-0060,FALSE,Synthetic routine activity
TXN-0001854,ACC-00032,2026-08-13T16:48:00,11794.76,VRD,CREDIT,CARD,PURCHASE,EXT-VERDANA,Fictional Counterparty,VD,,DEV-0035,FALSE,Synthetic routine activity
TXN-0001855,ACC-00061,2026-08-14T09:13:00,11943.84,VRD,CREDIT,TRANSFER,TRANSFER,EXT-VERDANA,Fictional Counterparty,VD,,DEV-0001,FALSE,Synthetic routine activity
TXN-0001856,ACC-00086,2026-08-14T09:13:00,9090.63,VRD,DEBIT,TRANSFER,TRANSFER,EXT-VERDANA,Fictional Counterparty,VD,,DEV-0036,FALSE,Synthetic routine activity
TXN-0001857,ACC-00111,2026-08-14T09:13:00,9146.81,VRD,DEBIT,TRANSFER,TRANSFER,EXT-VERDANA,Fictional Counterparty,VD,,DEV-0011,FALSE,Synthetic routine activity
TXN-0001858,ACC-00018,2026-08-14T11:29:00,14393.15,VRD,DEBIT,MOBILE,TRANSFER,EXT-VERDANA,Fictional Counterparty,VD,,DEV-0012,FALSE,Synthetic routine activity
TXN-0001859,ACC-00043,2026-08-14T11:29:00,12879.92,VRD,DEBIT,MOBILE,TRANSFER,EXT-VERDANA,Fictional Counterparty,VD,,DEV-0047,FALSE,Synthetic routine activity
TXN-0001860,ACC-00068,2026-08-14T11:29:00,14625.99,VRD,DEBIT,MOBILE,TRANSFER,EXT-VERDANA,Fictional Counterparty,VD,,DEV-0022,FALSE,Synthetic routine activity
TXN-0001861,ACC-00095,2026-08-14T13:35:00,4478.32,VRD,CREDIT,MOBILE,TRANSFER,EXT-VERDANA,Fictional Counterparty,VD,,DEV-0013,FALSE,Synthetic routine activity
TXN-0001862,ACC-00120,2026-08-14T13:35:00,2190.40,VRD,DEBIT,MOBILE,TRANSFER,EXT-VERDANA,Fictional Counterparty,VD,,DEV-0048,FALSE,Synthetic routine activity
TXN-0001863,ACC-00027,2026-08-14T15:51:00,14419.53,VRD,CREDIT,CARD,PURCHASE,EXT-VERDANA,Fictional Counterparty,VD,,DEV-0049,FALSE,Synthetic routine activity
TXN-0001864,ACC-00052,2026-08-14T15:51:00,3985.19,VRD,DEBIT,CARD,PURCHASE,EXT-VERDANA,Fictional Counterparty,VD,,DEV-0024,FALSE,Synthetic routine activity
TXN-0001865,ACC-00077,2026-08-14T15:51:00,9964.92,VRD,DEBIT,CARD,PURCHASE,EXT-VERDANA,Fictional Counterparty,VD,,DEV-0059,FALSE,Synthetic routine activity
TXN-0001866,ACC-00102,2026-08-14T15:51:00,6650.55,VRD,DEBIT,CARD,PURCHASE,EXT-VERDANA,Fictional Counterparty,VD,,DEV-0034,FALSE,Synthetic routine activity
TXN-0001867,ACC-00009,2026-08-14T17:07:00,1387.86,VRD,DEBIT,TRANSFER,TRANSFER,EXT-VERDANA,Fictional Counterparty,VD,,DEV-0035,FALSE,Synthetic routine activity
TXN-0001868,ACC-00034,2026-08-14T17:07:00,9941.05,VRD,DEBIT,TRANSFER,TRANSFER,EXT-VERDANA,Fictional Counterparty,VD,,DEV-0010,FALSE,Synthetic routine activity
TXN-0001869,ACC-00129,2026-08-14T17:57:00,12159.35,VRD,CREDIT,CARD,PURCHASE,EXT-VERDANA,Fictional Counterparty,VD,,DEV-0025,FALSE,Synthetic routine activity
TXN-0001870,ACC-00011,2026-08-15T08:26:00,10071.61,VRD,DEBIT,MOBILE,TRANSFER,EXT-VERDANA,Fictional Counterparty,VD,,DEV-0010,FALSE,Synthetic routine activity
TXN-0001871,ACC-00036,2026-08-15T08:26:00,8441.15,VRD,DEBIT,MOBILE,TRANSFER,EXT-VERDANA,Fictional Counterparty,VD,,DEV-0045,FALSE,Synthetic routine activity
TXN-0001872,ACC-00088,2026-08-15T10:32:00,5595.88,VRD,CREDIT,MOBILE,TRANSFER,EXT-VERDANA,Fictional Counterparty,VD,,DEV-0011,FALSE,Synthetic routine activity
TXN-0001873,ACC-00113,2026-08-15T10:32:00,7203.87,VRD,DEBIT,MOBILE,TRANSFER,EXT-VERDANA,Fictional Counterparty,VD,,DEV-0046,FALSE,Synthetic routine activity
TXN-0001874,ACC-00020,2026-08-15T12:48:00,14422.98,VRD,CREDIT,CARD,PURCHASE,EXT-VERDANA,Fictional Counterparty,VD,,DEV-0047,FALSE,Synthetic routine activity
TXN-0001875,ACC-00045,2026-08-15T12:48:00,6586.13,VRD,DEBIT,CARD,PURCHASE,EXT-VERDANA,Fictional Counterparty,VD,,DEV-0022,FALSE,Synthetic routine activity
TXN-0001876,ACC-00070,2026-08-15T12:48:00,11609.56,VRD,DEBIT,CARD,PURCHASE,EXT-VERDANA,Fictional Counterparty,VD,,DEV-0057,FALSE,Synthetic routine activity
TXN-0001877,ACC-00002,2026-08-15T14:04:00,14088.80,VRD,DEBIT,TRANSFER,TRANSFER,EXT-VERDANA,Fictional Counterparty,VD,,DEV-0033,FALSE,Synthetic routine activity
TXN-0001878,ACC-00122,2026-08-15T14:54:00,11086.06,VRD,CREDIT,CARD,PURCHASE,EXT-VERDANA,Fictional Counterparty,VD,,DEV-0023,FALSE,Synthetic routine activity
TXN-0001879,ACC-00054,2026-08-15T16:10:00,1315.86,VRD,CREDIT,TRANSFER,TRANSFER,EXT-VERDANA,Fictional Counterparty,VD,,DEV-0059,FALSE,Synthetic routine activity
TXN-0001880,ACC-00079,2026-08-15T16:10:00,12869.18,VRD,DEBIT,TRANSFER,TRANSFER,EXT-VERDANA,Fictional Counterparty,VD,,DEV-0034,FALSE,Synthetic routine activity
TXN-0001881,ACC-00104,2026-08-15T16:10:00,4905.38,VRD,DEBIT,TRANSFER,TRANSFER,EXT-VERDANA,Fictional Counterparty,VD,,DEV-0009,FALSE,Synthetic routine activity
TXN-0001882,ACC-00013,2026-08-16T09:45:00,10521.83,VRD,CREDIT,CARD,PURCHASE,EXT-VERDANA,Fictional Counterparty,VD,,DEV-0045,FALSE,Synthetic routine activity
TXN-0001883,ACC-00038,2026-08-16T09:45:00,11927.30,VRD,DEBIT,CARD,PURCHASE,EXT-VERDANA,Fictional Counterparty,VD,,DEV-0020,FALSE,Synthetic routine activity
TXN-0001884,ACC-00090,2026-08-16T11:51:00,8075.86,VRD,DEBIT,CARD,PURCHASE,EXT-VERDANA,Fictional Counterparty,VD,,DEV-0046,FALSE,Synthetic routine activity
TXN-0001885,ACC-00115,2026-08-16T11:51:00,10595.17,VRD,CREDIT,CARD,PURCHASE,EXT-VERDANA,Fictional Counterparty,VD,,DEV-0021,FALSE,Synthetic routine activity
TXN-0001886,ACC-00022,2026-08-16T13:07:00,12190.36,VRD,DEBIT,TRANSFER,TRANSFER,EXT-VERDANA,Fictional Counterparty,VD,,DEV-0022,FALSE,Synthetic routine activity
TXN-0001887,ACC-00047,2026-08-16T13:07:00,2501.58,VRD,CREDIT,TRANSFER,TRANSFER,EXT-VERDANA,Fictional Counterparty,VD,,DEV-0057,FALSE,Synthetic routine activity
TXN-0001888,ACC-00072,2026-08-16T13:07:00,14448.20,VRD,DEBIT,TRANSFER,TRANSFER,EXT-VERDANA,Fictional Counterparty,VD,,DEV-0032,FALSE,Synthetic routine activity
TXN-0001889,ACC-00124,2026-08-16T15:13:00,11658.82,VRD,DEBIT,TRANSFER,TRANSFER,EXT-VERDANA,Fictional Counterparty,VD,,DEV-0058,FALSE,Synthetic routine activity
TXN-0001890,ACC-00004,2026-08-16T15:23:00,8017.18,VRD,DEBIT,MOBILE,TRANSFER,EXT-VERDANA,Fictional Counterparty,VD,,DEV-0008,FALSE,Synthetic routine activity
TXN-0001891,ACC-00056,2026-08-16T17:29:00,9894.51,VRD,DEBIT,MOBILE,TRANSFER,EXT-VERDANA,Fictional Counterparty,VD,,DEV-0034,FALSE,Synthetic routine activity
TXN-0001892,ACC-00081,2026-08-16T17:29:00,13191.48,VRD,CREDIT,MOBILE,TRANSFER,EXT-VERDANA,Fictional Counterparty,VD,,DEV-0009,FALSE,Synthetic routine activity
TXN-0001893,ACC-00106,2026-08-16T17:29:00,13076.70,VRD,DEBIT,MOBILE,TRANSFER,EXT-VERDANA,Fictional Counterparty,VD,,DEV-0044,FALSE,Synthetic routine activity
TXN-0001894,ACC-00058,2026-08-17T08:48:00,11034.81,VRD,DEBIT,CARD,PURCHASE,EXT-VERDANA,Fictional Counterparty,VD,,DEV-0009,FALSE,Synthetic routine activity
TXN-0001895,ACC-00083,2026-08-17T08:48:00,9683.92,VRD,DEBIT,CARD,PURCHASE,EXT-VERDANA,Fictional Counterparty,VD,,DEV-0044,FALSE,Synthetic routine activity
TXN-0001896,ACC-00108,2026-08-17T08:48:00,12736.66,VRD,CREDIT,CARD,PURCHASE,EXT-VERDANA,Fictional Counterparty,VD,,DEV-0019,FALSE,Synthetic routine activity
TXN-0001897,ACC-00015,2026-08-17T10:04:00,11427.13,VRD,DEBIT,TRANSFER,TRANSFER,EXT-VERDANA,Fictional Counterparty,VD,,DEV-0020,FALSE,Synthetic routine activity
TXN-0001898,ACC-00040,2026-08-17T10:04:00,7610.12,VRD,CREDIT,TRANSFER,TRANSFER,EXT-VERDANA,Fictional Counterparty,VD,,DEV-0055,FALSE,Synthetic routine activity
TXN-0001899,ACC-00065,2026-08-17T10:04:00,2496.06,VRD,DEBIT,TRANSFER,TRANSFER,EXT-VERDANA,Fictional Counterparty,VD,,DEV-0030,FALSE,Synthetic routine activity
TXN-0001900,ACC-00092,2026-08-17T12:10:00,4555.58,VRD,DEBIT,TRANSFER,TRANSFER,EXT-VERDANA,Fictional Counterparty,VD,,DEV-0021,FALSE,Synthetic routine activity
TXN-0001901,ACC-00117,2026-08-17T12:10:00,540.99,VRD,DEBIT,TRANSFER,TRANSFER,EXT-VERDANA,Fictional Counterparty,VD,,DEV-0056,FALSE,Synthetic routine activity
TXN-0001902,ACC-00024,2026-08-17T14:26:00,9746.84,VRD,DEBIT,MOBILE,TRANSFER,EXT-VERDANA,Fictional Counterparty,VD,,DEV-0057,FALSE,Synthetic routine activity
TXN-0001903,ACC-00049,2026-08-17T14:26:00,1210.93,VRD,DEBIT,MOBILE,TRANSFER,EXT-VERDANA,Fictional Counterparty,VD,,DEV-0032,FALSE,Synthetic routine activity
TXN-0001904,ACC-00074,2026-08-17T14:26:00,12121.28,VRD,CREDIT,MOBILE,TRANSFER,EXT-VERDANA,Fictional Counterparty,VD,,DEV-0007,FALSE,Synthetic routine activity
TXN-0001905,ACC-00099,2026-08-17T14:26:00,1794.47,VRD,DEBIT,MOBILE,TRANSFER,EXT-VERDANA,Fictional Counterparty,VD,,DEV-0042,FALSE,Synthetic routine activity
TXN-0001906,ACC-00126,2026-08-17T16:32:00,13170.13,VRD,DEBIT,MOBILE,TRANSFER,EXT-VERDANA,Fictional Counterparty,VD,,DEV-0033,FALSE,Synthetic routine activity
TXN-0001907,ACC-00006,2026-08-17T16:42:00,8817.77,VRD,CREDIT,CARD,PURCHASE,EXT-VERDANA,Fictional Counterparty,VD,,DEV-0043,FALSE,Synthetic routine activity
TXN-0001908,ACC-00031,2026-08-17T16:42:00,10266.79,VRD,DEBIT,CARD,PURCHASE,EXT-VERDANA,Fictional Counterparty,VD,,DEV-0018,FALSE,Synthetic routine activity
TXN-0001909,ACC-00060,2026-08-18T09:07:00,6462.47,VRD,DEBIT,TRANSFER,TRANSFER,EXT-VERDANA,Fictional Counterparty,VD,,DEV-0044,FALSE,Synthetic routine activity
TXN-0001910,ACC-00085,2026-08-18T09:07:00,1469.98,VRD,DEBIT,TRANSFER,TRANSFER,EXT-VERDANA,Fictional Counterparty,VD,,DEV-0019,FALSE,Synthetic routine activity
TXN-0001911,ACC-00110,2026-08-18T09:07:00,11269.55,VRD,DEBIT,TRANSFER,TRANSFER,EXT-VERDANA,Fictional Counterparty,VD,,DEV-0054,FALSE,Synthetic routine activity
TXN-0001912,ACC-00017,2026-08-18T11:23:00,2276.76,VRD,DEBIT,MOBILE,TRANSFER,EXT-VERDANA,Fictional Counterparty,VD,,DEV-0055,FALSE,Synthetic routine activity
TXN-0001913,ACC-00042,2026-08-18T11:23:00,6748.73,VRD,DEBIT,MOBILE,TRANSFER,EXT-VERDANA,Fictional Counterparty,VD,,DEV-0030,FALSE,Synthetic routine activity
TXN-0001914,ACC-00067,2026-08-18T11:23:00,3368.99,VRD,CREDIT,MOBILE,TRANSFER,EXT-VERDANA,Fictional Counterparty,VD,,DEV-0005,FALSE,Synthetic routine activity
TXN-0001915,ACC-00094,2026-08-18T13:29:00,9607.63,VRD,DEBIT,MOBILE,TRANSFER,EXT-VERDANA,Fictional Counterparty,VD,,DEV-0056,FALSE,Synthetic routine activity
TXN-0001916,ACC-00119,2026-08-18T13:29:00,4336.54,VRD,DEBIT,MOBILE,TRANSFER,EXT-VERDANA,Fictional Counterparty,VD,,DEV-0031,FALSE,Synthetic routine activity
TXN-0001917,ACC-00026,2026-08-18T15:45:00,5611.73,VRD,DEBIT,CARD,PURCHASE,EXT-VERDANA,Fictional Counterparty,VD,,DEV-0032,FALSE,Synthetic routine activity
TXN-0001918,ACC-00051,2026-08-18T15:45:00,1994.10,VRD,DEBIT,CARD,PURCHASE,EXT-VERDANA,Fictional Counterparty,VD,,DEV-0007,FALSE,Synthetic routine activity
TXN-0001919,ACC-00076,2026-08-18T15:45:00,2853.40,VRD,DEBIT,CARD,PURCHASE,EXT-VERDANA,Fictional Counterparty,VD,,DEV-0042,FALSE,Synthetic routine activity
TXN-0001920,ACC-00101,2026-08-18T15:45:00,11592.69,VRD,CREDIT,CARD,PURCHASE,EXT-VERDANA,Fictional Counterparty,VD,,DEV-0017,FALSE,Synthetic routine activity
TXN-0001921,ACC-00008,2026-08-18T17:01:00,10839.07,VRD,DEBIT,TRANSFER,TRANSFER,EXT-VERDANA,Fictional Counterparty,VD,,DEV-0018,FALSE,Synthetic routine activity
TXN-0001922,ACC-00033,2026-08-18T17:01:00,14004.72,VRD,CREDIT,TRANSFER,TRANSFER,EXT-VERDANA,Fictional Counterparty,VD,,DEV-0053,FALSE,Synthetic routine activity
TXN-0001923,ACC-00128,2026-08-18T17:51:00,13212.25,VRD,DEBIT,CARD,PURCHASE,EXT-VERDANA,Fictional Counterparty,VD,,DEV-0008,FALSE,Synthetic routine activity
TXN-0001924,ACC-00130,2026-08-19T08:10:00,7917.34,VRD,CREDIT,TRANSFER,TRANSFER,EXT-VERDANA,Fictional Counterparty,VD,,DEV-0043,FALSE,Synthetic routine activity
TXN-0001925,ACC-00010,2026-08-19T08:20:00,8456.61,VRD,DEBIT,MOBILE,TRANSFER,EXT-VERDANA,Fictional Counterparty,VD,,DEV-0053,FALSE,Synthetic routine activity
TXN-0001926,ACC-00035,2026-08-19T08:20:00,7951.11,VRD,DEBIT,MOBILE,TRANSFER,EXT-VERDANA,Fictional Counterparty,VD,,DEV-0028,FALSE,Synthetic routine activity
TXN-0001927,ACC-00062,2026-08-19T10:26:00,2753.19,VRD,CREDIT,MOBILE,TRANSFER,EXT-VERDANA,Fictional Counterparty,VD,,DEV-0019,FALSE,Synthetic routine activity
TXN-0001928,ACC-00087,2026-08-19T10:26:00,3527.17,VRD,DEBIT,MOBILE,TRANSFER,EXT-VERDANA,Fictional Counterparty,VD,,DEV-0054,FALSE,Synthetic routine activity
TXN-0001929,ACC-00112,2026-08-19T10:26:00,2758.73,VRD,DEBIT,MOBILE,TRANSFER,EXT-VERDANA,Fictional Counterparty,VD,,DEV-0029,FALSE,Synthetic routine activity
TXN-0001930,ACC-00019,2026-08-19T12:42:00,5779.59,VRD,DEBIT,CARD,PURCHASE,EXT-VERDANA,Fictional Counterparty,VD,,DEV-0030,FALSE,Synthetic routine activity
TXN-0001931,ACC-00044,2026-08-19T12:42:00,13713.37,VRD,DEBIT,CARD,PURCHASE,EXT-VERDANA,Fictional Counterparty,VD,,DEV-0005,FALSE,Synthetic routine activity
TXN-0001932,ACC-00069,2026-08-19T12:42:00,5521.57,VRD,DEBIT,CARD,PURCHASE,EXT-VERDANA,Fictional Counterparty,VD,,DEV-0040,FALSE,Synthetic routine activity
TXN-0001933,ACC-00096,2026-08-19T14:48:00,12736.96,VRD,CREDIT,CARD,PURCHASE,EXT-VERDANA,Fictional Counterparty,VD,,DEV-0031,FALSE,Synthetic routine activity
TXN-0001934,ACC-00121,2026-08-19T14:48:00,2517.75,VRD,DEBIT,CARD,PURCHASE,EXT-VERDANA,Fictional Counterparty,VD,,DEV-0006,FALSE,Synthetic routine activity
TXN-0001935,ACC-00001,2026-08-19T14:58:00,7373.28,VRD,DEBIT,TRANSFER,TRANSFER,EXT-VERDANA,Fictional Counterparty,VD,,DEV-0016,FALSE,Synthetic routine activity
TXN-0001936,ACC-00028,2026-08-19T16:04:00,8113.72,VRD,CREDIT,TRANSFER,TRANSFER,EXT-VERDANA,Fictional Counterparty,VD,,DEV-0007,FALSE,Synthetic routine activity
TXN-0001937,ACC-00053,2026-08-19T16:04:00,6251.00,VRD,DEBIT,TRANSFER,TRANSFER,EXT-VERDANA,Fictional Counterparty,VD,,DEV-0042,FALSE,Synthetic routine activity
TXN-0001938,ACC-00078,2026-08-19T16:04:00,14958.33,VRD,DEBIT,TRANSFER,TRANSFER,EXT-VERDANA,Fictional Counterparty,VD,,DEV-0017,FALSE,Synthetic routine activity
TXN-0001939,ACC-00103,2026-08-19T16:04:00,3570.55,VRD,DEBIT,TRANSFER,TRANSFER,EXT-VERDANA,Fictional Counterparty,VD,,DEV-0052,FALSE,Synthetic routine activity
TXN-0001940,ACC-00012,2026-08-20T09:39:00,4410.33,VRD,DEBIT,CARD,PURCHASE,EXT-VERDANA,Fictional Counterparty,VD,,DEV-0028,FALSE,Synthetic routine activity
TXN-0001941,ACC-00037,2026-08-20T09:39:00,8827.95,VRD,DEBIT,CARD,PURCHASE,EXT-VERDANA,Fictional Counterparty,VD,,DEV-0003,FALSE,Synthetic routine activity
TXN-0001942,ACC-00089,2026-08-20T11:45:00,6427.09,VRD,CREDIT,CARD,PURCHASE,EXT-VERDANA,Fictional Counterparty,VD,,DEV-0029,FALSE,Synthetic routine activity
TXN-0001943,ACC-00114,2026-08-20T11:45:00,9380.96,VRD,DEBIT,CARD,PURCHASE,EXT-VERDANA,Fictional Counterparty,VD,,DEV-0004,FALSE,Synthetic routine activity
TXN-0001944,ACC-00021,2026-08-20T13:01:00,11437.67,VRD,CREDIT,TRANSFER,TRANSFER,EXT-VERDANA,Fictional Counterparty,VD,,DEV-0005,FALSE,Synthetic routine activity
TXN-0001945,ACC-00046,2026-08-20T13:01:00,11911.69,VRD,DEBIT,TRANSFER,TRANSFER,EXT-VERDANA,Fictional Counterparty,VD,,DEV-0040,FALSE,Synthetic routine activity
TXN-0001946,ACC-00071,2026-08-20T13:01:00,8982.49,VRD,DEBIT,TRANSFER,TRANSFER,EXT-VERDANA,Fictional Counterparty,VD,,DEV-0015,FALSE,Synthetic routine activity
TXN-0001947,ACC-00123,2026-08-20T15:07:00,1490.50,VRD,CREDIT,TRANSFER,TRANSFER,EXT-VERDANA,Fictional Counterparty,VD,,DEV-0041,FALSE,Synthetic routine activity
TXN-0001948,ACC-00003,2026-08-20T15:17:00,3303.68,VRD,DEBIT,MOBILE,TRANSFER,EXT-VERDANA,Fictional Counterparty,VD,,DEV-0051,FALSE,Synthetic routine activity
TXN-0001949,ACC-00055,2026-08-20T17:23:00,13072.17,VRD,CREDIT,MOBILE,TRANSFER,EXT-VERDANA,Fictional Counterparty,VD,,DEV-0017,FALSE,Synthetic routine activity
TXN-0001950,ACC-00080,2026-08-20T17:23:00,5411.60,VRD,DEBIT,MOBILE,TRANSFER,EXT-VERDANA,Fictional Counterparty,VD,,DEV-0052,FALSE,Synthetic routine activity
TXN-0001951,ACC-00105,2026-08-20T17:23:00,7555.83,VRD,DEBIT,MOBILE,TRANSFER,EXT-VERDANA,Fictional Counterparty,VD,,DEV-0027,FALSE,Synthetic routine activity
TXN-0001952,ACC-00057,2026-08-21T08:42:00,9193.65,VRD,DEBIT,CARD,PURCHASE,EXT-VERDANA,Fictional Counterparty,VD,,DEV-0052,FALSE,Synthetic routine activity
TXN-0001953,ACC-00082,2026-08-21T08:42:00,5640.22,VRD,CREDIT,CARD,PURCHASE,EXT-VERDANA,Fictional Counterparty,VD,,DEV-0027,FALSE,Synthetic routine activity
TXN-0001954,ACC-00107,2026-08-21T08:42:00,7353.69,VRD,DEBIT,CARD,PURCHASE,EXT-VERDANA,Fictional Counterparty,VD,,DEV-0002,FALSE,Synthetic routine activity
TXN-0001955,ACC-00014,2026-08-21T10:58:00,5964.98,VRD,CREDIT,TRANSFER,TRANSFER,EXT-VERDANA,Fictional Counterparty,VD,,DEV-0003,FALSE,Synthetic routine activity
TXN-0001956,ACC-00039,2026-08-21T10:58:00,3029.09,VRD,DEBIT,TRANSFER,TRANSFER,EXT-VERDANA,Fictional Counterparty,VD,,DEV-0038,FALSE,Synthetic routine activity
TXN-0001957,ACC-00091,2026-08-21T12:04:00,7848.48,VRD,DEBIT,TRANSFER,TRANSFER,EXT-VERDANA,Fictional Counterparty,VD,,DEV-0004,FALSE,Synthetic routine activity
TXN-0001958,ACC-00116,2026-08-21T12:04:00,4590.18,VRD,CREDIT,TRANSFER,TRANSFER,EXT-VERDANA,Fictional Counterparty,VD,,DEV-0039,FALSE,Synthetic routine activity
TXN-0001959,ACC-00023,2026-08-21T14:20:00,6263.38,VRD,DEBIT,MOBILE,TRANSFER,EXT-VERDANA,Fictional Counterparty,VD,,DEV-0040,FALSE,Synthetic routine activity
TXN-0001960,ACC-00048,2026-08-21T14:20:00,4606.22,VRD,CREDIT,MOBILE,TRANSFER,EXT-VERDANA,Fictional Counterparty,VD,,DEV-0015,FALSE,Synthetic routine activity
TXN-0001961,ACC-00073,2026-08-21T14:20:00,13101.52,VRD,DEBIT,MOBILE,TRANSFER,EXT-VERDANA,Fictional Counterparty,VD,,DEV-0050,FALSE,Synthetic routine activity
TXN-0001962,ACC-00125,2026-08-21T16:26:00,4747.21,VRD,DEBIT,MOBILE,TRANSFER,EXT-VERDANA,Fictional Counterparty,VD,,DEV-0016,FALSE,Synthetic routine activity
TXN-0001963,ACC-00005,2026-08-21T16:36:00,4619.70,VRD,DEBIT,CARD,PURCHASE,EXT-VERDANA,Fictional Counterparty,VD,,DEV-0026,FALSE,Synthetic routine activity
TXN-0001964,ACC-00059,2026-08-22T09:01:00,8081.74,VRD,DEBIT,TRANSFER,TRANSFER,EXT-VERDANA,Fictional Counterparty,VD,,DEV-0027,FALSE,Synthetic routine activity
TXN-0001965,ACC-00084,2026-08-22T09:01:00,10114.30,VRD,DEBIT,TRANSFER,TRANSFER,EXT-VERDANA,Fictional Counterparty,VD,,DEV-0002,FALSE,Synthetic routine activity
TXN-0001966,ACC-00109,2026-08-22T09:01:00,2099.56,VRD,CREDIT,TRANSFER,TRANSFER,EXT-VERDANA,Fictional Counterparty,VD,,DEV-0037,FALSE,Synthetic routine activity
TXN-0001967,ACC-00016,2026-08-22T11:17:00,14567.60,VRD,DEBIT,MOBILE,TRANSFER,EXT-VERDANA,Fictional Counterparty,VD,,DEV-0038,FALSE,Synthetic routine activity
TXN-0001968,ACC-00041,2026-08-22T11:17:00,10054.18,VRD,CREDIT,MOBILE,TRANSFER,EXT-VERDANA,Fictional Counterparty,VD,,DEV-0013,FALSE,Synthetic routine activity
TXN-0001969,ACC-00066,2026-08-22T11:17:00,8812.64,VRD,DEBIT,MOBILE,TRANSFER,EXT-VERDANA,Fictional Counterparty,VD,,DEV-0048,FALSE,Synthetic routine activity
TXN-0001970,ACC-00093,2026-08-22T13:23:00,12859.99,VRD,DEBIT,MOBILE,TRANSFER,EXT-VERDANA,Fictional Counterparty,VD,,DEV-0039,FALSE,Synthetic routine activity
TXN-0001971,ACC-00118,2026-08-22T13:23:00,13343.58,VRD,DEBIT,MOBILE,TRANSFER,EXT-VERDANA,Fictional Counterparty,VD,,DEV-0014,FALSE,Synthetic routine activity
TXN-0001972,ACC-00025,2026-08-22T15:39:00,11178.05,VRD,DEBIT,CARD,PURCHASE,EXT-VERDANA,Fictional Counterparty,VD,,DEV-0015,FALSE,Synthetic routine activity
TXN-0001973,ACC-00050,2026-08-22T15:39:00,7933.64,VRD,DEBIT,CARD,PURCHASE,EXT-VERDANA,Fictional Counterparty,VD,,DEV-0050,FALSE,Synthetic routine activity
TXN-0001974,ACC-00075,2026-08-22T15:39:00,9949.33,VRD,CREDIT,CARD,PURCHASE,EXT-VERDANA,Fictional Counterparty,VD,,DEV-0025,FALSE,Synthetic routine activity
TXN-0001975,ACC-00100,2026-08-22T15:39:00,4264.27,VRD,DEBIT,CARD,PURCHASE,EXT-VERDANA,Fictional Counterparty,VD,,DEV-0060,FALSE,Synthetic routine activity
TXN-0001976,ACC-00127,2026-08-22T17:45:00,2456.64,VRD,DEBIT,CARD,PURCHASE,EXT-VERDANA,Fictional Counterparty,VD,,DEV-0051,FALSE,Synthetic routine activity
TXN-0001977,ACC-00007,2026-08-22T17:55:00,3205.33,VRD,CREDIT,TRANSFER,TRANSFER,EXT-VERDANA,Fictional Counterparty,VD,,DEV-0001,FALSE,Synthetic routine activity
TXN-0001978,ACC-00032,2026-08-22T17:55:00,8199.37,VRD,DEBIT,TRANSFER,TRANSFER,EXT-VERDANA,Fictional Counterparty,VD,,DEV-0036,FALSE,Synthetic routine activity
TXN-0001979,ACC-00129,2026-08-23T08:04:00,2024.05,VRD,DEBIT,TRANSFER,TRANSFER,EXT-VERDANA,Fictional Counterparty,VD,,DEV-0026,FALSE,Synthetic routine activity
TXN-0001980,ACC-00009,2026-08-23T08:14:00,11206.82,VRD,DEBIT,MOBILE,TRANSFER,EXT-VERDANA,Fictional Counterparty,VD,,DEV-0036,FALSE,Synthetic routine activity
TXN-0001981,ACC-00034,2026-08-23T08:14:00,13002.96,VRD,CREDIT,MOBILE,TRANSFER,EXT-VERDANA,Fictional Counterparty,VD,,DEV-0011,FALSE,Synthetic routine activity
TXN-0001982,ACC-00061,2026-08-23T10:20:00,6921.16,VRD,DEBIT,MOBILE,TRANSFER,EXT-VERDANA,Fictional Counterparty,VD,,DEV-0002,FALSE,Synthetic routine activity
TXN-0001983,ACC-00086,2026-08-23T10:20:00,2698.64,VRD,DEBIT,MOBILE,TRANSFER,EXT-VERDANA,Fictional Counterparty,VD,,DEV-0037,FALSE,Synthetic routine activity
TXN-0001984,ACC-00111,2026-08-23T10:20:00,5634.76,VRD,DEBIT,MOBILE,TRANSFER,EXT-VERDANA,Fictional Counterparty,VD,,DEV-0012,FALSE,Synthetic routine activity
TXN-0001985,ACC-00018,2026-08-23T12:36:00,12292.38,VRD,DEBIT,CARD,PURCHASE,EXT-VERDANA,Fictional Counterparty,VD,,DEV-0013,FALSE,Synthetic routine activity
TXN-0001986,ACC-00043,2026-08-23T12:36:00,13074.84,VRD,DEBIT,CARD,PURCHASE,EXT-VERDANA,Fictional Counterparty,VD,,DEV-0048,FALSE,Synthetic routine activity
TXN-0001987,ACC-00068,2026-08-23T12:36:00,1283.83,VRD,CREDIT,CARD,PURCHASE,EXT-VERDANA,Fictional Counterparty,VD,,DEV-0023,FALSE,Synthetic routine activity
TXN-0001988,ACC-00095,2026-08-23T14:42:00,3831.42,VRD,DEBIT,CARD,PURCHASE,EXT-VERDANA,Fictional Counterparty,VD,,DEV-0014,FALSE,Synthetic routine activity
TXN-0001989,ACC-00120,2026-08-23T14:42:00,6522.38,VRD,DEBIT,CARD,PURCHASE,EXT-VERDANA,Fictional Counterparty,VD,,DEV-0049,FALSE,Synthetic routine activity
TXN-0001990,ACC-00027,2026-08-23T16:58:00,13973.62,VRD,DEBIT,TRANSFER,TRANSFER,EXT-VERDANA,Fictional Counterparty,VD,,DEV-0050,FALSE,Synthetic routine activity
TXN-0001991,ACC-00052,2026-08-23T16:58:00,11259.61,VRD,DEBIT,TRANSFER,TRANSFER,EXT-VERDANA,Fictional Counterparty,VD,,DEV-0025,FALSE,Synthetic routine activity
TXN-0001992,ACC-00077,2026-08-23T16:58:00,5623.24,VRD,DEBIT,TRANSFER,TRANSFER,EXT-VERDANA,Fictional Counterparty,VD,,DEV-0060,FALSE,Synthetic routine activity
TXN-0001993,ACC-00102,2026-08-23T16:58:00,3543.87,VRD,CREDIT,TRANSFER,TRANSFER,EXT-VERDANA,Fictional Counterparty,VD,,DEV-0035,FALSE,Synthetic routine activity
TXN-0001994,ACC-00011,2026-08-24T09:33:00,8738.67,VRD,DEBIT,CARD,PURCHASE,EXT-VERDANA,Fictional Counterparty,VD,,DEV-0011,FALSE,Synthetic routine activity
TXN-0001995,ACC-00036,2026-08-24T09:33:00,972.80,VRD,DEBIT,CARD,PURCHASE,EXT-VERDANA,Fictional Counterparty,VD,,DEV-0046,FALSE,Synthetic routine activity
TXN-0001996,ACC-00063,2026-08-24T11:39:00,7777.78,VRD,CREDIT,CARD,PURCHASE,EXT-VERDANA,Fictional Counterparty,VD,,DEV-0037,FALSE,Synthetic routine activity
TXN-0001997,ACC-00088,2026-08-24T11:39:00,2423.81,VRD,DEBIT,CARD,PURCHASE,EXT-VERDANA,Fictional Counterparty,VD,,DEV-0012,FALSE,Synthetic routine activity
TXN-0001998,ACC-00113,2026-08-24T11:39:00,8556.53,VRD,DEBIT,CARD,PURCHASE,EXT-VERDANA,Fictional Counterparty,VD,,DEV-0047,FALSE,Synthetic routine activity
TXN-0001999,ACC-00020,2026-08-24T13:55:00,1693.58,VRD,DEBIT,TRANSFER,TRANSFER,EXT-VERDANA,Fictional Counterparty,VD,,DEV-0048,FALSE,Synthetic routine activity
TXN-0002000,ACC-00045,2026-08-24T13:55:00,11556.29,VRD,DEBIT,TRANSFER,TRANSFER,EXT-VERDANA,Fictional Counterparty,VD,,DEV-0023,FALSE,Synthetic routine activity
TXN-0002001,ACC-00070,2026-08-24T13:55:00,1070.16,VRD,DEBIT,TRANSFER,TRANSFER,EXT-VERDANA,Fictional Counterparty,VD,,DEV-0058,FALSE,Synthetic routine activity
TXN-0002002,ACC-00097,2026-08-24T15:01:00,1249.72,VRD,CREDIT,TRANSFER,TRANSFER,EXT-VERDANA,Fictional Counterparty,VD,,DEV-0049,FALSE,Synthetic routine activity
TXN-0002003,ACC-00122,2026-08-24T15:01:00,13341.30,VRD,DEBIT,TRANSFER,TRANSFER,EXT-VERDANA,Fictional Counterparty,VD,,DEV-0024,FALSE,Synthetic routine activity
TXN-0002004,ACC-00002,2026-08-24T15:11:00,10633.46,VRD,DEBIT,MOBILE,TRANSFER,EXT-VERDANA,Fictional Counterparty,VD,,DEV-0034,FALSE,Synthetic routine activity
TXN-0002005,ACC-00029,2026-08-24T17:17:00,11082.91,VRD,CREDIT,MOBILE,TRANSFER,EXT-VERDANA,Fictional Counterparty,VD,,DEV-0025,FALSE,Synthetic routine activity
TXN-0002006,ACC-00054,2026-08-24T17:17:00,1836.34,VRD,DEBIT,MOBILE,TRANSFER,EXT-VERDANA,Fictional Counterparty,VD,,DEV-0060,FALSE,Synthetic routine activity
TXN-0002007,ACC-00079,2026-08-24T17:17:00,3761.77,VRD,DEBIT,MOBILE,TRANSFER,EXT-VERDANA,Fictional Counterparty,VD,,DEV-0035,FALSE,Synthetic routine activity
TXN-0002008,ACC-00104,2026-08-24T17:17:00,4897.63,VRD,DEBIT,MOBILE,TRANSFER,EXT-VERDANA,Fictional Counterparty,VD,,DEV-0010,FALSE,Synthetic routine activity
TXN-0002009,ACC-00056,2026-08-25T08:36:00,12124.81,VRD,CREDIT,CARD,PURCHASE,EXT-VERDANA,Fictional Counterparty,VD,,DEV-0035,FALSE,Synthetic routine activity
TXN-0002010,ACC-00081,2026-08-25T08:36:00,2921.87,VRD,DEBIT,CARD,PURCHASE,EXT-VERDANA,Fictional Counterparty,VD,,DEV-0010,FALSE,Synthetic routine activity
TXN-0002011,ACC-00106,2026-08-25T08:36:00,940.93,VRD,DEBIT,CARD,PURCHASE,EXT-VERDANA,Fictional Counterparty,VD,,DEV-0045,FALSE,Synthetic routine activity
TXN-0002012,ACC-00013,2026-08-25T10:52:00,9166.01,VRD,DEBIT,TRANSFER,TRANSFER,EXT-VERDANA,Fictional Counterparty,VD,,DEV-0046,FALSE,Synthetic routine activity
TXN-0002013,ACC-00038,2026-08-25T10:52:00,9868.49,VRD,DEBIT,TRANSFER,TRANSFER,EXT-VERDANA,Fictional Counterparty,VD,,DEV-0021,FALSE,Synthetic routine activity
TXN-0002014,ACC-00090,2026-08-25T12:58:00,13720.39,VRD,CREDIT,TRANSFER,TRANSFER,EXT-VERDANA,Fictional Counterparty,VD,,DEV-0047,FALSE,Synthetic routine activity
TXN-0002015,ACC-00115,2026-08-25T12:58:00,13358.26,VRD,DEBIT,TRANSFER,TRANSFER,EXT-VERDANA,Fictional Counterparty,VD,,DEV-0022,FALSE,Synthetic routine activity
TXN-0002016,ACC-00022,2026-08-25T14:14:00,4341.34,VRD,CREDIT,MOBILE,TRANSFER,EXT-VERDANA,Fictional Counterparty,VD,,DEV-0023,FALSE,Synthetic routine activity
TXN-0002017,ACC-00047,2026-08-25T14:14:00,2001.84,VRD,DEBIT,MOBILE,TRANSFER,EXT-VERDANA,Fictional Counterparty,VD,,DEV-0058,FALSE,Synthetic routine activity
TXN-0002018,ACC-00072,2026-08-25T14:14:00,12162.90,VRD,DEBIT,MOBILE,TRANSFER,EXT-VERDANA,Fictional Counterparty,VD,,DEV-0033,FALSE,Synthetic routine activity
TXN-0002019,ACC-00124,2026-08-25T16:20:00,1583.39,VRD,CREDIT,MOBILE,TRANSFER,EXT-VERDANA,Fictional Counterparty,VD,,DEV-0059,FALSE,Synthetic routine activity
TXN-0002020,ACC-00004,2026-08-25T16:30:00,4839.17,VRD,DEBIT,CARD,PURCHASE,EXT-VERDANA,Fictional Counterparty,VD,,DEV-0009,FALSE,Synthetic routine activity
TXN-0002021,ACC-00058,2026-08-26T09:55:00,10732.41,VRD,DEBIT,TRANSFER,TRANSFER,EXT-VERDANA,Fictional Counterparty,VD,,DEV-0010,FALSE,Synthetic routine activity
TXN-0002022,ACC-00083,2026-08-26T09:55:00,4980.36,VRD,CREDIT,TRANSFER,TRANSFER,EXT-VERDANA,Fictional Counterparty,VD,,DEV-0045,FALSE,Synthetic routine activity
TXN-0002023,ACC-00108,2026-08-26T09:55:00,9642.74,VRD,DEBIT,TRANSFER,TRANSFER,EXT-VERDANA,Fictional Counterparty,VD,,DEV-0020,FALSE,Synthetic routine activity
TXN-0002024,ACC-00015,2026-08-26T11:11:00,6294.99,VRD,CREDIT,MOBILE,TRANSFER,EXT-VERDANA,Fictional Counterparty,VD,,DEV-0021,FALSE,Synthetic routine activity
TXN-0002025,ACC-00040,2026-08-26T11:11:00,12957.81,VRD,DEBIT,MOBILE,TRANSFER,EXT-VERDANA,Fictional Counterparty,VD,,DEV-0056,FALSE,Synthetic routine activity
TXN-0002026,ACC-00092,2026-08-26T13:17:00,6171.19,VRD,DEBIT,MOBILE,TRANSFER,EXT-VERDANA,Fictional Counterparty,VD,,DEV-0022,FALSE,Synthetic routine activity
TXN-0002027,ACC-00117,2026-08-26T13:17:00,14379.93,VRD,CREDIT,MOBILE,TRANSFER,EXT-VERDANA,Fictional Counterparty,VD,,DEV-0057,FALSE,Synthetic routine activity
TXN-0002028,ACC-00024,2026-08-26T15:33:00,944.10,VRD,DEBIT,CARD,PURCHASE,EXT-VERDANA,Fictional Counterparty,VD,,DEV-0058,FALSE,Synthetic routine activity
TXN-0002029,ACC-00049,2026-08-26T15:33:00,13332.84,VRD,CREDIT,CARD,PURCHASE,EXT-VERDANA,Fictional Counterparty,VD,,DEV-0033,FALSE,Synthetic routine activity
TXN-0002030,ACC-00074,2026-08-26T15:33:00,6169.66,VRD,DEBIT,CARD,PURCHASE,EXT-VERDANA,Fictional Counterparty,VD,,DEV-0008,FALSE,Synthetic routine activity
TXN-0002031,ACC-00126,2026-08-26T17:39:00,9902.86,VRD,DEBIT,CARD,PURCHASE,EXT-VERDANA,Fictional Counterparty,VD,,DEV-0034,FALSE,Synthetic routine activity
TXN-0002032,ACC-00006,2026-08-26T17:49:00,3758.19,VRD,DEBIT,TRANSFER,TRANSFER,EXT-VERDANA,Fictional Counterparty,VD,,DEV-0044,FALSE,Synthetic routine activity
TXN-0002033,ACC-00008,2026-08-27T08:08:00,4250.08,VRD,CREDIT,MOBILE,TRANSFER,EXT-VERDANA,Fictional Counterparty,VD,,DEV-0019,FALSE,Synthetic routine activity
TXN-0002034,ACC-00033,2026-08-27T08:08:00,5228.56,VRD,DEBIT,MOBILE,TRANSFER,EXT-VERDANA,Fictional Counterparty,VD,,DEV-0054,FALSE,Synthetic routine activity
TXN-0002035,ACC-00128,2026-08-27T08:58:00,12500.69,VRD,DEBIT,TRANSFER,TRANSFER,EXT-VERDANA,Fictional Counterparty,VD,,DEV-0009,FALSE,Synthetic routine activity
TXN-0002036,ACC-00060,2026-08-27T10:14:00,5134.49,VRD,DEBIT,MOBILE,TRANSFER,EXT-VERDANA,Fictional Counterparty,VD,,DEV-0045,FALSE,Synthetic routine activity
TXN-0002037,ACC-00085,2026-08-27T10:14:00,1965.83,VRD,DEBIT,MOBILE,TRANSFER,EXT-VERDANA,Fictional Counterparty,VD,,DEV-0020,FALSE,Synthetic routine activity
TXN-0002038,ACC-00110,2026-08-27T10:14:00,6981.03,VRD,CREDIT,MOBILE,TRANSFER,EXT-VERDANA,Fictional Counterparty,VD,,DEV-0055,FALSE,Synthetic routine activity
TXN-0002039,ACC-00017,2026-08-27T12:30:00,7619.44,VRD,DEBIT,CARD,PURCHASE,EXT-VERDANA,Fictional Counterparty,VD,,DEV-0056,FALSE,Synthetic routine activity
TXN-0002040,ACC-00042,2026-08-27T12:30:00,6381.73,VRD,CREDIT,CARD,PURCHASE,EXT-VERDANA,Fictional Counterparty,VD,,DEV-0031,FALSE,Synthetic routine activity
TXN-0002041,ACC-00067,2026-08-27T12:30:00,11717.59,VRD,DEBIT,CARD,PURCHASE,EXT-VERDANA,Fictional Counterparty,VD,,DEV-0006,FALSE,Synthetic routine activity
TXN-0002042,ACC-00094,2026-08-27T14:36:00,1268.44,VRD,DEBIT,CARD,PURCHASE,EXT-VERDANA,Fictional Counterparty,VD,,DEV-0057,FALSE,Synthetic routine activity
TXN-0002043,ACC-00119,2026-08-27T14:36:00,11239.11,VRD,DEBIT,CARD,PURCHASE,EXT-VERDANA,Fictional Counterparty,VD,,DEV-0032,FALSE,Synthetic routine activity
TXN-0002044,ACC-00026,2026-08-27T16:52:00,11597.48,VRD,DEBIT,TRANSFER,TRANSFER,EXT-VERDANA,Fictional Counterparty,VD,,DEV-0033,FALSE,Synthetic routine activity
TXN-0002045,ACC-00051,2026-08-27T16:52:00,2027.55,VRD,DEBIT,TRANSFER,TRANSFER,EXT-VERDANA,Fictional Counterparty,VD,,DEV-0008,FALSE,Synthetic routine activity
TXN-0002046,ACC-00076,2026-08-27T16:52:00,14614.91,VRD,CREDIT,TRANSFER,TRANSFER,EXT-VERDANA,Fictional Counterparty,VD,,DEV-0043,FALSE,Synthetic routine activity
TXN-0002047,ACC-00101,2026-08-27T16:52:00,5935.49,VRD,DEBIT,TRANSFER,TRANSFER,EXT-VERDANA,Fictional Counterparty,VD,,DEV-0018,FALSE,Synthetic routine activity
TXN-0002048,ACC-00130,2026-08-28T09:17:00,4327.09,VRD,DEBIT,MOBILE,TRANSFER,EXT-VERDANA,Fictional Counterparty,VD,,DEV-0044,FALSE,Synthetic routine activity
TXN-0002049,ACC-00010,2026-08-28T09:27:00,4002.51,VRD,DEBIT,CARD,PURCHASE,EXT-VERDANA,Fictional Counterparty,VD,,DEV-0054,FALSE,Synthetic routine activity
TXN-0002050,ACC-00035,2026-08-28T09:27:00,5653.32,VRD,CREDIT,CARD,PURCHASE,EXT-VERDANA,Fictional Counterparty,VD,,DEV-0029,FALSE,Synthetic routine activity
TXN-0002051,ACC-00062,2026-08-28T11:33:00,1764.37,VRD,DEBIT,CARD,PURCHASE,EXT-VERDANA,Fictional Counterparty,VD,,DEV-0020,FALSE,Synthetic routine activity
TXN-0002052,ACC-00087,2026-08-28T11:33:00,8322.41,VRD,DEBIT,CARD,PURCHASE,EXT-VERDANA,Fictional Counterparty,VD,,DEV-0055,FALSE,Synthetic routine activity
TXN-0002053,ACC-00112,2026-08-28T11:33:00,6786.54,VRD,DEBIT,CARD,PURCHASE,EXT-VERDANA,Fictional Counterparty,VD,,DEV-0030,FALSE,Synthetic routine activity
TXN-0002054,ACC-00019,2026-08-28T13:49:00,7738.56,VRD,DEBIT,TRANSFER,TRANSFER,EXT-VERDANA,Fictional Counterparty,VD,,DEV-0031,FALSE,Synthetic routine activity
TXN-0002055,ACC-00044,2026-08-28T13:49:00,12731.43,VRD,DEBIT,TRANSFER,TRANSFER,EXT-VERDANA,Fictional Counterparty,VD,,DEV-0006,FALSE,Synthetic routine activity
TXN-0002056,ACC-00069,2026-08-28T13:49:00,10373.91,VRD,CREDIT,TRANSFER,TRANSFER,EXT-VERDANA,Fictional Counterparty,VD,,DEV-0041,FALSE,Synthetic routine activity
TXN-0002057,ACC-00001,2026-08-28T15:05:00,7859.75,VRD,CREDIT,MOBILE,TRANSFER,EXT-VERDANA,Fictional Counterparty,VD,,DEV-0017,FALSE,Synthetic routine activity
TXN-0002058,ACC-00096,2026-08-28T15:55:00,8346.31,VRD,DEBIT,TRANSFER,TRANSFER,EXT-VERDANA,Fictional Counterparty,VD,,DEV-0032,FALSE,Synthetic routine activity
TXN-0002059,ACC-00121,2026-08-28T15:55:00,12460.49,VRD,DEBIT,TRANSFER,TRANSFER,EXT-VERDANA,Fictional Counterparty,VD,,DEV-0007,FALSE,Synthetic routine activity
TXN-0002060,ACC-00028,2026-08-28T17:11:00,10499.85,VRD,DEBIT,MOBILE,TRANSFER,EXT-VERDANA,Fictional Counterparty,VD,,DEV-0008,FALSE,Synthetic routine activity
TXN-0002061,ACC-00053,2026-08-28T17:11:00,3472.18,VRD,DEBIT,MOBILE,TRANSFER,EXT-VERDANA,Fictional Counterparty,VD,,DEV-0043,FALSE,Synthetic routine activity
TXN-0002062,ACC-00078,2026-08-28T17:11:00,12419.46,VRD,DEBIT,MOBILE,TRANSFER,EXT-VERDANA,Fictional Counterparty,VD,,DEV-0018,FALSE,Synthetic routine activity
TXN-0002063,ACC-00103,2026-08-28T17:11:00,7853.71,VRD,CREDIT,MOBILE,TRANSFER,EXT-VERDANA,Fictional Counterparty,VD,,DEV-0053,FALSE,Synthetic routine activity
TXN-0002064,ACC-00030,2026-08-29T08:30:00,12671.68,VRD,CREDIT,CARD,PURCHASE,EXT-VERDANA,Fictional Counterparty,VD,,DEV-0043,FALSE,Synthetic routine activity
TXN-0002065,ACC-00055,2026-08-29T08:30:00,13020.32,VRD,DEBIT,CARD,PURCHASE,EXT-VERDANA,Fictional Counterparty,VD,,DEV-0018,FALSE,Synthetic routine activity
TXN-0002066,ACC-00080,2026-08-29T08:30:00,13865.02,VRD,DEBIT,CARD,PURCHASE,EXT-VERDANA,Fictional Counterparty,VD,,DEV-0053,FALSE,Synthetic routine activity
TXN-0002067,ACC-00105,2026-08-29T08:30:00,10238.17,VRD,DEBIT,CARD,PURCHASE,EXT-VERDANA,Fictional Counterparty,VD,,DEV-0028,FALSE,Synthetic routine activity
TXN-0002068,ACC-00012,2026-08-29T10:46:00,6984.16,VRD,DEBIT,TRANSFER,TRANSFER,EXT-VERDANA,Fictional Counterparty,VD,,DEV-0029,FALSE,Synthetic routine activity
TXN-0002069,ACC-00037,2026-08-29T10:46:00,14906.17,VRD,DEBIT,TRANSFER,TRANSFER,EXT-VERDANA,Fictional Counterparty,VD,,DEV-0004,FALSE,Synthetic routine activity
TXN-0002070,ACC-00064,2026-08-29T12:52:00,9585.13,VRD,CREDIT,TRANSFER,TRANSFER,EXT-VERDANA,Fictional Counterparty,VD,,DEV-0055,FALSE,Synthetic routine activity
TXN-0002071,ACC-00089,2026-08-29T12:52:00,9743.14,VRD,DEBIT,TRANSFER,TRANSFER,EXT-VERDANA,Fictional Counterparty,VD,,DEV-0030,FALSE,Synthetic routine activity
TXN-0002072,ACC-00114,2026-08-29T12:52:00,1181.97,VRD,DEBIT,TRANSFER,TRANSFER,EXT-VERDANA,Fictional Counterparty,VD,,DEV-0005,FALSE,Synthetic routine activity
TXN-0002073,ACC-00021,2026-08-29T14:08:00,9657.76,VRD,DEBIT,MOBILE,TRANSFER,EXT-VERDANA,Fictional Counterparty,VD,,DEV-0006,FALSE,Synthetic routine activity
TXN-0002074,ACC-00046,2026-08-29T14:08:00,7366.75,VRD,DEBIT,MOBILE,TRANSFER,EXT-VERDANA,Fictional Counterparty,VD,,DEV-0041,FALSE,Synthetic routine activity
TXN-0002075,ACC-00071,2026-08-29T14:08:00,9702.15,VRD,DEBIT,MOBILE,TRANSFER,EXT-VERDANA,Fictional Counterparty,VD,,DEV-0016,FALSE,Synthetic routine activity
TXN-0002076,ACC-00098,2026-08-29T16:14:00,12505.45,VRD,CREDIT,MOBILE,TRANSFER,EXT-VERDANA,Fictional Counterparty,VD,,DEV-0007,FALSE,Synthetic routine activity
TXN-0002077,ACC-00123,2026-08-29T16:14:00,8800.36,VRD,DEBIT,MOBILE,TRANSFER,EXT-VERDANA,Fictional Counterparty,VD,,DEV-0042,FALSE,Synthetic routine activity
TXN-0002078,ACC-00003,2026-08-29T16:24:00,12446.31,VRD,DEBIT,CARD,PURCHASE,EXT-VERDANA,Fictional Counterparty,VD,,DEV-0052,FALSE,Synthetic routine activity
TXN-0002079,ACC-00057,2026-08-30T09:49:00,3676.99,VRD,CREDIT,TRANSFER,TRANSFER,EXT-VERDANA,Fictional Counterparty,VD,,DEV-0053,FALSE,Synthetic routine activity
TXN-0002080,ACC-00082,2026-08-30T09:49:00,8031.68,VRD,DEBIT,TRANSFER,TRANSFER,EXT-VERDANA,Fictional Counterparty,VD,,DEV-0028,FALSE,Synthetic routine activity
TXN-0002081,ACC-00107,2026-08-30T09:49:00,1102.46,VRD,DEBIT,TRANSFER,TRANSFER,EXT-VERDANA,Fictional Counterparty,VD,,DEV-0003,FALSE,Synthetic routine activity
TXN-0002082,ACC-00014,2026-08-30T11:05:00,2643.81,VRD,DEBIT,MOBILE,TRANSFER,EXT-VERDANA,Fictional Counterparty,VD,,DEV-0004,FALSE,Synthetic routine activity
TXN-0002083,ACC-00039,2026-08-30T11:05:00,8192.33,VRD,DEBIT,MOBILE,TRANSFER,EXT-VERDANA,Fictional Counterparty,VD,,DEV-0039,FALSE,Synthetic routine activity
TXN-0002084,ACC-00091,2026-08-30T13:11:00,6654.10,VRD,CREDIT,MOBILE,TRANSFER,EXT-VERDANA,Fictional Counterparty,VD,,DEV-0005,FALSE,Synthetic routine activity
TXN-0002085,ACC-00116,2026-08-30T13:11:00,12155.41,VRD,DEBIT,MOBILE,TRANSFER,EXT-VERDANA,Fictional Counterparty,VD,,DEV-0040,FALSE,Synthetic routine activity
TXN-0002086,ACC-00023,2026-08-30T15:27:00,12844.49,VRD,CREDIT,CARD,PURCHASE,EXT-VERDANA,Fictional Counterparty,VD,,DEV-0041,FALSE,Synthetic routine activity
TXN-0002087,ACC-00048,2026-08-30T15:27:00,2301.84,VRD,DEBIT,CARD,PURCHASE,EXT-VERDANA,Fictional Counterparty,VD,,DEV-0016,FALSE,Synthetic routine activity
TXN-0002088,ACC-00073,2026-08-30T15:27:00,13989.73,VRD,DEBIT,CARD,PURCHASE,EXT-VERDANA,Fictional Counterparty,VD,,DEV-0051,FALSE,Synthetic routine activity
TXN-0002089,ACC-00125,2026-08-30T17:33:00,6592.16,VRD,CREDIT,CARD,PURCHASE,EXT-VERDANA,Fictional Counterparty,VD,,DEV-0017,FALSE,Synthetic routine activity
TXN-0002090,ACC-00005,2026-08-30T17:43:00,14603.01,VRD,DEBIT,TRANSFER,TRANSFER,EXT-VERDANA,Fictional Counterparty,VD,,DEV-0027,FALSE,Synthetic routine activity
TXN-0002091,ACC-00007,2026-08-31T08:02:00,9145.77,VRD,DEBIT,MOBILE,TRANSFER,EXT-VERDANA,Fictional Counterparty,VD,,DEV-0002,FALSE,Synthetic routine activity
TXN-0002092,ACC-00127,2026-08-31T08:52:00,11531.06,VRD,DEBIT,TRANSFER,TRANSFER,EXT-VERDANA,Fictional Counterparty,VD,,DEV-0052,FALSE,Synthetic routine activity
TXN-0002093,ACC-00059,2026-08-31T10:08:00,9581.94,VRD,DEBIT,MOBILE,TRANSFER,EXT-VERDANA,Fictional Counterparty,VD,,DEV-0028,FALSE,Synthetic routine activity
TXN-0002094,ACC-00084,2026-08-31T10:08:00,4472.06,VRD,CREDIT,MOBILE,TRANSFER,EXT-VERDANA,Fictional Counterparty,VD,,DEV-0003,FALSE,Synthetic routine activity
TXN-0002095,ACC-00109,2026-08-31T10:08:00,12329.89,VRD,DEBIT,MOBILE,TRANSFER,EXT-VERDANA,Fictional Counterparty,VD,,DEV-0038,FALSE,Synthetic routine activity
TXN-0002096,ACC-00016,2026-08-31T12:24:00,4144.25,VRD,CREDIT,CARD,PURCHASE,EXT-VERDANA,Fictional Counterparty,VD,,DEV-0039,FALSE,Synthetic routine activity
TXN-0002097,ACC-00041,2026-08-31T12:24:00,4304.59,VRD,DEBIT,CARD,PURCHASE,EXT-VERDANA,Fictional Counterparty,VD,,DEV-0014,FALSE,Synthetic routine activity
TXN-0002098,ACC-00093,2026-08-31T14:30:00,1424.17,VRD,DEBIT,CARD,PURCHASE,EXT-VERDANA,Fictional Counterparty,VD,,DEV-0040,FALSE,Synthetic routine activity
TXN-0002099,ACC-00118,2026-08-31T14:30:00,766.15,VRD,CREDIT,CARD,PURCHASE,EXT-VERDANA,Fictional Counterparty,VD,,DEV-0015,FALSE,Synthetic routine activity
TXN-0002100,ACC-00025,2026-08-31T16:46:00,12857.03,VRD,DEBIT,TRANSFER,TRANSFER,EXT-VERDANA,Fictional Counterparty,VD,,DEV-0016,FALSE,Synthetic routine activity
TXN-0002101,ACC-00050,2026-08-31T16:46:00,10419.55,VRD,CREDIT,TRANSFER,TRANSFER,EXT-VERDANA,Fictional Counterparty,VD,,DEV-0051,FALSE,Synthetic routine activity
TXN-0002102,ACC-00075,2026-08-31T16:46:00,11168.26,VRD,DEBIT,TRANSFER,TRANSFER,EXT-VERDANA,Fictional Counterparty,VD,,DEV-0026,FALSE,Synthetic routine activity
TXN-0002103,ACC-00129,2026-09-01T09:11:00,4292.66,VRD,DEBIT,MOBILE,TRANSFER,EXT-VERDANA,Fictional Counterparty,VD,,DEV-0027,FALSE,Synthetic routine activity
TXN-0002104,ACC-00009,2026-09-01T09:21:00,2112.07,VRD,CREDIT,CARD,PURCHASE,EXT-VERDANA,Fictional Counterparty,VD,,DEV-0037,FALSE,Synthetic routine activity
TXN-0002105,ACC-00034,2026-09-01T09:21:00,3370.60,VRD,DEBIT,CARD,PURCHASE,EXT-VERDANA,Fictional Counterparty,VD,,DEV-0012,FALSE,Synthetic routine activity
TXN-0002106,ACC-00061,2026-09-01T11:27:00,10249.90,VRD,DEBIT,CARD,PURCHASE,EXT-VERDANA,Fictional Counterparty,VD,,DEV-0003,FALSE,Synthetic routine activity
TXN-0002107,ACC-00086,2026-09-01T11:27:00,8168.34,VRD,DEBIT,CARD,PURCHASE,EXT-VERDANA,Fictional Counterparty,VD,,DEV-0038,FALSE,Synthetic routine activity
TXN-0002108,ACC-00111,2026-09-01T11:27:00,6867.78,VRD,CREDIT,CARD,PURCHASE,EXT-VERDANA,Fictional Counterparty,VD,,DEV-0013,FALSE,Synthetic routine activity
TXN-0002109,ACC-00018,2026-09-01T13:43:00,8808.39,VRD,DEBIT,TRANSFER,TRANSFER,EXT-VERDANA,Fictional Counterparty,VD,,DEV-0014,FALSE,Synthetic routine activity
TXN-0002110,ACC-00043,2026-09-01T13:43:00,11655.17,VRD,CREDIT,TRANSFER,TRANSFER,EXT-VERDANA,Fictional Counterparty,VD,,DEV-0049,FALSE,Synthetic routine activity
TXN-0002111,ACC-00068,2026-09-01T13:43:00,5938.34,VRD,DEBIT,TRANSFER,TRANSFER,EXT-VERDANA,Fictional Counterparty,VD,,DEV-0024,FALSE,Synthetic routine activity
TXN-0002112,ACC-00095,2026-09-01T15:49:00,11095.10,VRD,DEBIT,TRANSFER,TRANSFER,EXT-VERDANA,Fictional Counterparty,VD,,DEV-0015,FALSE,Synthetic routine activity
TXN-0002113,ACC-00120,2026-09-01T15:49:00,2746.48,VRD,DEBIT,TRANSFER,TRANSFER,EXT-VERDANA,Fictional Counterparty,VD,,DEV-0050,FALSE,Synthetic routine activity
TXN-0002114,ACC-00027,2026-09-01T17:05:00,2229.55,VRD,DEBIT,MOBILE,TRANSFER,EXT-VERDANA,Fictional Counterparty,VD,,DEV-0051,FALSE,Synthetic routine activity
TXN-0002115,ACC-00052,2026-09-01T17:05:00,4174.13,VRD,DEBIT,MOBILE,TRANSFER,EXT-VERDANA,Fictional Counterparty,VD,,DEV-0026,FALSE,Synthetic routine activity
TXN-0002116,ACC-00077,2026-09-01T17:05:00,13002.20,VRD,CREDIT,MOBILE,TRANSFER,EXT-VERDANA,Fictional Counterparty,VD,,DEV-0001,FALSE,Synthetic routine activity
TXN-0002117,ACC-00102,2026-09-01T17:05:00,10098.84,VRD,DEBIT,MOBILE,TRANSFER,EXT-VERDANA,Fictional Counterparty,VD,,DEV-0036,FALSE,Synthetic routine activity
TXN-0002118,ACC-00029,2026-09-02T08:24:00,8541.57,VRD,DEBIT,CARD,PURCHASE,EXT-VERDANA,Fictional Counterparty,VD,,DEV-0026,FALSE,Synthetic routine activity
TXN-0002119,ACC-00054,2026-09-02T08:24:00,7759.84,VRD,DEBIT,CARD,PURCHASE,EXT-VERDANA,Fictional Counterparty,VD,,DEV-0001,FALSE,Synthetic routine activity
TXN-0002120,ACC-00079,2026-09-02T08:24:00,8841.51,VRD,DEBIT,CARD,PURCHASE,EXT-VERDANA,Fictional Counterparty,VD,,DEV-0036,FALSE,Synthetic routine activity
TXN-0002121,ACC-00104,2026-09-02T08:24:00,2890.08,VRD,CREDIT,CARD,PURCHASE,EXT-VERDANA,Fictional Counterparty,VD,,DEV-0011,FALSE,Synthetic routine activity
TXN-0002122,ACC-00011,2026-09-02T10:40:00,3079.07,VRD,DEBIT,TRANSFER,TRANSFER,EXT-VERDANA,Fictional Counterparty,VD,,DEV-0012,FALSE,Synthetic routine activity
TXN-0002123,ACC-00036,2026-09-02T10:40:00,10475.30,VRD,CREDIT,TRANSFER,TRANSFER,EXT-VERDANA,Fictional Counterparty,VD,,DEV-0047,FALSE,Synthetic routine activity
TXN-0002124,ACC-00063,2026-09-02T12:46:00,5168.96,VRD,DEBIT,TRANSFER,TRANSFER,EXT-VERDANA,Fictional Counterparty,VD,,DEV-0038,FALSE,Synthetic routine activity
TXN-0002125,ACC-00088,2026-09-02T12:46:00,5333.47,VRD,DEBIT,TRANSFER,TRANSFER,EXT-VERDANA,Fictional Counterparty,VD,,DEV-0013,FALSE,Synthetic routine activity
TXN-0002126,ACC-00113,2026-09-02T12:46:00,12134.56,VRD,DEBIT,TRANSFER,TRANSFER,EXT-VERDANA,Fictional Counterparty,VD,,DEV-0048,FALSE,Synthetic routine activity
TXN-0002127,ACC-00020,2026-09-02T14:02:00,7290.80,VRD,DEBIT,MOBILE,TRANSFER,EXT-VERDANA,Fictional Counterparty,VD,,DEV-0049,FALSE,Synthetic routine activity
TXN-0002128,ACC-00045,2026-09-02T14:02:00,8224.03,VRD,DEBIT,MOBILE,TRANSFER,EXT-VERDANA,Fictional Counterparty,VD,,DEV-0024,FALSE,Synthetic routine activity
TXN-0002129,ACC-00070,2026-09-02T14:02:00,1601.30,VRD,CREDIT,MOBILE,TRANSFER,EXT-VERDANA,Fictional Counterparty,VD,,DEV-0059,FALSE,Synthetic routine activity
TXN-0002130,ACC-00097,2026-09-02T16:08:00,14657.28,VRD,DEBIT,MOBILE,TRANSFER,EXT-VERDANA,Fictional Counterparty,VD,,DEV-0050,FALSE,Synthetic routine activity
TXN-0002131,ACC-00122,2026-09-02T16:08:00,8608.49,VRD,DEBIT,MOBILE,TRANSFER,EXT-VERDANA,Fictional Counterparty,VD,,DEV-0025,FALSE,Synthetic routine activity
TXN-0002132,ACC-00002,2026-09-02T16:18:00,9959.24,VRD,CREDIT,CARD,PURCHASE,EXT-VERDANA,Fictional Counterparty,VD,,DEV-0035,FALSE,Synthetic routine activity
TXN-0002133,ACC-00001,2026-09-03T09:00:00,48041.00,VRD,CREDIT,CASH,CASH_DEPOSIT,EXT-VERDANA,Fictional Counterparty,VD,,DEV-0001,TRUE,Synthetic planted structuring cash credit
TXN-0002134,ACC-00002,2026-09-03T09:00:00,48974.00,VRD,CREDIT,CASH,CASH_DEPOSIT,EXT-VERDANA,Fictional Counterparty,VD,,DEV-0021,TRUE,Synthetic planted structuring cash credit
TXN-0002135,ACC-00003,2026-09-03T09:00:00,48133.00,VRD,CREDIT,CASH,CASH_DEPOSIT,EXT-VERDANA,Fictional Counterparty,VD,,DEV-0041,TRUE,Synthetic planted structuring cash credit
TXN-0002136,ACC-00004,2026-09-03T09:00:00,48661.00,VRD,CREDIT,CASH,CASH_DEPOSIT,EXT-VERDANA,Fictional Counterparty,VD,,DEV-0001,TRUE,Synthetic planted structuring cash credit
TXN-0002137,ACC-00005,2026-09-03T09:00:00,48741.00,VRD,CREDIT,CASH,CASH_DEPOSIT,EXT-VERDANA,Fictional Counterparty,VD,,DEV-0021,TRUE,Synthetic planted structuring cash credit
TXN-0002138,ACC-00006,2026-09-03T09:00:00,48631.00,VRD,CREDIT,CASH,CASH_DEPOSIT,EXT-VERDANA,Fictional Counterparty,VD,,DEV-0041,TRUE,Synthetic planted structuring cash credit
TXN-0002139,ACC-00007,2026-09-03T09:00:00,48255.00,VRD,CREDIT,CASH,CASH_DEPOSIT,EXT-VERDANA,Fictional Counterparty,VD,,DEV-0001,TRUE,Synthetic planted structuring cash credit
TXN-0002140,ACC-00008,2026-09-03T09:00:00,48276.00,VRD,CREDIT,CASH,CASH_DEPOSIT,EXT-VERDANA,Fictional Counterparty,VD,,DEV-0021,TRUE,Synthetic planted structuring cash credit
TXN-0002141,ACC-00009,2026-09-03T09:00:00,48163.00,VRD,CREDIT,CASH,CASH_DEPOSIT,EXT-VERDANA,Fictional Counterparty,VD,,DEV-0041,TRUE,Synthetic planted structuring cash credit
TXN-0002142,ACC-00010,2026-09-03T09:00:00,48957.00,VRD,CREDIT,CASH,CASH_DEPOSIT,EXT-VERDANA,Fictional Counterparty,VD,,DEV-0001,TRUE,Synthetic planted structuring cash credit
TXN-0002143,ACC-00011,2026-09-03T09:00:00,48577.00,VRD,CREDIT,CASH,CASH_DEPOSIT,EXT-VERDANA,Fictional Counterparty,VD,,DEV-0021,TRUE,Synthetic planted structuring cash credit
TXN-0002144,ACC-00012,2026-09-03T09:00:00,48020.00,VRD,CREDIT,CASH,CASH_DEPOSIT,EXT-VERDANA,Fictional Counterparty,VD,,DEV-0041,TRUE,Synthetic planted structuring cash credit
TXN-0002145,ACC-00013,2026-09-03T09:00:00,48151.00,VRD,CREDIT,CASH,CASH_DEPOSIT,EXT-VERDANA,Fictional Counterparty,VD,,DEV-0001,TRUE,Synthetic planted structuring cash credit
TXN-0002146,ACC-00014,2026-09-03T09:00:00,48344.00,VRD,CREDIT,CASH,CASH_DEPOSIT,EXT-VERDANA,Fictional Counterparty,VD,,DEV-0021,TRUE,Synthetic planted structuring cash credit
TXN-0002147,ACC-00015,2026-09-03T09:00:00,48910.00,VRD,CREDIT,CASH,CASH_DEPOSIT,EXT-VERDANA,Fictional Counterparty,VD,,DEV-0041,TRUE,Synthetic planted structuring cash credit
TXN-0002148,ACC-00016,2026-09-03T09:00:00,48718.00,VRD,CREDIT,CASH,CASH_DEPOSIT,EXT-VERDANA,Fictional Counterparty,VD,,DEV-0001,TRUE,Synthetic planted structuring cash credit
TXN-0002149,ACC-00017,2026-09-03T09:00:00,48959.00,VRD,CREDIT,CASH,CASH_DEPOSIT,EXT-VERDANA,Fictional Counterparty,VD,,DEV-0021,TRUE,Synthetic planted structuring cash credit
TXN-0002150,ACC-00018,2026-09-03T09:00:00,48343.00,VRD,CREDIT,CASH,CASH_DEPOSIT,EXT-VERDANA,Fictional Counterparty,VD,,DEV-0041,TRUE,Synthetic planted structuring cash credit
TXN-0002151,ACC-00019,2026-09-03T09:00:00,48170.00,VRD,CREDIT,CASH,CASH_DEPOSIT,EXT-VERDANA,Fictional Counterparty,VD,,DEV-0001,TRUE,Synthetic planted structuring cash credit
TXN-0002152,ACC-00020,2026-09-03T09:00:00,48462.00,VRD,CREDIT,CASH,CASH_DEPOSIT,EXT-VERDANA,Fictional Counterparty,VD,,DEV-0021,TRUE,Synthetic planted structuring cash credit
TXN-0002153,ACC-00031,2026-09-03T09:43:00,8542.13,VRD,CREDIT,TRANSFER,TRANSFER,EXT-VERDANA,Fictional Counterparty,VD,,DEV-0001,FALSE,Synthetic routine activity
TXN-0002154,ACC-00056,2026-09-03T09:43:00,7343.37,VRD,DEBIT,TRANSFER,TRANSFER,EXT-VERDANA,Fictional Counterparty,VD,,DEV-0036,FALSE,Synthetic routine activity
TXN-0002155,ACC-00081,2026-09-03T09:43:00,4468.04,VRD,DEBIT,TRANSFER,TRANSFER,EXT-VERDANA,Fictional Counterparty,VD,,DEV-0011,FALSE,Synthetic routine activity
TXN-0002156,ACC-00106,2026-09-03T09:43:00,8063.90,VRD,DEBIT,TRANSFER,TRANSFER,EXT-VERDANA,Fictional Counterparty,VD,,DEV-0046,FALSE,Synthetic routine activity
TXN-0002157,ACC-00013,2026-09-03T11:59:00,11442.70,VRD,DEBIT,MOBILE,TRANSFER,EXT-VERDANA,Fictional Counterparty,VD,,DEV-0047,FALSE,Synthetic routine activity
TXN-0002158,ACC-00038,2026-09-03T11:59:00,4326.99,VRD,DEBIT,MOBILE,TRANSFER,EXT-VERDANA,Fictional Counterparty,VD,,DEV-0022,FALSE,Synthetic routine activity
TXN-0002159,ACC-00065,2026-09-03T13:05:00,14249.91,VRD,CREDIT,MOBILE,TRANSFER,EXT-VERDANA,Fictional Counterparty,VD,,DEV-0013,FALSE,Synthetic routine activity
TXN-0002160,ACC-00090,2026-09-03T13:05:00,12350.02,VRD,DEBIT,MOBILE,TRANSFER,EXT-VERDANA,Fictional Counterparty,VD,,DEV-0048,FALSE,Synthetic routine activity
TXN-0002161,ACC-00115,2026-09-03T13:05:00,13828.26,VRD,DEBIT,MOBILE,TRANSFER,EXT-VERDANA,Fictional Counterparty,VD,,DEV-0023,FALSE,Synthetic routine activity
TXN-0002162,ACC-00022,2026-09-03T15:21:00,6002.40,VRD,DEBIT,CARD,PURCHASE,EXT-VERDANA,Fictional Counterparty,VD,,DEV-0024,FALSE,Synthetic routine activity
TXN-0002163,ACC-00047,2026-09-03T15:21:00,3975.82,VRD,DEBIT,CARD,PURCHASE,EXT-VERDANA,Fictional Counterparty,VD,,DEV-0059,FALSE,Synthetic routine activity
TXN-0002164,ACC-00072,2026-09-03T15:21:00,11972.81,VRD,DEBIT,CARD,PURCHASE,EXT-VERDANA,Fictional Counterparty,VD,,DEV-0034,FALSE,Synthetic routine activity
TXN-0002165,ACC-00099,2026-09-03T17:27:00,8416.84,VRD,CREDIT,CARD,PURCHASE,EXT-VERDANA,Fictional Counterparty,VD,,DEV-0025,FALSE,Synthetic routine activity
TXN-0002166,ACC-00124,2026-09-03T17:27:00,11947.55,VRD,DEBIT,CARD,PURCHASE,EXT-VERDANA,Fictional Counterparty,VD,,DEV-0060,FALSE,Synthetic routine activity
TXN-0002167,ACC-00004,2026-09-03T17:37:00,4540.95,VRD,DEBIT,TRANSFER,TRANSFER,EXT-VERDANA,Fictional Counterparty,VD,,DEV-0010,FALSE,Synthetic routine activity
TXN-0002168,ACC-00126,2026-09-04T08:46:00,12342.14,VRD,CREDIT,TRANSFER,TRANSFER,EXT-VERDANA,Fictional Counterparty,VD,,DEV-0035,FALSE,Synthetic routine activity
TXN-0002169,ACC-00006,2026-09-04T08:56:00,6626.97,VRD,DEBIT,MOBILE,TRANSFER,EXT-VERDANA,Fictional Counterparty,VD,,DEV-0045,FALSE,Synthetic routine activity
TXN-0002170,ACC-00031,2026-09-04T10:00:00,41762.00,VRD,CREDIT,CASH,CASH_DEPOSIT,EXT-VERDANA,Fictional Counterparty,VD,,DEV-0041,TRUE,Synthetic documented retail takings
TXN-0002171,ACC-00032,2026-09-04T10:00:00,42683.00,VRD,CREDIT,CASH,CASH_DEPOSIT,EXT-VERDANA,Fictional Counterparty,VD,,DEV-0057,TRUE,Synthetic documented retail takings
TXN-0002172,ACC-00033,2026-09-04T10:00:00,45683.00,VRD,CREDIT,CASH,CASH_DEPOSIT,EXT-VERDANA,Fictional Counterparty,VD,,DEV-0013,TRUE,Synthetic documented retail takings
TXN-0002173,ACC-00034,2026-09-04T10:00:00,41210.00,VRD,CREDIT,CASH,CASH_DEPOSIT,EXT-VERDANA,Fictional Counterparty,VD,,DEV-0029,TRUE,Synthetic documented retail takings
TXN-0002174,ACC-00035,2026-09-04T10:00:00,46258.00,VRD,CREDIT,CASH,CASH_DEPOSIT,EXT-VERDANA,Fictional Counterparty,VD,,DEV-0045,TRUE,Synthetic documented retail takings
TXN-0002175,ACC-00036,2026-09-04T10:00:00,45622.00,VRD,CREDIT,CASH,CASH_DEPOSIT,EXT-VERDANA,Fictional Counterparty,VD,,DEV-0001,TRUE,Synthetic documented retail takings
TXN-0002176,ACC-00037,2026-09-04T10:00:00,41499.00,VRD,CREDIT,CASH,CASH_DEPOSIT,EXT-VERDANA,Fictional Counterparty,VD,,DEV-0017,TRUE,Synthetic documented retail takings
TXN-0002177,ACC-00038,2026-09-04T10:00:00,45679.00,VRD,CREDIT,CASH,CASH_DEPOSIT,EXT-VERDANA,Fictional Counterparty,VD,,DEV-0033,TRUE,Synthetic documented retail takings
TXN-0002178,ACC-00039,2026-09-04T10:00:00,41641.00,VRD,CREDIT,CASH,CASH_DEPOSIT,EXT-VERDANA,Fictional Counterparty,VD,,DEV-0049,TRUE,Synthetic documented retail takings
TXN-0002179,ACC-00040,2026-09-04T10:00:00,43671.00,VRD,CREDIT,CASH,CASH_DEPOSIT,EXT-VERDANA,Fictional Counterparty,VD,,DEV-0005,TRUE,Synthetic documented retail takings
TXN-0002180,ACC-00041,2026-09-04T10:00:00,45641.00,VRD,CREDIT,CASH,CASH_DEPOSIT,EXT-VERDANA,Fictional Counterparty,VD,,DEV-0021,TRUE,Synthetic documented retail takings
TXN-0002181,ACC-00042,2026-09-04T10:00:00,46364.00,VRD,CREDIT,CASH,CASH_DEPOSIT,EXT-VERDANA,Fictional Counterparty,VD,,DEV-0037,TRUE,Synthetic documented retail takings
TXN-0002182,ACC-00058,2026-09-04T10:02:00,14659.80,VRD,CREDIT,MOBILE,TRANSFER,EXT-VERDANA,Fictional Counterparty,VD,,DEV-0011,FALSE,Synthetic routine activity
TXN-0002183,ACC-00083,2026-09-04T10:02:00,2496.73,VRD,DEBIT,MOBILE,TRANSFER,EXT-VERDANA,Fictional Counterparty,VD,,DEV-0046,FALSE,Synthetic routine activity
TXN-0002184,ACC-00108,2026-09-04T10:02:00,11766.73,VRD,DEBIT,MOBILE,TRANSFER,EXT-VERDANA,Fictional Counterparty,VD,,DEV-0021,FALSE,Synthetic routine activity
TXN-0002185,ACC-00001,2026-09-04T12:01:00,48220.00,VRD,CREDIT,CASH,CASH_DEPOSIT,EXT-VERDANA,Fictional Counterparty,VD,,DEV-0002,TRUE,Synthetic planted structuring cash credit
TXN-0002186,ACC-00002,2026-09-04T12:01:00,48414.00,VRD,CREDIT,CASH,CASH_DEPOSIT,EXT-VERDANA,Fictional Counterparty,VD,,DEV-0022,TRUE,Synthetic planted structuring cash credit
TXN-0002187,ACC-00003,2026-09-04T12:01:00,48202.00,VRD,CREDIT,CASH,CASH_DEPOSIT,EXT-VERDANA,Fictional Counterparty,VD,,DEV-0042,TRUE,Synthetic planted structuring cash credit
TXN-0002188,ACC-00004,2026-09-04T12:01:00,48454.00,VRD,CREDIT,CASH,CASH_DEPOSIT,EXT-VERDANA,Fictional Counterparty,VD,,DEV-0002,TRUE,Synthetic planted structuring cash credit
TXN-0002189,ACC-00005,2026-09-04T12:01:00,48404.00,VRD,CREDIT,CASH,CASH_DEPOSIT,EXT-VERDANA,Fictional Counterparty,VD,,DEV-0022,TRUE,Synthetic planted structuring cash credit
TXN-0002190,ACC-00006,2026-09-04T12:01:00,48251.00,VRD,CREDIT,CASH,CASH_DEPOSIT,EXT-VERDANA,Fictional Counterparty,VD,,DEV-0042,TRUE,Synthetic planted structuring cash credit
TXN-0002191,ACC-00007,2026-09-04T12:01:00,48645.00,VRD,CREDIT,CASH,CASH_DEPOSIT,EXT-VERDANA,Fictional Counterparty,VD,,DEV-0002,TRUE,Synthetic planted structuring cash credit
TXN-0002192,ACC-00008,2026-09-04T12:01:00,48184.00,VRD,CREDIT,CASH,CASH_DEPOSIT,EXT-VERDANA,Fictional Counterparty,VD,,DEV-0022,TRUE,Synthetic planted structuring cash credit
TXN-0002193,ACC-00009,2026-09-04T12:01:00,48102.00,VRD,CREDIT,CASH,CASH_DEPOSIT,EXT-VERDANA,Fictional Counterparty,VD,,DEV-0042,TRUE,Synthetic planted structuring cash credit
TXN-0002194,ACC-00010,2026-09-04T12:01:00,48859.00,VRD,CREDIT,CASH,CASH_DEPOSIT,EXT-VERDANA,Fictional Counterparty,VD,,DEV-0002,TRUE,Synthetic planted structuring cash credit
TXN-0002195,ACC-00011,2026-09-04T12:01:00,48145.00,VRD,CREDIT,CASH,CASH_DEPOSIT,EXT-VERDANA,Fictional Counterparty,VD,,DEV-0022,TRUE,Synthetic planted structuring cash credit
TXN-0002196,ACC-00012,2026-09-04T12:01:00,48539.00,VRD,CREDIT,CASH,CASH_DEPOSIT,EXT-VERDANA,Fictional Counterparty,VD,,DEV-0042,TRUE,Synthetic planted structuring cash credit
TXN-0002197,ACC-00013,2026-09-04T12:01:00,48600.00,VRD,CREDIT,CASH,CASH_DEPOSIT,EXT-VERDANA,Fictional Counterparty,VD,,DEV-0002,TRUE,Synthetic planted structuring cash credit
TXN-0002198,ACC-00014,2026-09-04T12:01:00,48309.00,VRD,CREDIT,CASH,CASH_DEPOSIT,EXT-VERDANA,Fictional Counterparty,VD,,DEV-0022,TRUE,Synthetic planted structuring cash credit
TXN-0002199,ACC-00015,2026-09-04T12:01:00,48951.00,VRD,CREDIT,CASH,CASH_DEPOSIT,EXT-VERDANA,Fictional Counterparty,VD,,DEV-0042,TRUE,Synthetic planted structuring cash credit
TXN-0002200,ACC-00016,2026-09-04T12:01:00,48971.00,VRD,CREDIT,CASH,CASH_DEPOSIT,EXT-VERDANA,Fictional Counterparty,VD,,DEV-0002,TRUE,Synthetic planted structuring cash credit
TXN-0002201,ACC-00017,2026-09-04T12:01:00,48508.00,VRD,CREDIT,CASH,CASH_DEPOSIT,EXT-VERDANA,Fictional Counterparty,VD,,DEV-0022,TRUE,Synthetic planted structuring cash credit
TXN-0002202,ACC-00018,2026-09-04T12:01:00,48457.00,VRD,CREDIT,CASH,CASH_DEPOSIT,EXT-VERDANA,Fictional Counterparty,VD,,DEV-0042,TRUE,Synthetic planted structuring cash credit
TXN-0002203,ACC-00019,2026-09-04T12:01:00,48905.00,VRD,CREDIT,CASH,CASH_DEPOSIT,EXT-VERDANA,Fictional Counterparty,VD,,DEV-0002,TRUE,Synthetic planted structuring cash credit
TXN-0002204,ACC-00020,2026-09-04T12:01:00,48075.00,VRD,CREDIT,CASH,CASH_DEPOSIT,EXT-VERDANA,Fictional Counterparty,VD,,DEV-0022,TRUE,Synthetic planted structuring cash credit
TXN-0002205,ACC-00015,2026-09-04T12:18:00,9673.52,VRD,DEBIT,CARD,PURCHASE,EXT-VERDANA,Fictional Counterparty,VD,,DEV-0022,FALSE,Synthetic routine activity
TXN-0002206,ACC-00040,2026-09-04T12:18:00,12032.12,VRD,DEBIT,CARD,PURCHASE,EXT-VERDANA,Fictional Counterparty,VD,,DEV-0057,FALSE,Synthetic routine activity
TXN-0002207,ACC-00092,2026-09-04T14:24:00,5016.24,VRD,CREDIT,CARD,PURCHASE,EXT-VERDANA,Fictional Counterparty,VD,,DEV-0023,FALSE,Synthetic routine activity
TXN-0002208,ACC-00117,2026-09-04T14:24:00,2026.93,VRD,DEBIT,CARD,PURCHASE,EXT-VERDANA,Fictional Counterparty,VD,,DEV-0058,FALSE,Synthetic routine activity
TXN-0002209,ACC-00024,2026-09-04T16:40:00,11030.54,VRD,CREDIT,TRANSFER,TRANSFER,EXT-VERDANA,Fictional Counterparty,VD,,DEV-0059,FALSE,Synthetic routine activity
TXN-0002210,ACC-00049,2026-09-04T16:40:00,9043.38,VRD,DEBIT,TRANSFER,TRANSFER,EXT-VERDANA,Fictional Counterparty,VD,,DEV-0034,FALSE,Synthetic routine activity
TXN-0002211,ACC-00074,2026-09-04T16:40:00,5153.10,VRD,DEBIT,TRANSFER,TRANSFER,EXT-VERDANA,Fictional Counterparty,VD,,DEV-0009,FALSE,Synthetic routine activity
TXN-0002212,ACC-00128,2026-09-05T09:05:00,12959.31,VRD,DEBIT,MOBILE,TRANSFER,EXT-VERDANA,Fictional Counterparty,VD,,DEV-0010,FALSE,Synthetic routine activity
TXN-0002213,ACC-00008,2026-09-05T09:15:00,1014.42,VRD,DEBIT,CARD,PURCHASE,EXT-VERDANA,Fictional Counterparty,VD,,DEV-0020,FALSE,Synthetic routine activity
TXN-0002214,ACC-00031,2026-09-05T11:00:00,43768.00,VRD,CREDIT,CASH,CASH_DEPOSIT,EXT-VERDANA,Fictional Counterparty,VD,,DEV-0042,TRUE,Synthetic documented retail takings
TXN-0002215,ACC-00032,2026-09-05T11:00:00,42556.00,VRD,CREDIT,CASH,CASH_DEPOSIT,EXT-VERDANA,Fictional Counterparty,VD,,DEV-0058,TRUE,Synthetic documented retail takings
TXN-0002216,ACC-00033,2026-09-05T11:00:00,45502.00,VRD,CREDIT,CASH,CASH_DEPOSIT,EXT-VERDANA,Fictional Counterparty,VD,,DEV-0014,TRUE,Synthetic documented retail takings
TXN-0002217,ACC-00034,2026-09-05T11:00:00,42695.00,VRD,CREDIT,CASH,CASH_DEPOSIT,EXT-VERDANA,Fictional Counterparty,VD,,DEV-0030,TRUE,Synthetic documented retail takings
TXN-0002218,ACC-00035,2026-09-05T11:00:00,45457.00,VRD,CREDIT,CASH,CASH_DEPOSIT,EXT-VERDANA,Fictional Counterparty,VD,,DEV-0046,TRUE,Synthetic documented retail takings
TXN-0002219,ACC-00036,2026-09-05T11:00:00,41504.00,VRD,CREDIT,CASH,CASH_DEPOSIT,EXT-VERDANA,Fictional Counterparty,VD,,DEV-0002,TRUE,Synthetic documented retail takings
TXN-0002220,ACC-00037,2026-09-05T11:00:00,44171.00,VRD,CREDIT,CASH,CASH_DEPOSIT,EXT-VERDANA,Fictional Counterparty,VD,,DEV-0018,TRUE,Synthetic documented retail takings
TXN-0002221,ACC-00038,2026-09-05T11:00:00,45233.00,VRD,CREDIT,CASH,CASH_DEPOSIT,EXT-VERDANA,Fictional Counterparty,VD,,DEV-0034,TRUE,Synthetic documented retail takings
TXN-0002222,ACC-00039,2026-09-05T11:00:00,46596.00,VRD,CREDIT,CASH,CASH_DEPOSIT,EXT-VERDANA,Fictional Counterparty,VD,,DEV-0050,TRUE,Synthetic documented retail takings
TXN-0002223,ACC-00040,2026-09-05T11:00:00,43262.00,VRD,CREDIT,CASH,CASH_DEPOSIT,EXT-VERDANA,Fictional Counterparty,VD,,DEV-0006,TRUE,Synthetic documented retail takings
TXN-0002224,ACC-00041,2026-09-05T11:00:00,45816.00,VRD,CREDIT,CASH,CASH_DEPOSIT,EXT-VERDANA,Fictional Counterparty,VD,,DEV-0022,TRUE,Synthetic documented retail takings
TXN-0002225,ACC-00042,2026-09-05T11:00:00,44977.00,VRD,CREDIT,CASH,CASH_DEPOSIT,EXT-VERDANA,Fictional Counterparty,VD,,DEV-0038,TRUE,Synthetic documented retail takings
TXN-0002226,ACC-00060,2026-09-05T11:21:00,7197.99,VRD,DEBIT,CARD,PURCHASE,EXT-VERDANA,Fictional Counterparty,VD,,DEV-0046,FALSE,Synthetic routine activity
TXN-0002227,ACC-00085,2026-09-05T11:21:00,9906.29,VRD,CREDIT,CARD,PURCHASE,EXT-VERDANA,Fictional Counterparty,VD,,DEV-0021,FALSE,Synthetic routine activity
TXN-0002228,ACC-00110,2026-09-05T11:21:00,12581.78,VRD,DEBIT,CARD,PURCHASE,EXT-VERDANA,Fictional Counterparty,VD,,DEV-0056,FALSE,Synthetic routine activity
TXN-0002229,ACC-00017,2026-09-05T13:37:00,12436.40,VRD,CREDIT,TRANSFER,TRANSFER,EXT-VERDANA,Fictional Counterparty,VD,,DEV-0057,FALSE,Synthetic routine activity
TXN-0002230,ACC-00042,2026-09-05T13:37:00,5347.89,VRD,DEBIT,TRANSFER,TRANSFER,EXT-VERDANA,Fictional Counterparty,VD,,DEV-0032,FALSE,Synthetic routine activity
TXN-0002231,ACC-00001,2026-09-05T15:02:00,48855.00,VRD,CREDIT,CASH,CASH_DEPOSIT,EXT-VERDANA,Fictional Counterparty,VD,,DEV-0003,TRUE,Synthetic planted structuring cash credit
TXN-0002232,ACC-00002,2026-09-05T15:02:00,48875.00,VRD,CREDIT,CASH,CASH_DEPOSIT,EXT-VERDANA,Fictional Counterparty,VD,,DEV-0023,TRUE,Synthetic planted structuring cash credit
TXN-0002233,ACC-00003,2026-09-05T15:02:00,48843.00,VRD,CREDIT,CASH,CASH_DEPOSIT,EXT-VERDANA,Fictional Counterparty,VD,,DEV-0043,TRUE,Synthetic planted structuring cash credit
TXN-0002234,ACC-00004,2026-09-05T15:02:00,48828.00,VRD,CREDIT,CASH,CASH_DEPOSIT,EXT-VERDANA,Fictional Counterparty,VD,,DEV-0003,TRUE,Synthetic planted structuring cash credit
TXN-0002235,ACC-00005,2026-09-05T15:02:00,48508.00,VRD,CREDIT,CASH,CASH_DEPOSIT,EXT-VERDANA,Fictional Counterparty,VD,,DEV-0023,TRUE,Synthetic planted structuring cash credit
TXN-0002236,ACC-00006,2026-09-05T15:02:00,48662.00,VRD,CREDIT,CASH,CASH_DEPOSIT,EXT-VERDANA,Fictional Counterparty,VD,,DEV-0043,TRUE,Synthetic planted structuring cash credit
TXN-0002237,ACC-00007,2026-09-05T15:02:00,48821.00,VRD,CREDIT,CASH,CASH_DEPOSIT,EXT-VERDANA,Fictional Counterparty,VD,,DEV-0003,TRUE,Synthetic planted structuring cash credit
TXN-0002238,ACC-00008,2026-09-05T15:02:00,48026.00,VRD,CREDIT,CASH,CASH_DEPOSIT,EXT-VERDANA,Fictional Counterparty,VD,,DEV-0023,TRUE,Synthetic planted structuring cash credit
TXN-0002239,ACC-00009,2026-09-05T15:02:00,48253.00,VRD,CREDIT,CASH,CASH_DEPOSIT,EXT-VERDANA,Fictional Counterparty,VD,,DEV-0043,TRUE,Synthetic planted structuring cash credit
TXN-0002240,ACC-00010,2026-09-05T15:02:00,48865.00,VRD,CREDIT,CASH,CASH_DEPOSIT,EXT-VERDANA,Fictional Counterparty,VD,,DEV-0003,TRUE,Synthetic planted structuring cash credit
TXN-0002241,ACC-00011,2026-09-05T15:02:00,48576.00,VRD,CREDIT,CASH,CASH_DEPOSIT,EXT-VERDANA,Fictional Counterparty,VD,,DEV-0023,TRUE,Synthetic planted structuring cash credit
TXN-0002242,ACC-00012,2026-09-05T15:02:00,48489.00,VRD,CREDIT,CASH,CASH_DEPOSIT,EXT-VERDANA,Fictional Counterparty,VD,,DEV-0043,TRUE,Synthetic planted structuring cash credit
TXN-0002243,ACC-00013,2026-09-05T15:02:00,48721.00,VRD,CREDIT,CASH,CASH_DEPOSIT,EXT-VERDANA,Fictional Counterparty,VD,,DEV-0003,TRUE,Synthetic planted structuring cash credit
TXN-0002244,ACC-00014,2026-09-05T15:02:00,48330.00,VRD,CREDIT,CASH,CASH_DEPOSIT,EXT-VERDANA,Fictional Counterparty,VD,,DEV-0023,TRUE,Synthetic planted structuring cash credit
TXN-0002245,ACC-00015,2026-09-05T15:02:00,48628.00,VRD,CREDIT,CASH,CASH_DEPOSIT,EXT-VERDANA,Fictional Counterparty,VD,,DEV-0043,TRUE,Synthetic planted structuring cash credit
TXN-0002246,ACC-00016,2026-09-05T15:02:00,48586.00,VRD,CREDIT,CASH,CASH_DEPOSIT,EXT-VERDANA,Fictional Counterparty,VD,,DEV-0003,TRUE,Synthetic planted structuring cash credit
TXN-0002247,ACC-00017,2026-09-05T15:02:00,48144.00,VRD,CREDIT,CASH,CASH_DEPOSIT,EXT-VERDANA,Fictional Counterparty,VD,,DEV-0023,TRUE,Synthetic planted structuring cash credit
TXN-0002248,ACC-00018,2026-09-05T15:02:00,48011.00,VRD,CREDIT,CASH,CASH_DEPOSIT,EXT-VERDANA,Fictional Counterparty,VD,,DEV-0043,TRUE,Synthetic planted structuring cash credit
TXN-0002249,ACC-00019,2026-09-05T15:02:00,48423.00,VRD,CREDIT,CASH,CASH_DEPOSIT,EXT-VERDANA,Fictional Counterparty,VD,,DEV-0003,TRUE,Synthetic planted structuring cash credit
TXN-0002250,ACC-00020,2026-09-05T15:02:00,48818.00,VRD,CREDIT,CASH,CASH_DEPOSIT,EXT-VERDANA,Fictional Counterparty,VD,,DEV-0023,TRUE,Synthetic planted structuring cash credit
TXN-0002251,ACC-00094,2026-09-05T15:43:00,11040.85,VRD,DEBIT,TRANSFER,TRANSFER,EXT-VERDANA,Fictional Counterparty,VD,,DEV-0058,FALSE,Synthetic routine activity
TXN-0002252,ACC-00119,2026-09-05T15:43:00,12029.12,VRD,CREDIT,TRANSFER,TRANSFER,EXT-VERDANA,Fictional Counterparty,VD,,DEV-0033,FALSE,Synthetic routine activity
TXN-0002253,ACC-00026,2026-09-05T17:59:00,6998.91,VRD,DEBIT,MOBILE,TRANSFER,EXT-VERDANA,Fictional Counterparty,VD,,DEV-0034,FALSE,Synthetic routine activity
TXN-0002254,ACC-00051,2026-09-05T17:59:00,2082.95,VRD,CREDIT,MOBILE,TRANSFER,EXT-VERDANA,Fictional Counterparty,VD,,DEV-0009,FALSE,Synthetic routine activity
TXN-0002255,ACC-00076,2026-09-05T17:59:00,5731.93,VRD,DEBIT,MOBILE,TRANSFER,EXT-VERDANA,Fictional Counterparty,VD,,DEV-0044,FALSE,Synthetic routine activity
TXN-0002256,ACC-00028,2026-09-06T08:18:00,6709.43,VRD,DEBIT,CARD,PURCHASE,EXT-VERDANA,Fictional Counterparty,VD,,DEV-0009,FALSE,Synthetic routine activity
TXN-0002257,ACC-00053,2026-09-06T08:18:00,9778.84,VRD,DEBIT,CARD,PURCHASE,EXT-VERDANA,Fictional Counterparty,VD,,DEV-0044,FALSE,Synthetic routine activity
TXN-0002258,ACC-00078,2026-09-06T08:18:00,13015.51,VRD,CREDIT,CARD,PURCHASE,EXT-VERDANA,Fictional Counterparty,VD,,DEV-0019,FALSE,Synthetic routine activity
TXN-0002259,ACC-00103,2026-09-06T08:18:00,9588.65,VRD,DEBIT,CARD,PURCHASE,EXT-VERDANA,Fictional Counterparty,VD,,DEV-0054,FALSE,Synthetic routine activity
TXN-0002260,ACC-00001,2026-09-06T09:03:00,48877.00,VRD,CREDIT,CASH,CASH_DEPOSIT,EXT-VERDANA,Fictional Counterparty,VD,,DEV-0004,TRUE,Synthetic planted structuring cash credit
TXN-0002261,ACC-00002,2026-09-06T09:03:00,48463.00,VRD,CREDIT,CASH,CASH_DEPOSIT,EXT-VERDANA,Fictional Counterparty,VD,,DEV-0024,TRUE,Synthetic planted structuring cash credit
TXN-0002262,ACC-00003,2026-09-06T09:03:00,48410.00,VRD,CREDIT,CASH,CASH_DEPOSIT,EXT-VERDANA,Fictional Counterparty,VD,,DEV-0044,TRUE,Synthetic planted structuring cash credit
TXN-0002263,ACC-00004,2026-09-06T09:03:00,48131.00,VRD,CREDIT,CASH,CASH_DEPOSIT,EXT-VERDANA,Fictional Counterparty,VD,,DEV-0004,TRUE,Synthetic planted structuring cash credit
TXN-0002264,ACC-00005,2026-09-06T09:03:00,48030.00,VRD,CREDIT,CASH,CASH_DEPOSIT,EXT-VERDANA,Fictional Counterparty,VD,,DEV-0024,TRUE,Synthetic planted structuring cash credit
TXN-0002265,ACC-00006,2026-09-06T09:03:00,48302.00,VRD,CREDIT,CASH,CASH_DEPOSIT,EXT-VERDANA,Fictional Counterparty,VD,,DEV-0044,TRUE,Synthetic planted structuring cash credit
TXN-0002266,ACC-00007,2026-09-06T09:03:00,48556.00,VRD,CREDIT,CASH,CASH_DEPOSIT,EXT-VERDANA,Fictional Counterparty,VD,,DEV-0004,TRUE,Synthetic planted structuring cash credit
TXN-0002267,ACC-00008,2026-09-06T09:03:00,48326.00,VRD,CREDIT,CASH,CASH_DEPOSIT,EXT-VERDANA,Fictional Counterparty,VD,,DEV-0024,TRUE,Synthetic planted structuring cash credit
TXN-0002268,ACC-00009,2026-09-06T09:03:00,48672.00,VRD,CREDIT,CASH,CASH_DEPOSIT,EXT-VERDANA,Fictional Counterparty,VD,,DEV-0044,TRUE,Synthetic planted structuring cash credit
TXN-0002269,ACC-00010,2026-09-06T09:03:00,48177.00,VRD,CREDIT,CASH,CASH_DEPOSIT,EXT-VERDANA,Fictional Counterparty,VD,,DEV-0004,TRUE,Synthetic planted structuring cash credit
TXN-0002270,ACC-00011,2026-09-06T09:03:00,48971.00,VRD,CREDIT,CASH,CASH_DEPOSIT,EXT-VERDANA,Fictional Counterparty,VD,,DEV-0024,TRUE,Synthetic planted structuring cash credit
TXN-0002271,ACC-00012,2026-09-06T09:03:00,48000.00,VRD,CREDIT,CASH,CASH_DEPOSIT,EXT-VERDANA,Fictional Counterparty,VD,,DEV-0044,TRUE,Synthetic planted structuring cash credit
TXN-0002272,ACC-00013,2026-09-06T09:03:00,48939.00,VRD,CREDIT,CASH,CASH_DEPOSIT,EXT-VERDANA,Fictional Counterparty,VD,,DEV-0004,TRUE,Synthetic planted structuring cash credit
TXN-0002273,ACC-00014,2026-09-06T09:03:00,48139.00,VRD,CREDIT,CASH,CASH_DEPOSIT,EXT-VERDANA,Fictional Counterparty,VD,,DEV-0024,TRUE,Synthetic planted structuring cash credit
TXN-0002274,ACC-00015,2026-09-06T09:03:00,48805.00,VRD,CREDIT,CASH,CASH_DEPOSIT,EXT-VERDANA,Fictional Counterparty,VD,,DEV-0044,TRUE,Synthetic planted structuring cash credit
TXN-0002275,ACC-00016,2026-09-06T09:03:00,48400.00,VRD,CREDIT,CASH,CASH_DEPOSIT,EXT-VERDANA,Fictional Counterparty,VD,,DEV-0004,TRUE,Synthetic planted structuring cash credit
TXN-0002276,ACC-00017,2026-09-06T09:03:00,48339.00,VRD,CREDIT,CASH,CASH_DEPOSIT,EXT-VERDANA,Fictional Counterparty,VD,,DEV-0024,TRUE,Synthetic planted structuring cash credit
TXN-0002277,ACC-00018,2026-09-06T09:03:00,48271.00,VRD,CREDIT,CASH,CASH_DEPOSIT,EXT-VERDANA,Fictional Counterparty,VD,,DEV-0044,TRUE,Synthetic planted structuring cash credit
TXN-0002278,ACC-00019,2026-09-06T09:03:00,48504.00,VRD,CREDIT,CASH,CASH_DEPOSIT,EXT-VERDANA,Fictional Counterparty,VD,,DEV-0004,TRUE,Synthetic planted structuring cash credit
TXN-0002279,ACC-00020,2026-09-06T09:03:00,48866.00,VRD,CREDIT,CASH,CASH_DEPOSIT,EXT-VERDANA,Fictional Counterparty,VD,,DEV-0024,TRUE,Synthetic planted structuring cash credit
TXN-0002280,ACC-00130,2026-09-06T10:24:00,3821.17,VRD,DEBIT,CARD,PURCHASE,EXT-VERDANA,Fictional Counterparty,VD,,DEV-0045,FALSE,Synthetic routine activity
TXN-0002281,ACC-00010,2026-09-06T10:34:00,1460.21,VRD,CREDIT,TRANSFER,TRANSFER,EXT-VERDANA,Fictional Counterparty,VD,,DEV-0055,FALSE,Synthetic routine activity
TXN-0002282,ACC-00035,2026-09-06T10:34:00,5796.14,VRD,DEBIT,TRANSFER,TRANSFER,EXT-VERDANA,Fictional Counterparty,VD,,DEV-0030,FALSE,Synthetic routine activity
TXN-0002283,ACC-00031,2026-09-06T12:00:00,45866.00,VRD,CREDIT,CASH,CASH_DEPOSIT,EXT-VERDANA,Fictional Counterparty,VD,,DEV-0043,TRUE,Synthetic documented retail takings
TXN-0002284,ACC-00032,2026-09-06T12:00:00,44352.00,VRD,CREDIT,CASH,CASH_DEPOSIT,EXT-VERDANA,Fictional Counterparty,VD,,DEV-0059,TRUE,Synthetic documented retail takings
TXN-0002285,ACC-00033,2026-09-06T12:00:00,45021.00,VRD,CREDIT,CASH,CASH_DEPOSIT,EXT-VERDANA,Fictional Counterparty,VD,,DEV-0015,TRUE,Synthetic documented retail takings
TXN-0002286,ACC-00034,2026-09-06T12:00:00,42399.00,VRD,CREDIT,CASH,CASH_DEPOSIT,EXT-VERDANA,Fictional Counterparty,VD,,DEV-0031,TRUE,Synthetic documented retail takings
TXN-0002287,ACC-00035,2026-09-06T12:00:00,44174.00,VRD,CREDIT,CASH,CASH_DEPOSIT,EXT-VERDANA,Fictional Counterparty,VD,,DEV-0047,TRUE,Synthetic documented retail takings
TXN-0002288,ACC-00036,2026-09-06T12:00:00,42238.00,VRD,CREDIT,CASH,CASH_DEPOSIT,EXT-VERDANA,Fictional Counterparty,VD,,DEV-0003,TRUE,Synthetic documented retail takings
TXN-0002289,ACC-00037,2026-09-06T12:00:00,45280.00,VRD,CREDIT,CASH,CASH_DEPOSIT,EXT-VERDANA,Fictional Counterparty,VD,,DEV-0019,TRUE,Synthetic documented retail takings
TXN-0002290,ACC-00038,2026-09-06T12:00:00,45681.00,VRD,CREDIT,CASH,CASH_DEPOSIT,EXT-VERDANA,Fictional Counterparty,VD,,DEV-0035,TRUE,Synthetic documented retail takings
TXN-0002291,ACC-00039,2026-09-06T12:00:00,44566.00,VRD,CREDIT,CASH,CASH_DEPOSIT,EXT-VERDANA,Fictional Counterparty,VD,,DEV-0051,TRUE,Synthetic documented retail takings
TXN-0002292,ACC-00040,2026-09-06T12:00:00,45257.00,VRD,CREDIT,CASH,CASH_DEPOSIT,EXT-VERDANA,Fictional Counterparty,VD,,DEV-0007,TRUE,Synthetic documented retail takings
TXN-0002293,ACC-00041,2026-09-06T12:00:00,45773.00,VRD,CREDIT,CASH,CASH_DEPOSIT,EXT-VERDANA,Fictional Counterparty,VD,,DEV-0023,TRUE,Synthetic documented retail takings
TXN-0002294,ACC-00042,2026-09-06T12:00:00,45686.00,VRD,CREDIT,CASH,CASH_DEPOSIT,EXT-VERDANA,Fictional Counterparty,VD,,DEV-0039,TRUE,Synthetic documented retail takings
TXN-0002295,ACC-00062,2026-09-06T12:40:00,14335.12,VRD,DEBIT,TRANSFER,TRANSFER,EXT-VERDANA,Fictional Counterparty,VD,,DEV-0021,FALSE,Synthetic routine activity
TXN-0002296,ACC-00087,2026-09-06T12:40:00,4564.00,VRD,DEBIT,TRANSFER,TRANSFER,EXT-VERDANA,Fictional Counterparty,VD,,DEV-0056,FALSE,Synthetic routine activity
TXN-0002297,ACC-00112,2026-09-06T12:40:00,3543.62,VRD,CREDIT,TRANSFER,TRANSFER,EXT-VERDANA,Fictional Counterparty,VD,,DEV-0031,FALSE,Synthetic routine activity
TXN-0002298,ACC-00019,2026-09-06T14:56:00,11569.27,VRD,DEBIT,MOBILE,TRANSFER,EXT-VERDANA,Fictional Counterparty,VD,,DEV-0032,FALSE,Synthetic routine activity
TXN-0002299,ACC-00044,2026-09-06T14:56:00,13676.14,VRD,CREDIT,MOBILE,TRANSFER,EXT-VERDANA,Fictional Counterparty,VD,,DEV-0007,FALSE,Synthetic routine activity
TXN-0002300,ACC-00069,2026-09-06T14:56:00,7481.21,VRD,DEBIT,MOBILE,TRANSFER,EXT-VERDANA,Fictional Counterparty,VD,,DEV-0042,FALSE,Synthetic routine activity
TXN-0002301,ACC-00096,2026-09-06T16:02:00,11897.77,VRD,DEBIT,MOBILE,TRANSFER,EXT-VERDANA,Fictional Counterparty,VD,,DEV-0033,FALSE,Synthetic routine activity
TXN-0002302,ACC-00121,2026-09-06T16:02:00,6259.54,VRD,DEBIT,MOBILE,TRANSFER,EXT-VERDANA,Fictional Counterparty,VD,,DEV-0008,FALSE,Synthetic routine activity
TXN-0002303,ACC-00001,2026-09-06T16:12:00,5057.00,VRD,DEBIT,CARD,PURCHASE,EXT-VERDANA,Fictional Counterparty,VD,,DEV-0018,FALSE,Synthetic routine activity
TXN-0002304,ACC-00030,2026-09-07T09:37:00,12987.88,VRD,DEBIT,TRANSFER,TRANSFER,EXT-VERDANA,Fictional Counterparty,VD,,DEV-0044,FALSE,Synthetic routine activity
TXN-0002305,ACC-00055,2026-09-07T09:37:00,5242.41,VRD,DEBIT,TRANSFER,TRANSFER,EXT-VERDANA,Fictional Counterparty,VD,,DEV-0019,FALSE,Synthetic routine activity
TXN-0002306,ACC-00080,2026-09-07T09:37:00,6535.42,VRD,DEBIT,TRANSFER,TRANSFER,EXT-VERDANA,Fictional Counterparty,VD,,DEV-0054,FALSE,Synthetic routine activity
TXN-0002307,ACC-00105,2026-09-07T09:37:00,5422.41,VRD,CREDIT,TRANSFER,TRANSFER,EXT-VERDANA,Fictional Counterparty,VD,,DEV-0029,FALSE,Synthetic routine activity
TXN-0002308,ACC-00012,2026-09-07T11:53:00,11504.82,VRD,DEBIT,MOBILE,TRANSFER,EXT-VERDANA,Fictional Counterparty,VD,,DEV-0030,FALSE,Synthetic routine activity
TXN-0002309,ACC-00037,2026-09-07T11:53:00,14656.08,VRD,CREDIT,MOBILE,TRANSFER,EXT-VERDANA,Fictional Counterparty,VD,,DEV-0005,FALSE,Synthetic routine activity
TXN-0002310,ACC-00001,2026-09-07T12:04:00,48335.00,VRD,CREDIT,CASH,CASH_DEPOSIT,EXT-VERDANA,Fictional Counterparty,VD,,DEV-0005,TRUE,Synthetic planted structuring cash credit
TXN-0002311,ACC-00002,2026-09-07T12:04:00,48569.00,VRD,CREDIT,CASH,CASH_DEPOSIT,EXT-VERDANA,Fictional Counterparty,VD,,DEV-0025,TRUE,Synthetic planted structuring cash credit
TXN-0002312,ACC-00003,2026-09-07T12:04:00,48381.00,VRD,CREDIT,CASH,CASH_DEPOSIT,EXT-VERDANA,Fictional Counterparty,VD,,DEV-0045,TRUE,Synthetic planted structuring cash credit
TXN-0002313,ACC-00004,2026-09-07T12:04:00,48094.00,VRD,CREDIT,CASH,CASH_DEPOSIT,EXT-VERDANA,Fictional Counterparty,VD,,DEV-0005,TRUE,Synthetic planted structuring cash credit
TXN-0002314,ACC-00005,2026-09-07T12:04:00,48391.00,VRD,CREDIT,CASH,CASH_DEPOSIT,EXT-VERDANA,Fictional Counterparty,VD,,DEV-0025,TRUE,Synthetic planted structuring cash credit
TXN-0002315,ACC-00006,2026-09-07T12:04:00,48510.00,VRD,CREDIT,CASH,CASH_DEPOSIT,EXT-VERDANA,Fictional Counterparty,VD,,DEV-0045,TRUE,Synthetic planted structuring cash credit
TXN-0002316,ACC-00007,2026-09-07T12:04:00,48813.00,VRD,CREDIT,CASH,CASH_DEPOSIT,EXT-VERDANA,Fictional Counterparty,VD,,DEV-0005,TRUE,Synthetic planted structuring cash credit
TXN-0002317,ACC-00008,2026-09-07T12:04:00,48611.00,VRD,CREDIT,CASH,CASH_DEPOSIT,EXT-VERDANA,Fictional Counterparty,VD,,DEV-0025,TRUE,Synthetic planted structuring cash credit
TXN-0002318,ACC-00009,2026-09-07T12:04:00,48246.00,VRD,CREDIT,CASH,CASH_DEPOSIT,EXT-VERDANA,Fictional Counterparty,VD,,DEV-0045,TRUE,Synthetic planted structuring cash credit
TXN-0002319,ACC-00010,2026-09-07T12:04:00,48180.00,VRD,CREDIT,CASH,CASH_DEPOSIT,EXT-VERDANA,Fictional Counterparty,VD,,DEV-0005,TRUE,Synthetic planted structuring cash credit
TXN-0002320,ACC-00011,2026-09-07T12:04:00,48192.00,VRD,CREDIT,CASH,CASH_DEPOSIT,EXT-VERDANA,Fictional Counterparty,VD,,DEV-0025,TRUE,Synthetic planted structuring cash credit
TXN-0002321,ACC-00012,2026-09-07T12:04:00,48339.00,VRD,CREDIT,CASH,CASH_DEPOSIT,EXT-VERDANA,Fictional Counterparty,VD,,DEV-0045,TRUE,Synthetic planted structuring cash credit
TXN-0002322,ACC-00013,2026-09-07T12:04:00,48145.00,VRD,CREDIT,CASH,CASH_DEPOSIT,EXT-VERDANA,Fictional Counterparty,VD,,DEV-0005,TRUE,Synthetic planted structuring cash credit
TXN-0002323,ACC-00014,2026-09-07T12:04:00,48999.00,VRD,CREDIT,CASH,CASH_DEPOSIT,EXT-VERDANA,Fictional Counterparty,VD,,DEV-0025,TRUE,Synthetic planted structuring cash credit
TXN-0002324,ACC-00015,2026-09-07T12:04:00,48365.00,VRD,CREDIT,CASH,CASH_DEPOSIT,EXT-VERDANA,Fictional Counterparty,VD,,DEV-0045,TRUE,Synthetic planted structuring cash credit
TXN-0002325,ACC-00016,2026-09-07T12:04:00,48871.00,VRD,CREDIT,CASH,CASH_DEPOSIT,EXT-VERDANA,Fictional Counterparty,VD,,DEV-0005,TRUE,Synthetic planted structuring cash credit
TXN-0002326,ACC-00017,2026-09-07T12:04:00,48763.00,VRD,CREDIT,CASH,CASH_DEPOSIT,EXT-VERDANA,Fictional Counterparty,VD,,DEV-0025,TRUE,Synthetic planted structuring cash credit
TXN-0002327,ACC-00018,2026-09-07T12:04:00,48214.00,VRD,CREDIT,CASH,CASH_DEPOSIT,EXT-VERDANA,Fictional Counterparty,VD,,DEV-0045,TRUE,Synthetic planted structuring cash credit
TXN-0002328,ACC-00019,2026-09-07T12:04:00,48902.00,VRD,CREDIT,CASH,CASH_DEPOSIT,EXT-VERDANA,Fictional Counterparty,VD,,DEV-0005,TRUE,Synthetic planted structuring cash credit
TXN-0002329,ACC-00020,2026-09-07T12:04:00,48034.00,VRD,CREDIT,CASH,CASH_DEPOSIT,EXT-VERDANA,Fictional Counterparty,VD,,DEV-0025,TRUE,Synthetic planted structuring cash credit
TXN-0002330,ACC-00031,2026-09-07T13:00:00,46026.00,VRD,CREDIT,CASH,CASH_DEPOSIT,EXT-VERDANA,Fictional Counterparty,VD,,DEV-0044,TRUE,Synthetic documented retail takings
TXN-0002331,ACC-00032,2026-09-07T13:00:00,46711.00,VRD,CREDIT,CASH,CASH_DEPOSIT,EXT-VERDANA,Fictional Counterparty,VD,,DEV-0060,TRUE,Synthetic documented retail takings
TXN-0002332,ACC-00033,2026-09-07T13:00:00,42258.00,VRD,CREDIT,CASH,CASH_DEPOSIT,EXT-VERDANA,Fictional Counterparty,VD,,DEV-0016,TRUE,Synthetic documented retail takings
TXN-0002333,ACC-00034,2026-09-07T13:00:00,46228.00,VRD,CREDIT,CASH,CASH_DEPOSIT,EXT-VERDANA,Fictional Counterparty,VD,,DEV-0032,TRUE,Synthetic documented retail takings
TXN-0002334,ACC-00035,2026-09-07T13:00:00,42514.00,VRD,CREDIT,CASH,CASH_DEPOSIT,EXT-VERDANA,Fictional Counterparty,VD,,DEV-0048,TRUE,Synthetic documented retail takings
TXN-0002335,ACC-00036,2026-09-07T13:00:00,47162.00,VRD,CREDIT,CASH,CASH_DEPOSIT,EXT-VERDANA,Fictional Counterparty,VD,,DEV-0004,TRUE,Synthetic documented retail takings
TXN-0002336,ACC-00037,2026-09-07T13:00:00,44429.00,VRD,CREDIT,CASH,CASH_DEPOSIT,EXT-VERDANA,Fictional Counterparty,VD,,DEV-0020,TRUE,Synthetic documented retail takings
TXN-0002337,ACC-00038,2026-09-07T13:00:00,46550.00,VRD,CREDIT,CASH,CASH_DEPOSIT,EXT-VERDANA,Fictional Counterparty,VD,,DEV-0036,TRUE,Synthetic documented retail takings
TXN-0002338,ACC-00039,2026-09-07T13:00:00,42654.00,VRD,CREDIT,CASH,CASH_DEPOSIT,EXT-VERDANA,Fictional Counterparty,VD,,DEV-0052,TRUE,Synthetic documented retail takings
TXN-0002339,ACC-00040,2026-09-07T13:00:00,44753.00,VRD,CREDIT,CASH,CASH_DEPOSIT,EXT-VERDANA,Fictional Counterparty,VD,,DEV-0008,TRUE,Synthetic documented retail takings
TXN-0002340,ACC-00041,2026-09-07T13:00:00,47212.00,VRD,CREDIT,CASH,CASH_DEPOSIT,EXT-VERDANA,Fictional Counterparty,VD,,DEV-0024,TRUE,Synthetic documented retail takings
TXN-0002341,ACC-00042,2026-09-07T13:00:00,45988.00,VRD,CREDIT,CASH,CASH_DEPOSIT,EXT-VERDANA,Fictional Counterparty,VD,,DEV-0040,TRUE,Synthetic documented retail takings
TXN-0002342,ACC-00064,2026-09-07T13:59:00,12155.66,VRD,DEBIT,MOBILE,TRANSFER,EXT-VERDANA,Fictional Counterparty,VD,,DEV-0056,FALSE,Synthetic routine activity
TXN-0002343,ACC-00089,2026-09-07T13:59:00,1511.70,VRD,DEBIT,MOBILE,TRANSFER,EXT-VERDANA,Fictional Counterparty,VD,,DEV-0031,FALSE,Synthetic routine activity
TXN-0002344,ACC-00114,2026-09-07T13:59:00,12279.56,VRD,DEBIT,MOBILE,TRANSFER,EXT-VERDANA,Fictional Counterparty,VD,,DEV-0006,FALSE,Synthetic routine activity
TXN-0002345,ACC-00021,2026-09-07T15:15:00,5698.96,VRD,DEBIT,CARD,PURCHASE,EXT-VERDANA,Fictional Counterparty,VD,,DEV-0007,FALSE,Synthetic routine activity
TXN-0002346,ACC-00046,2026-09-07T15:15:00,12661.93,VRD,DEBIT,CARD,PURCHASE,EXT-VERDANA,Fictional Counterparty,VD,,DEV-0042,FALSE,Synthetic routine activity
TXN-0002347,ACC-00071,2026-09-07T15:15:00,4788.99,VRD,CREDIT,CARD,PURCHASE,EXT-VERDANA,Fictional Counterparty,VD,,DEV-0017,FALSE,Synthetic routine activity
TXN-0002348,ACC-00098,2026-09-07T17:21:00,3273.17,VRD,DEBIT,CARD,PURCHASE,EXT-VERDANA,Fictional Counterparty,VD,,DEV-0008,FALSE,Synthetic routine activity
TXN-0002349,ACC-00123,2026-09-07T17:21:00,10798.91,VRD,DEBIT,CARD,PURCHASE,EXT-VERDANA,Fictional Counterparty,VD,,DEV-0043,FALSE,Synthetic routine activity
TXN-0002350,ACC-00003,2026-09-07T17:31:00,3177.59,VRD,CREDIT,TRANSFER,TRANSFER,EXT-VERDANA,Fictional Counterparty,VD,,DEV-0053,FALSE,Synthetic routine activity
TXN-0002351,ACC-00100,2026-09-08T08:40:00,7152.58,VRD,CREDIT,TRANSFER,TRANSFER,EXT-VERDANA,Fictional Counterparty,VD,,DEV-0043,FALSE,Synthetic routine activity
TXN-0002352,ACC-00125,2026-09-08T08:40:00,12784.99,VRD,DEBIT,TRANSFER,TRANSFER,EXT-VERDANA,Fictional Counterparty,VD,,DEV-0018,FALSE,Synthetic routine activity
TXN-0002353,ACC-00005,2026-09-08T08:50:00,11645.92,VRD,DEBIT,MOBILE,TRANSFER,EXT-VERDANA,Fictional Counterparty,VD,,DEV-0028,FALSE,Synthetic routine activity
TXN-0002354,ACC-00032,2026-09-08T10:56:00,4197.99,VRD,CREDIT,MOBILE,TRANSFER,EXT-VERDANA,Fictional Counterparty,VD,,DEV-0019,FALSE,Synthetic routine activity
TXN-0002355,ACC-00057,2026-09-08T10:56:00,6224.44,VRD,DEBIT,MOBILE,TRANSFER,EXT-VERDANA,Fictional Counterparty,VD,,DEV-0054,FALSE,Synthetic routine activity
TXN-0002356,ACC-00082,2026-09-08T10:56:00,6108.69,VRD,DEBIT,MOBILE,TRANSFER,EXT-VERDANA,Fictional Counterparty,VD,,DEV-0029,FALSE,Synthetic routine activity
TXN-0002357,ACC-00107,2026-09-08T10:56:00,11995.68,VRD,DEBIT,MOBILE,TRANSFER,EXT-VERDANA,Fictional Counterparty,VD,,DEV-0004,FALSE,Synthetic routine activity
TXN-0002358,ACC-00014,2026-09-08T12:12:00,4791.20,VRD,DEBIT,CARD,PURCHASE,EXT-VERDANA,Fictional Counterparty,VD,,DEV-0005,FALSE,Synthetic routine activity
TXN-0002359,ACC-00039,2026-09-08T12:12:00,6046.79,VRD,DEBIT,CARD,PURCHASE,EXT-VERDANA,Fictional Counterparty,VD,,DEV-0040,FALSE,Synthetic routine activity
TXN-0002360,ACC-00031,2026-09-08T14:00:00,44954.00,VRD,CREDIT,CASH,CASH_DEPOSIT,EXT-VERDANA,Fictional Counterparty,VD,,DEV-0045,TRUE,Synthetic documented retail takings
TXN-0002361,ACC-00032,2026-09-08T14:00:00,45539.00,VRD,CREDIT,CASH,CASH_DEPOSIT,EXT-VERDANA,Fictional Counterparty,VD,,DEV-0001,TRUE,Synthetic documented retail takings
TXN-0002362,ACC-00033,2026-09-08T14:00:00,41446.00,VRD,CREDIT,CASH,CASH_DEPOSIT,EXT-VERDANA,Fictional Counterparty,VD,,DEV-0017,TRUE,Synthetic documented retail takings
TXN-0002363,ACC-00034,2026-09-08T14:00:00,43390.00,VRD,CREDIT,CASH,CASH_DEPOSIT,EXT-VERDANA,Fictional Counterparty,VD,,DEV-0033,TRUE,Synthetic documented retail takings
TXN-0002364,ACC-00035,2026-09-08T14:00:00,44039.00,VRD,CREDIT,CASH,CASH_DEPOSIT,EXT-VERDANA,Fictional Counterparty,VD,,DEV-0049,TRUE,Synthetic documented retail takings
TXN-0002365,ACC-00036,2026-09-08T14:00:00,46705.00,VRD,CREDIT,CASH,CASH_DEPOSIT,EXT-VERDANA,Fictional Counterparty,VD,,DEV-0005,TRUE,Synthetic documented retail takings
TXN-0002366,ACC-00037,2026-09-08T14:00:00,45386.00,VRD,CREDIT,CASH,CASH_DEPOSIT,EXT-VERDANA,Fictional Counterparty,VD,,DEV-0021,TRUE,Synthetic documented retail takings
TXN-0002367,ACC-00038,2026-09-08T14:00:00,46081.00,VRD,CREDIT,CASH,CASH_DEPOSIT,EXT-VERDANA,Fictional Counterparty,VD,,DEV-0037,TRUE,Synthetic documented retail takings
TXN-0002368,ACC-00039,2026-09-08T14:00:00,46138.00,VRD,CREDIT,CASH,CASH_DEPOSIT,EXT-VERDANA,Fictional Counterparty,VD,,DEV-0053,TRUE,Synthetic documented retail takings
TXN-0002369,ACC-00040,2026-09-08T14:00:00,41101.00,VRD,CREDIT,CASH,CASH_DEPOSIT,EXT-VERDANA,Fictional Counterparty,VD,,DEV-0009,TRUE,Synthetic documented retail takings
TXN-0002370,ACC-00041,2026-09-08T14:00:00,41820.00,VRD,CREDIT,CASH,CASH_DEPOSIT,EXT-VERDANA,Fictional Counterparty,VD,,DEV-0025,TRUE,Synthetic documented retail takings
TXN-0002371,ACC-00042,2026-09-08T14:00:00,44875.00,VRD,CREDIT,CASH,CASH_DEPOSIT,EXT-VERDANA,Fictional Counterparty,VD,,DEV-0041,TRUE,Synthetic documented retail takings
TXN-0002372,ACC-00066,2026-09-08T14:18:00,4406.53,VRD,CREDIT,CARD,PURCHASE,EXT-VERDANA,Fictional Counterparty,VD,,DEV-0031,FALSE,Synthetic routine activity
TXN-0002373,ACC-00091,2026-09-08T14:18:00,11685.84,VRD,DEBIT,CARD,PURCHASE,EXT-VERDANA,Fictional Counterparty,VD,,DEV-0006,FALSE,Synthetic routine activity
TXN-0002374,ACC-00116,2026-09-08T14:18:00,14073.31,VRD,DEBIT,CARD,PURCHASE,EXT-VERDANA,Fictional Counterparty,VD,,DEV-0041,FALSE,Synthetic routine activity
TXN-0002375,ACC-00001,2026-09-08T15:05:00,48151.00,VRD,CREDIT,CASH,CASH_DEPOSIT,EXT-VERDANA,Fictional Counterparty,VD,,DEV-0006,TRUE,Synthetic planted structuring cash credit
TXN-0002376,ACC-00002,2026-09-08T15:05:00,48766.00,VRD,CREDIT,CASH,CASH_DEPOSIT,EXT-VERDANA,Fictional Counterparty,VD,,DEV-0026,TRUE,Synthetic planted structuring cash credit
TXN-0002377,ACC-00003,2026-09-08T15:05:00,48702.00,VRD,CREDIT,CASH,CASH_DEPOSIT,EXT-VERDANA,Fictional Counterparty,VD,,DEV-0046,TRUE,Synthetic planted structuring cash credit
TXN-0002378,ACC-00004,2026-09-08T15:05:00,48926.00,VRD,CREDIT,CASH,CASH_DEPOSIT,EXT-VERDANA,Fictional Counterparty,VD,,DEV-0006,TRUE,Synthetic planted structuring cash credit
TXN-0002379,ACC-00005,2026-09-08T15:05:00,48699.00,VRD,CREDIT,CASH,CASH_DEPOSIT,EXT-VERDANA,Fictional Counterparty,VD,,DEV-0026,TRUE,Synthetic planted structuring cash credit
TXN-0002380,ACC-00006,2026-09-08T15:05:00,48421.00,VRD,CREDIT,CASH,CASH_DEPOSIT,EXT-VERDANA,Fictional Counterparty,VD,,DEV-0046,TRUE,Synthetic planted structuring cash credit
TXN-0002381,ACC-00007,2026-09-08T15:05:00,48019.00,VRD,CREDIT,CASH,CASH_DEPOSIT,EXT-VERDANA,Fictional Counterparty,VD,,DEV-0006,TRUE,Synthetic planted structuring cash credit
TXN-0002382,ACC-00008,2026-09-08T15:05:00,48224.00,VRD,CREDIT,CASH,CASH_DEPOSIT,EXT-VERDANA,Fictional Counterparty,VD,,DEV-0026,TRUE,Synthetic planted structuring cash credit
TXN-0002383,ACC-00009,2026-09-08T15:05:00,48272.00,VRD,CREDIT,CASH,CASH_DEPOSIT,EXT-VERDANA,Fictional Counterparty,VD,,DEV-0046,TRUE,Synthetic planted structuring cash credit
TXN-0002384,ACC-00010,2026-09-08T15:05:00,48242.00,VRD,CREDIT,CASH,CASH_DEPOSIT,EXT-VERDANA,Fictional Counterparty,VD,,DEV-0006,TRUE,Synthetic planted structuring cash credit
TXN-0002385,ACC-00011,2026-09-08T15:05:00,48856.00,VRD,CREDIT,CASH,CASH_DEPOSIT,EXT-VERDANA,Fictional Counterparty,VD,,DEV-0026,TRUE,Synthetic planted structuring cash credit
TXN-0002386,ACC-00012,2026-09-08T15:05:00,48939.00,VRD,CREDIT,CASH,CASH_DEPOSIT,EXT-VERDANA,Fictional Counterparty,VD,,DEV-0046,TRUE,Synthetic planted structuring cash credit
TXN-0002387,ACC-00013,2026-09-08T15:05:00,48792.00,VRD,CREDIT,CASH,CASH_DEPOSIT,EXT-VERDANA,Fictional Counterparty,VD,,DEV-0006,TRUE,Synthetic planted structuring cash credit
TXN-0002388,ACC-00014,2026-09-08T15:05:00,48161.00,VRD,CREDIT,CASH,CASH_DEPOSIT,EXT-VERDANA,Fictional Counterparty,VD,,DEV-0026,TRUE,Synthetic planted structuring cash credit
TXN-0002389,ACC-00015,2026-09-08T15:05:00,48228.00,VRD,CREDIT,CASH,CASH_DEPOSIT,EXT-VERDANA,Fictional Counterparty,VD,,DEV-0046,TRUE,Synthetic planted structuring cash credit
TXN-0002390,ACC-00016,2026-09-08T15:05:00,48789.00,VRD,CREDIT,CASH,CASH_DEPOSIT,EXT-VERDANA,Fictional Counterparty,VD,,DEV-0006,TRUE,Synthetic planted structuring cash credit
TXN-0002391,ACC-00017,2026-09-08T15:05:00,48079.00,VRD,CREDIT,CASH,CASH_DEPOSIT,EXT-VERDANA,Fictional Counterparty,VD,,DEV-0026,TRUE,Synthetic planted structuring cash credit
TXN-0002392,ACC-00018,2026-09-08T15:05:00,48255.00,VRD,CREDIT,CASH,CASH_DEPOSIT,EXT-VERDANA,Fictional Counterparty,VD,,DEV-0046,TRUE,Synthetic planted structuring cash credit
TXN-0002393,ACC-00019,2026-09-08T15:05:00,48387.00,VRD,CREDIT,CASH,CASH_DEPOSIT,EXT-VERDANA,Fictional Counterparty,VD,,DEV-0006,TRUE,Synthetic planted structuring cash credit
TXN-0002394,ACC-00020,2026-09-08T15:05:00,48301.00,VRD,CREDIT,CASH,CASH_DEPOSIT,EXT-VERDANA,Fictional Counterparty,VD,,DEV-0026,TRUE,Synthetic planted structuring cash credit
TXN-0002395,ACC-00023,2026-09-08T16:34:00,14482.53,VRD,DEBIT,TRANSFER,TRANSFER,EXT-VERDANA,Fictional Counterparty,VD,,DEV-0042,FALSE,Synthetic routine activity
TXN-0002396,ACC-00048,2026-09-08T16:34:00,14695.03,VRD,DEBIT,TRANSFER,TRANSFER,EXT-VERDANA,Fictional Counterparty,VD,,DEV-0017,FALSE,Synthetic routine activity
TXN-0002397,ACC-00073,2026-09-08T16:34:00,1708.16,VRD,DEBIT,TRANSFER,TRANSFER,EXT-VERDANA,Fictional Counterparty,VD,,DEV-0052,FALSE,Synthetic routine activity
TXN-0002398,ACC-00001,2026-09-09T09:06:00,48093.00,VRD,CREDIT,CASH,CASH_DEPOSIT,EXT-VERDANA,Fictional Counterparty,VD,,DEV-0007,TRUE,Synthetic planted structuring cash credit
TXN-0002399,ACC-00002,2026-09-09T09:06:00,48563.00,VRD,CREDIT,CASH,CASH_DEPOSIT,EXT-VERDANA,Fictional Counterparty,VD,,DEV-0027,TRUE,Synthetic planted structuring cash credit
TXN-0002400,ACC-00003,2026-09-09T09:06:00,48645.00,VRD,CREDIT,CASH,CASH_DEPOSIT,EXT-VERDANA,Fictional Counterparty,VD,,DEV-0047,TRUE,Synthetic planted structuring cash credit
TXN-0002401,ACC-00004,2026-09-09T09:06:00,48867.00,VRD,CREDIT,CASH,CASH_DEPOSIT,EXT-VERDANA,Fictional Counterparty,VD,,DEV-0007,TRUE,Synthetic planted structuring cash credit
TXN-0002402,ACC-00005,2026-09-09T09:06:00,48436.00,VRD,CREDIT,CASH,CASH_DEPOSIT,EXT-VERDANA,Fictional Counterparty,VD,,DEV-0027,TRUE,Synthetic planted structuring cash credit
TXN-0002403,ACC-00006,2026-09-09T09:06:00,48903.00,VRD,CREDIT,CASH,CASH_DEPOSIT,EXT-VERDANA,Fictional Counterparty,VD,,DEV-0047,TRUE,Synthetic planted structuring cash credit
TXN-0002404,ACC-00007,2026-09-09T09:06:00,48391.00,VRD,CREDIT,CASH,CASH_DEPOSIT,EXT-VERDANA,Fictional Counterparty,VD,,DEV-0007,TRUE,Synthetic planted structuring cash credit
TXN-0002405,ACC-00008,2026-09-09T09:06:00,48030.00,VRD,CREDIT,CASH,CASH_DEPOSIT,EXT-VERDANA,Fictional Counterparty,VD,,DEV-0027,TRUE,Synthetic planted structuring cash credit
TXN-0002406,ACC-00009,2026-09-09T09:06:00,48546.00,VRD,CREDIT,CASH,CASH_DEPOSIT,EXT-VERDANA,Fictional Counterparty,VD,,DEV-0047,TRUE,Synthetic planted structuring cash credit
TXN-0002407,ACC-00010,2026-09-09T09:06:00,48606.00,VRD,CREDIT,CASH,CASH_DEPOSIT,EXT-VERDANA,Fictional Counterparty,VD,,DEV-0007,TRUE,Synthetic planted structuring cash credit
TXN-0002408,ACC-00011,2026-09-09T09:06:00,48829.00,VRD,CREDIT,CASH,CASH_DEPOSIT,EXT-VERDANA,Fictional Counterparty,VD,,DEV-0027,TRUE,Synthetic planted structuring cash credit
TXN-0002409,ACC-00012,2026-09-09T09:06:00,48628.00,VRD,CREDIT,CASH,CASH_DEPOSIT,EXT-VERDANA,Fictional Counterparty,VD,,DEV-0047,TRUE,Synthetic planted structuring cash credit
TXN-0002410,ACC-00013,2026-09-09T09:06:00,48113.00,VRD,CREDIT,CASH,CASH_DEPOSIT,EXT-VERDANA,Fictional Counterparty,VD,,DEV-0007,TRUE,Synthetic planted structuring cash credit
TXN-0002411,ACC-00014,2026-09-09T09:06:00,48749.00,VRD,CREDIT,CASH,CASH_DEPOSIT,EXT-VERDANA,Fictional Counterparty,VD,,DEV-0027,TRUE,Synthetic planted structuring cash credit
TXN-0002412,ACC-00015,2026-09-09T09:06:00,48681.00,VRD,CREDIT,CASH,CASH_DEPOSIT,EXT-VERDANA,Fictional Counterparty,VD,,DEV-0047,TRUE,Synthetic planted structuring cash credit
TXN-0002413,ACC-00016,2026-09-09T09:06:00,48988.00,VRD,CREDIT,CASH,CASH_DEPOSIT,EXT-VERDANA,Fictional Counterparty,VD,,DEV-0007,TRUE,Synthetic planted structuring cash credit
TXN-0002414,ACC-00017,2026-09-09T09:06:00,48243.00,VRD,CREDIT,CASH,CASH_DEPOSIT,EXT-VERDANA,Fictional Counterparty,VD,,DEV-0027,TRUE,Synthetic planted structuring cash credit
TXN-0002415,ACC-00018,2026-09-09T09:06:00,48709.00,VRD,CREDIT,CASH,CASH_DEPOSIT,EXT-VERDANA,Fictional Counterparty,VD,,DEV-0047,TRUE,Synthetic planted structuring cash credit
TXN-0002416,ACC-00019,2026-09-09T09:06:00,48359.00,VRD,CREDIT,CASH,CASH_DEPOSIT,EXT-VERDANA,Fictional Counterparty,VD,,DEV-0007,TRUE,Synthetic planted structuring cash credit
TXN-0002417,ACC-00020,2026-09-09T09:06:00,48020.00,VRD,CREDIT,CASH,CASH_DEPOSIT,EXT-VERDANA,Fictional Counterparty,VD,,DEV-0027,TRUE,Synthetic planted structuring cash credit
TXN-0002418,ACC-00007,2026-09-09T09:09:00,7432.27,VRD,DEBIT,CARD,PURCHASE,EXT-VERDANA,Fictional Counterparty,VD,,DEV-0003,FALSE,Synthetic routine activity
TXN-0002419,ACC-00127,2026-09-09T09:59:00,3438.28,VRD,CREDIT,MOBILE,TRANSFER,EXT-VERDANA,Fictional Counterparty,VD,,DEV-0053,FALSE,Synthetic routine activity
TXN-0002420,ACC-00059,2026-09-09T11:15:00,1172.57,VRD,CREDIT,CARD,PURCHASE,EXT-VERDANA,Fictional Counterparty,VD,,DEV-0029,FALSE,Synthetic routine activity
TXN-0002421,ACC-00084,2026-09-09T11:15:00,11474.67,VRD,DEBIT,CARD,PURCHASE,EXT-VERDANA,Fictional Counterparty,VD,,DEV-0004,FALSE,Synthetic routine activity
TXN-0002422,ACC-00109,2026-09-09T11:15:00,7912.40,VRD,DEBIT,CARD,PURCHASE,EXT-VERDANA,Fictional Counterparty,VD,,DEV-0039,FALSE,Synthetic routine activity
TXN-0002423,ACC-00016,2026-09-09T13:31:00,13878.58,VRD,DEBIT,TRANSFER,TRANSFER,EXT-VERDANA,Fictional Counterparty,VD,,DEV-0040,FALSE,Synthetic routine activity
TXN-0002424,ACC-00041,2026-09-09T13:31:00,10951.32,VRD,DEBIT,TRANSFER,TRANSFER,EXT-VERDANA,Fictional Counterparty,VD,,DEV-0015,FALSE,Synthetic routine activity
TXN-0002425,ACC-00031,2026-09-09T15:00:00,46771.00,VRD,CREDIT,CASH,CASH_DEPOSIT,EXT-VERDANA,Fictional Counterparty,VD,,DEV-0046,TRUE,Synthetic documented retail takings
TXN-0002426,ACC-00032,2026-09-09T15:00:00,46914.00,VRD,CREDIT,CASH,CASH_DEPOSIT,EXT-VERDANA,Fictional Counterparty,VD,,DEV-0002,TRUE,Synthetic documented retail takings
TXN-0002427,ACC-00033,2026-09-09T15:00:00,43955.00,VRD,CREDIT,CASH,CASH_DEPOSIT,EXT-VERDANA,Fictional Counterparty,VD,,DEV-0018,TRUE,Synthetic documented retail takings
TXN-0002428,ACC-00034,2026-09-09T15:00:00,41671.00,VRD,CREDIT,CASH,CASH_DEPOSIT,EXT-VERDANA,Fictional Counterparty,VD,,DEV-0034,TRUE,Synthetic documented retail takings
TXN-0002429,ACC-00035,2026-09-09T15:00:00,44124.00,VRD,CREDIT,CASH,CASH_DEPOSIT,EXT-VERDANA,Fictional Counterparty,VD,,DEV-0050,TRUE,Synthetic documented retail takings
TXN-0002430,ACC-00036,2026-09-09T15:00:00,46467.00,VRD,CREDIT,CASH,CASH_DEPOSIT,EXT-VERDANA,Fictional Counterparty,VD,,DEV-0006,TRUE,Synthetic documented retail takings
TXN-0002431,ACC-00037,2026-09-09T15:00:00,46628.00,VRD,CREDIT,CASH,CASH_DEPOSIT,EXT-VERDANA,Fictional Counterparty,VD,,DEV-0022,TRUE,Synthetic documented retail takings
TXN-0002432,ACC-00038,2026-09-09T15:00:00,42207.00,VRD,CREDIT,CASH,CASH_DEPOSIT,EXT-VERDANA,Fictional Counterparty,VD,,DEV-0038,TRUE,Synthetic documented retail takings
TXN-0002433,ACC-00039,2026-09-09T15:00:00,42211.00,VRD,CREDIT,CASH,CASH_DEPOSIT,EXT-VERDANA,Fictional Counterparty,VD,,DEV-0054,TRUE,Synthetic documented retail takings
TXN-0002434,ACC-00040,2026-09-09T15:00:00,47443.00,VRD,CREDIT,CASH,CASH_DEPOSIT,EXT-VERDANA,Fictional Counterparty,VD,,DEV-0010,TRUE,Synthetic documented retail takings
TXN-0002435,ACC-00041,2026-09-09T15:00:00,41865.00,VRD,CREDIT,CASH,CASH_DEPOSIT,EXT-VERDANA,Fictional Counterparty,VD,,DEV-0026,TRUE,Synthetic documented retail takings
TXN-0002436,ACC-00042,2026-09-09T15:00:00,41306.00,VRD,CREDIT,CASH,CASH_DEPOSIT,EXT-VERDANA,Fictional Counterparty,VD,,DEV-0042,TRUE,Synthetic documented retail takings
TXN-0002437,ACC-00093,2026-09-09T15:37:00,8755.37,VRD,CREDIT,TRANSFER,TRANSFER,EXT-VERDANA,Fictional Counterparty,VD,,DEV-0041,FALSE,Synthetic routine activity
TXN-0002438,ACC-00118,2026-09-09T15:37:00,14551.20,VRD,DEBIT,TRANSFER,TRANSFER,EXT-VERDANA,Fictional Counterparty,VD,,DEV-0016,FALSE,Synthetic routine activity
TXN-0002439,ACC-00025,2026-09-09T17:53:00,4551.25,VRD,CREDIT,MOBILE,TRANSFER,EXT-VERDANA,Fictional Counterparty,VD,,DEV-0017,FALSE,Synthetic routine activity
TXN-0002440,ACC-00050,2026-09-09T17:53:00,2124.89,VRD,DEBIT,MOBILE,TRANSFER,EXT-VERDANA,Fictional Counterparty,VD,,DEV-0052,FALSE,Synthetic routine activity
TXN-0002441,ACC-00075,2026-09-09T17:53:00,13065.73,VRD,DEBIT,MOBILE,TRANSFER,EXT-VERDANA,Fictional Counterparty,VD,,DEV-0027,FALSE,Synthetic routine activity
TXN-0002442,ACC-00027,2026-09-10T08:12:00,6434.81,VRD,DEBIT,CARD,PURCHASE,EXT-VERDANA,Fictional Counterparty,VD,,DEV-0052,FALSE,Synthetic routine activity
TXN-0002443,ACC-00052,2026-09-10T08:12:00,6236.71,VRD,CREDIT,CARD,PURCHASE,EXT-VERDANA,Fictional Counterparty,VD,,DEV-0027,FALSE,Synthetic routine activity
TXN-0002444,ACC-00077,2026-09-10T08:12:00,8663.65,VRD,DEBIT,CARD,PURCHASE,EXT-VERDANA,Fictional Counterparty,VD,,DEV-0002,FALSE,Synthetic routine activity
TXN-0002445,ACC-00129,2026-09-10T10:18:00,7267.89,VRD,DEBIT,CARD,PURCHASE,EXT-VERDANA,Fictional Counterparty,VD,,DEV-0028,FALSE,Synthetic routine activity
TXN-0002446,ACC-00009,2026-09-10T10:28:00,7096.93,VRD,DEBIT,TRANSFER,TRANSFER,EXT-VERDANA,Fictional Counterparty,VD,,DEV-0038,FALSE,Synthetic routine activity
TXN-0002447,ACC-00001,2026-09-10T12:07:00,48728.00,VRD,CREDIT,CASH,CASH_DEPOSIT,EXT-VERDANA,Fictional Counterparty,VD,,DEV-0008,TRUE,Synthetic planted structuring cash credit
TXN-0002448,ACC-00002,2026-09-10T12:07:00,48255.00,VRD,CREDIT,CASH,CASH_DEPOSIT,EXT-VERDANA,Fictional Counterparty,VD,,DEV-0028,TRUE,Synthetic planted structuring cash credit
TXN-0002449,ACC-00003,2026-09-10T12:07:00,48960.00,VRD,CREDIT,CASH,CASH_DEPOSIT,EXT-VERDANA,Fictional Counterparty,VD,,DEV-0048,TRUE,Synthetic planted structuring cash credit
TXN-0002450,ACC-00004,2026-09-10T12:07:00,48849.00,VRD,CREDIT,CASH,CASH_DEPOSIT,EXT-VERDANA,Fictional Counterparty,VD,,DEV-0008,TRUE,Synthetic planted structuring cash credit
TXN-0002451,ACC-00005,2026-09-10T12:07:00,48176.00,VRD,CREDIT,CASH,CASH_DEPOSIT,EXT-VERDANA,Fictional Counterparty,VD,,DEV-0028,TRUE,Synthetic planted structuring cash credit
TXN-0002452,ACC-00006,2026-09-10T12:07:00,48563.00,VRD,CREDIT,CASH,CASH_DEPOSIT,EXT-VERDANA,Fictional Counterparty,VD,,DEV-0048,TRUE,Synthetic planted structuring cash credit
TXN-0002453,ACC-00007,2026-09-10T12:07:00,48800.00,VRD,CREDIT,CASH,CASH_DEPOSIT,EXT-VERDANA,Fictional Counterparty,VD,,DEV-0008,TRUE,Synthetic planted structuring cash credit
TXN-0002454,ACC-00008,2026-09-10T12:07:00,48917.00,VRD,CREDIT,CASH,CASH_DEPOSIT,EXT-VERDANA,Fictional Counterparty,VD,,DEV-0028,TRUE,Synthetic planted structuring cash credit
TXN-0002455,ACC-00009,2026-09-10T12:07:00,48835.00,VRD,CREDIT,CASH,CASH_DEPOSIT,EXT-VERDANA,Fictional Counterparty,VD,,DEV-0048,TRUE,Synthetic planted structuring cash credit
TXN-0002456,ACC-00010,2026-09-10T12:07:00,48325.00,VRD,CREDIT,CASH,CASH_DEPOSIT,EXT-VERDANA,Fictional Counterparty,VD,,DEV-0008,TRUE,Synthetic planted structuring cash credit
TXN-0002457,ACC-00011,2026-09-10T12:07:00,48902.00,VRD,CREDIT,CASH,CASH_DEPOSIT,EXT-VERDANA,Fictional Counterparty,VD,,DEV-0028,TRUE,Synthetic planted structuring cash credit
TXN-0002458,ACC-00012,2026-09-10T12:07:00,48206.00,VRD,CREDIT,CASH,CASH_DEPOSIT,EXT-VERDANA,Fictional Counterparty,VD,,DEV-0048,TRUE,Synthetic planted structuring cash credit
TXN-0002459,ACC-00013,2026-09-10T12:07:00,48866.00,VRD,CREDIT,CASH,CASH_DEPOSIT,EXT-VERDANA,Fictional Counterparty,VD,,DEV-0008,TRUE,Synthetic planted structuring cash credit
TXN-0002460,ACC-00014,2026-09-10T12:07:00,48971.00,VRD,CREDIT,CASH,CASH_DEPOSIT,EXT-VERDANA,Fictional Counterparty,VD,,DEV-0028,TRUE,Synthetic planted structuring cash credit
TXN-0002461,ACC-00015,2026-09-10T12:07:00,48603.00,VRD,CREDIT,CASH,CASH_DEPOSIT,EXT-VERDANA,Fictional Counterparty,VD,,DEV-0048,TRUE,Synthetic planted structuring cash credit
TXN-0002462,ACC-00016,2026-09-10T12:07:00,48581.00,VRD,CREDIT,CASH,CASH_DEPOSIT,EXT-VERDANA,Fictional Counterparty,VD,,DEV-0008,TRUE,Synthetic planted structuring cash credit
TXN-0002463,ACC-00017,2026-09-10T12:07:00,48355.00,VRD,CREDIT,CASH,CASH_DEPOSIT,EXT-VERDANA,Fictional Counterparty,VD,,DEV-0028,TRUE,Synthetic planted structuring cash credit
TXN-0002464,ACC-00018,2026-09-10T12:07:00,48069.00,VRD,CREDIT,CASH,CASH_DEPOSIT,EXT-VERDANA,Fictional Counterparty,VD,,DEV-0048,TRUE,Synthetic planted structuring cash credit
TXN-0002465,ACC-00019,2026-09-10T12:07:00,48559.00,VRD,CREDIT,CASH,CASH_DEPOSIT,EXT-VERDANA,Fictional Counterparty,VD,,DEV-0008,TRUE,Synthetic planted structuring cash credit
TXN-0002466,ACC-00020,2026-09-10T12:07:00,48326.00,VRD,CREDIT,CASH,CASH_DEPOSIT,EXT-VERDANA,Fictional Counterparty,VD,,DEV-0028,TRUE,Synthetic planted structuring cash credit
TXN-0002467,ACC-00061,2026-09-10T12:34:00,1888.39,VRD,DEBIT,TRANSFER,TRANSFER,EXT-VERDANA,Fictional Counterparty,VD,,DEV-0004,FALSE,Synthetic routine activity
TXN-0002468,ACC-00086,2026-09-10T12:34:00,3659.14,VRD,CREDIT,TRANSFER,TRANSFER,EXT-VERDANA,Fictional Counterparty,VD,,DEV-0039,FALSE,Synthetic routine activity
TXN-0002469,ACC-00111,2026-09-10T12:34:00,6931.75,VRD,DEBIT,TRANSFER,TRANSFER,EXT-VERDANA,Fictional Counterparty,VD,,DEV-0014,FALSE,Synthetic routine activity
TXN-0002470,ACC-00018,2026-09-10T14:50:00,11426.52,VRD,CREDIT,MOBILE,TRANSFER,EXT-VERDANA,Fictional Counterparty,VD,,DEV-0015,FALSE,Synthetic routine activity
TXN-0002471,ACC-00043,2026-09-10T14:50:00,10793.12,VRD,DEBIT,MOBILE,TRANSFER,EXT-VERDANA,Fictional Counterparty,VD,,DEV-0050,FALSE,Synthetic routine activity
TXN-0002472,ACC-00031,2026-09-10T16:00:00,41253.00,VRD,CREDIT,CASH,CASH_DEPOSIT,EXT-VERDANA,Fictional Counterparty,VD,,DEV-0047,TRUE,Synthetic documented retail takings
TXN-0002473,ACC-00032,2026-09-10T16:00:00,46979.00,VRD,CREDIT,CASH,CASH_DEPOSIT,EXT-VERDANA,Fictional Counterparty,VD,,DEV-0003,TRUE,Synthetic documented retail takings
TXN-0002474,ACC-00033,2026-09-10T16:00:00,41031.00,VRD,CREDIT,CASH,CASH_DEPOSIT,EXT-VERDANA,Fictional Counterparty,VD,,DEV-0019,TRUE,Synthetic documented retail takings
TXN-0002475,ACC-00034,2026-09-10T16:00:00,44879.00,VRD,CREDIT,CASH,CASH_DEPOSIT,EXT-VERDANA,Fictional Counterparty,VD,,DEV-0035,TRUE,Synthetic documented retail takings
TXN-0002476,ACC-00035,2026-09-10T16:00:00,44026.00,VRD,CREDIT,CASH,CASH_DEPOSIT,EXT-VERDANA,Fictional Counterparty,VD,,DEV-0051,TRUE,Synthetic documented retail takings
TXN-0002477,ACC-00036,2026-09-10T16:00:00,41792.00,VRD,CREDIT,CASH,CASH_DEPOSIT,EXT-VERDANA,Fictional Counterparty,VD,,DEV-0007,TRUE,Synthetic documented retail takings
TXN-0002478,ACC-00037,2026-09-10T16:00:00,44889.00,VRD,CREDIT,CASH,CASH_DEPOSIT,EXT-VERDANA,Fictional Counterparty,VD,,DEV-0023,TRUE,Synthetic documented retail takings
TXN-0002479,ACC-00038,2026-09-10T16:00:00,41985.00,VRD,CREDIT,CASH,CASH_DEPOSIT,EXT-VERDANA,Fictional Counterparty,VD,,DEV-0039,TRUE,Synthetic documented retail takings
TXN-0002480,ACC-00039,2026-09-10T16:00:00,45874.00,VRD,CREDIT,CASH,CASH_DEPOSIT,EXT-VERDANA,Fictional Counterparty,VD,,DEV-0055,TRUE,Synthetic documented retail takings
TXN-0002481,ACC-00040,2026-09-10T16:00:00,46737.00,VRD,CREDIT,CASH,CASH_DEPOSIT,EXT-VERDANA,Fictional Counterparty,VD,,DEV-0011,TRUE,Synthetic documented retail takings
TXN-0002482,ACC-00041,2026-09-10T16:00:00,45609.00,VRD,CREDIT,CASH,CASH_DEPOSIT,EXT-VERDANA,Fictional Counterparty,VD,,DEV-0027,TRUE,Synthetic documented retail takings
TXN-0002483,ACC-00042,2026-09-10T16:00:00,42410.00,VRD,CREDIT,CASH,CASH_DEPOSIT,EXT-VERDANA,Fictional Counterparty,VD,,DEV-0043,TRUE,Synthetic documented retail takings
TXN-0002484,ACC-00095,2026-09-10T16:56:00,7869.47,VRD,DEBIT,MOBILE,TRANSFER,EXT-VERDANA,Fictional Counterparty,VD,,DEV-0016,FALSE,Synthetic routine activity
TXN-0002485,ACC-00120,2026-09-10T16:56:00,13172.96,VRD,CREDIT,MOBILE,TRANSFER,EXT-VERDANA,Fictional Counterparty,VD,,DEV-0051,FALSE,Synthetic routine activity
TXN-0002486,ACC-00029,2026-09-11T09:31:00,13491.02,VRD,DEBIT,TRANSFER,TRANSFER,EXT-VERDANA,Fictional Counterparty,VD,,DEV-0027,FALSE,Synthetic routine activity
TXN-0002487,ACC-00054,2026-09-11T09:31:00,7447.62,VRD,DEBIT,TRANSFER,TRANSFER,EXT-VERDANA,Fictional Counterparty,VD,,DEV-0002,FALSE,Synthetic routine activity
TXN-0002488,ACC-00079,2026-09-11T09:31:00,8693.05,VRD,CREDIT,TRANSFER,TRANSFER,EXT-VERDANA,Fictional Counterparty,VD,,DEV-0037,FALSE,Synthetic routine activity
TXN-0002489,ACC-00104,2026-09-11T09:31:00,3239.55,VRD,DEBIT,TRANSFER,TRANSFER,EXT-VERDANA,Fictional Counterparty,VD,,DEV-0012,FALSE,Synthetic routine activity
TXN-0002490,ACC-00031,2026-09-11T10:00:00,44533.00,VRD,CREDIT,CASH,CASH_DEPOSIT,EXT-VERDANA,Fictional Counterparty,VD,,DEV-0048,TRUE,Synthetic documented retail takings
TXN-0002491,ACC-00032,2026-09-11T10:00:00,45424.00,VRD,CREDIT,CASH,CASH_DEPOSIT,EXT-VERDANA,Fictional Counterparty,VD,,DEV-0004,TRUE,Synthetic documented retail takings
TXN-0002492,ACC-00033,2026-09-11T10:00:00,44502.00,VRD,CREDIT,CASH,CASH_DEPOSIT,EXT-VERDANA,Fictional Counterparty,VD,,DEV-0020,TRUE,Synthetic documented retail takings
TXN-0002493,ACC-00034,2026-09-11T10:00:00,41946.00,VRD,CREDIT,CASH,CASH_DEPOSIT,EXT-VERDANA,Fictional Counterparty,VD,,DEV-0036,TRUE,Synthetic documented retail takings
TXN-0002494,ACC-00035,2026-09-11T10:00:00,42528.00,VRD,CREDIT,CASH,CASH_DEPOSIT,EXT-VERDANA,Fictional Counterparty,VD,,DEV-0052,TRUE,Synthetic documented retail takings
TXN-0002495,ACC-00036,2026-09-11T10:00:00,41702.00,VRD,CREDIT,CASH,CASH_DEPOSIT,EXT-VERDANA,Fictional Counterparty,VD,,DEV-0008,TRUE,Synthetic documented retail takings
TXN-0002496,ACC-00037,2026-09-11T10:00:00,45691.00,VRD,CREDIT,CASH,CASH_DEPOSIT,EXT-VERDANA,Fictional Counterparty,VD,,DEV-0024,TRUE,Synthetic documented retail takings
TXN-0002497,ACC-00038,2026-09-11T10:00:00,47202.00,VRD,CREDIT,CASH,CASH_DEPOSIT,EXT-VERDANA,Fictional Counterparty,VD,,DEV-0040,TRUE,Synthetic documented retail takings
TXN-0002498,ACC-00039,2026-09-11T10:00:00,43112.00,VRD,CREDIT,CASH,CASH_DEPOSIT,EXT-VERDANA,Fictional Counterparty,VD,,DEV-0056,TRUE,Synthetic documented retail takings
TXN-0002499,ACC-00040,2026-09-11T10:00:00,46104.00,VRD,CREDIT,CASH,CASH_DEPOSIT,EXT-VERDANA,Fictional Counterparty,VD,,DEV-0012,TRUE,Synthetic documented retail takings
TXN-0002500,ACC-00041,2026-09-11T10:00:00,47386.00,VRD,CREDIT,CASH,CASH_DEPOSIT,EXT-VERDANA,Fictional Counterparty,VD,,DEV-0028,TRUE,Synthetic documented retail takings
TXN-0002501,ACC-00042,2026-09-11T10:00:00,43256.00,VRD,CREDIT,CASH,CASH_DEPOSIT,EXT-VERDANA,Fictional Counterparty,VD,,DEV-0044,TRUE,Synthetic documented retail takings
TXN-0002502,ACC-00011,2026-09-11T11:47:00,8820.10,VRD,CREDIT,MOBILE,TRANSFER,EXT-VERDANA,Fictional Counterparty,VD,,DEV-0013,FALSE,Synthetic routine activity
TXN-0002503,ACC-00036,2026-09-11T11:47:00,12129.20,VRD,DEBIT,MOBILE,TRANSFER,EXT-VERDANA,Fictional Counterparty,VD,,DEV-0048,FALSE,Synthetic routine activity
TXN-0002504,ACC-00063,2026-09-11T13:53:00,12764.57,VRD,DEBIT,MOBILE,TRANSFER,EXT-VERDANA,Fictional Counterparty,VD,,DEV-0039,FALSE,Synthetic routine activity
TXN-0002505,ACC-00088,2026-09-11T13:53:00,10570.28,VRD,DEBIT,MOBILE,TRANSFER,EXT-VERDANA,Fictional Counterparty,VD,,DEV-0014,FALSE,Synthetic routine activity
TXN-0002506,ACC-00113,2026-09-11T13:53:00,8506.21,VRD,CREDIT,MOBILE,TRANSFER,EXT-VERDANA,Fictional Counterparty,VD,,DEV-0049,FALSE,Synthetic routine activity
TXN-0002507,ACC-00001,2026-09-11T15:08:00,48254.00,VRD,CREDIT,CASH,CASH_DEPOSIT,EXT-VERDANA,Fictional Counterparty,VD,,DEV-0009,TRUE,Synthetic planted structuring cash credit
TXN-0002508,ACC-00002,2026-09-11T15:08:00,48096.00,VRD,CREDIT,CASH,CASH_DEPOSIT,EXT-VERDANA,Fictional Counterparty,VD,,DEV-0029,TRUE,Synthetic planted structuring cash credit
TXN-0002509,ACC-00003,2026-09-11T15:08:00,48660.00,VRD,CREDIT,CASH,CASH_DEPOSIT,EXT-VERDANA,Fictional Counterparty,VD,,DEV-0049,TRUE,Synthetic planted structuring cash credit
TXN-0002510,ACC-00004,2026-09-11T15:08:00,48828.00,VRD,CREDIT,CASH,CASH_DEPOSIT,EXT-VERDANA,Fictional Counterparty,VD,,DEV-0009,TRUE,Synthetic planted structuring cash credit
TXN-0002511,ACC-00005,2026-09-11T15:08:00,48362.00,VRD,CREDIT,CASH,CASH_DEPOSIT,EXT-VERDANA,Fictional Counterparty,VD,,DEV-0029,TRUE,Synthetic planted structuring cash credit
TXN-0002512,ACC-00006,2026-09-11T15:08:00,48490.00,VRD,CREDIT,CASH,CASH_DEPOSIT,EXT-VERDANA,Fictional Counterparty,VD,,DEV-0049,TRUE,Synthetic planted structuring cash credit
TXN-0002513,ACC-00007,2026-09-11T15:08:00,48730.00,VRD,CREDIT,CASH,CASH_DEPOSIT,EXT-VERDANA,Fictional Counterparty,VD,,DEV-0009,TRUE,Synthetic planted structuring cash credit
TXN-0002514,ACC-00008,2026-09-11T15:08:00,48830.00,VRD,CREDIT,CASH,CASH_DEPOSIT,EXT-VERDANA,Fictional Counterparty,VD,,DEV-0029,TRUE,Synthetic planted structuring cash credit
TXN-0002515,ACC-00009,2026-09-11T15:08:00,48810.00,VRD,CREDIT,CASH,CASH_DEPOSIT,EXT-VERDANA,Fictional Counterparty,VD,,DEV-0049,TRUE,Synthetic planted structuring cash credit
TXN-0002516,ACC-00010,2026-09-11T15:08:00,48825.00,VRD,CREDIT,CASH,CASH_DEPOSIT,EXT-VERDANA,Fictional Counterparty,VD,,DEV-0009,TRUE,Synthetic planted structuring cash credit
TXN-0002517,ACC-00011,2026-09-11T15:08:00,48993.00,VRD,CREDIT,CASH,CASH_DEPOSIT,EXT-VERDANA,Fictional Counterparty,VD,,DEV-0029,TRUE,Synthetic planted structuring cash credit
TXN-0002518,ACC-00012,2026-09-11T15:08:00,48825.00,VRD,CREDIT,CASH,CASH_DEPOSIT,EXT-VERDANA,Fictional Counterparty,VD,,DEV-0049,TRUE,Synthetic planted structuring cash credit
TXN-0002519,ACC-00013,2026-09-11T15:08:00,48538.00,VRD,CREDIT,CASH,CASH_DEPOSIT,EXT-VERDANA,Fictional Counterparty,VD,,DEV-0009,TRUE,Synthetic planted structuring cash credit
TXN-0002520,ACC-00014,2026-09-11T15:08:00,48447.00,VRD,CREDIT,CASH,CASH_DEPOSIT,EXT-VERDANA,Fictional Counterparty,VD,,DEV-0029,TRUE,Synthetic planted structuring cash credit
TXN-0002521,ACC-00015,2026-09-11T15:08:00,48834.00,VRD,CREDIT,CASH,CASH_DEPOSIT,EXT-VERDANA,Fictional Counterparty,VD,,DEV-0049,TRUE,Synthetic planted structuring cash credit
TXN-0002522,ACC-00016,2026-09-11T15:08:00,48033.00,VRD,CREDIT,CASH,CASH_DEPOSIT,EXT-VERDANA,Fictional Counterparty,VD,,DEV-0009,TRUE,Synthetic planted structuring cash credit
TXN-0002523,ACC-00017,2026-09-11T15:08:00,48327.00,VRD,CREDIT,CASH,CASH_DEPOSIT,EXT-VERDANA,Fictional Counterparty,VD,,DEV-0029,TRUE,Synthetic planted structuring cash credit
TXN-0002524,ACC-00018,2026-09-11T15:08:00,48358.00,VRD,CREDIT,CASH,CASH_DEPOSIT,EXT-VERDANA,Fictional Counterparty,VD,,DEV-0049,TRUE,Synthetic planted structuring cash credit
TXN-0002525,ACC-00019,2026-09-11T15:08:00,48384.00,VRD,CREDIT,CASH,CASH_DEPOSIT,EXT-VERDANA,Fictional Counterparty,VD,,DEV-0009,TRUE,Synthetic planted structuring cash credit
TXN-0002526,ACC-00020,2026-09-11T15:08:00,48267.00,VRD,CREDIT,CASH,CASH_DEPOSIT,EXT-VERDANA,Fictional Counterparty,VD,,DEV-0029,TRUE,Synthetic planted structuring cash credit
TXN-0002527,ACC-00020,2026-09-11T15:09:00,9931.24,VRD,DEBIT,CARD,PURCHASE,EXT-VERDANA,Fictional Counterparty,VD,,DEV-0050,FALSE,Synthetic routine activity
TXN-0002528,ACC-00045,2026-09-11T15:09:00,10650.71,VRD,CREDIT,CARD,PURCHASE,EXT-VERDANA,Fictional Counterparty,VD,,DEV-0025,FALSE,Synthetic routine activity
TXN-0002529,ACC-00070,2026-09-11T15:09:00,13255.82,VRD,DEBIT,CARD,PURCHASE,EXT-VERDANA,Fictional Counterparty,VD,,DEV-0060,FALSE,Synthetic routine activity
TXN-0002530,ACC-00097,2026-09-11T17:15:00,12644.18,VRD,DEBIT,CARD,PURCHASE,EXT-VERDANA,Fictional Counterparty,VD,,DEV-0051,FALSE,Synthetic routine activity
TXN-0002531,ACC-00122,2026-09-11T17:15:00,2347.30,VRD,DEBIT,CARD,PURCHASE,EXT-VERDANA,Fictional Counterparty,VD,,DEV-0026,FALSE,Synthetic routine activity
TXN-0002532,ACC-00002,2026-09-11T17:25:00,12043.08,VRD,DEBIT,TRANSFER,TRANSFER,EXT-VERDANA,Fictional Counterparty,VD,,DEV-0036,FALSE,Synthetic routine activity
TXN-0002533,ACC-00099,2026-09-12T08:34:00,8493.02,VRD,DEBIT,TRANSFER,TRANSFER,EXT-VERDANA,Fictional Counterparty,VD,,DEV-0026,FALSE,Synthetic routine activity
TXN-0002534,ACC-00124,2026-09-12T08:34:00,12459.30,VRD,DEBIT,TRANSFER,TRANSFER,EXT-VERDANA,Fictional Counterparty,VD,,DEV-0001,FALSE,Synthetic routine activity
TXN-0002535,ACC-00004,2026-09-12T08:44:00,9697.68,VRD,CREDIT,MOBILE,TRANSFER,EXT-VERDANA,Fictional Counterparty,VD,,DEV-0011,FALSE,Synthetic routine activity
TXN-0002536,ACC-00001,2026-09-12T09:09:00,48991.00,VRD,CREDIT,CASH,CASH_DEPOSIT,EXT-VERDANA,Fictional Counterparty,VD,,DEV-0010,TRUE,Synthetic planted structuring cash credit
TXN-0002537,ACC-00002,2026-09-12T09:09:00,48473.00,VRD,CREDIT,CASH,CASH_DEPOSIT,EXT-VERDANA,Fictional Counterparty,VD,,DEV-0030,TRUE,Synthetic planted structuring cash credit
TXN-0002538,ACC-00003,2026-09-12T09:09:00,48086.00,VRD,CREDIT,CASH,CASH_DEPOSIT,EXT-VERDANA,Fictional Counterparty,VD,,DEV-0050,TRUE,Synthetic planted structuring cash credit
TXN-0002539,ACC-00004,2026-09-12T09:09:00,48339.00,VRD,CREDIT,CASH,CASH_DEPOSIT,EXT-VERDANA,Fictional Counterparty,VD,,DEV-0010,TRUE,Synthetic planted structuring cash credit
TXN-0002540,ACC-00005,2026-09-12T09:09:00,48219.00,VRD,CREDIT,CASH,CASH_DEPOSIT,EXT-VERDANA,Fictional Counterparty,VD,,DEV-0030,TRUE,Synthetic planted structuring cash credit
TXN-0002541,ACC-00006,2026-09-12T09:09:00,48062.00,VRD,CREDIT,CASH,CASH_DEPOSIT,EXT-VERDANA,Fictional Counterparty,VD,,DEV-0050,TRUE,Synthetic planted structuring cash credit
TXN-0002542,ACC-00007,2026-09-12T09:09:00,48367.00,VRD,CREDIT,CASH,CASH_DEPOSIT,EXT-VERDANA,Fictional Counterparty,VD,,DEV-0010,TRUE,Synthetic planted structuring cash credit
TXN-0002543,ACC-00008,2026-09-12T09:09:00,48797.00,VRD,CREDIT,CASH,CASH_DEPOSIT,EXT-VERDANA,Fictional Counterparty,VD,,DEV-0030,TRUE,Synthetic planted structuring cash credit
TXN-0002544,ACC-00009,2026-09-12T09:09:00,48939.00,VRD,CREDIT,CASH,CASH_DEPOSIT,EXT-VERDANA,Fictional Counterparty,VD,,DEV-0050,TRUE,Synthetic planted structuring cash credit
TXN-0002545,ACC-00010,2026-09-12T09:09:00,48755.00,VRD,CREDIT,CASH,CASH_DEPOSIT,EXT-VERDANA,Fictional Counterparty,VD,,DEV-0010,TRUE,Synthetic planted structuring cash credit
TXN-0002546,ACC-00011,2026-09-12T09:09:00,48504.00,VRD,CREDIT,CASH,CASH_DEPOSIT,EXT-VERDANA,Fictional Counterparty,VD,,DEV-0030,TRUE,Synthetic planted structuring cash credit
TXN-0002547,ACC-00012,2026-09-12T09:09:00,48133.00,VRD,CREDIT,CASH,CASH_DEPOSIT,EXT-VERDANA,Fictional Counterparty,VD,,DEV-0050,TRUE,Synthetic planted structuring cash credit
TXN-0002548,ACC-00013,2026-09-12T09:09:00,48881.00,VRD,CREDIT,CASH,CASH_DEPOSIT,EXT-VERDANA,Fictional Counterparty,VD,,DEV-0010,TRUE,Synthetic planted structuring cash credit
TXN-0002549,ACC-00014,2026-09-12T09:09:00,48810.00,VRD,CREDIT,CASH,CASH_DEPOSIT,EXT-VERDANA,Fictional Counterparty,VD,,DEV-0030,TRUE,Synthetic planted structuring cash credit
TXN-0002550,ACC-00015,2026-09-12T09:09:00,48179.00,VRD,CREDIT,CASH,CASH_DEPOSIT,EXT-VERDANA,Fictional Counterparty,VD,,DEV-0050,TRUE,Synthetic planted structuring cash credit
TXN-0002551,ACC-00016,2026-09-12T09:09:00,48186.00,VRD,CREDIT,CASH,CASH_DEPOSIT,EXT-VERDANA,Fictional Counterparty,VD,,DEV-0010,TRUE,Synthetic planted structuring cash credit
TXN-0002552,ACC-00017,2026-09-12T09:09:00,48171.00,VRD,CREDIT,CASH,CASH_DEPOSIT,EXT-VERDANA,Fictional Counterparty,VD,,DEV-0030,TRUE,Synthetic planted structuring cash credit
TXN-0002553,ACC-00018,2026-09-12T09:09:00,48262.00,VRD,CREDIT,CASH,CASH_DEPOSIT,EXT-VERDANA,Fictional Counterparty,VD,,DEV-0050,TRUE,Synthetic planted structuring cash credit
TXN-0002554,ACC-00019,2026-09-12T09:09:00,48103.00,VRD,CREDIT,CASH,CASH_DEPOSIT,EXT-VERDANA,Fictional Counterparty,VD,,DEV-0010,TRUE,Synthetic planted structuring cash credit
TXN-0002555,ACC-00020,2026-09-12T09:09:00,48974.00,VRD,CREDIT,CASH,CASH_DEPOSIT,EXT-VERDANA,Fictional Counterparty,VD,,DEV-0030,TRUE,Synthetic planted structuring cash credit
TXN-0002556,ACC-00031,2026-09-12T10:50:00,14798.01,VRD,DEBIT,MOBILE,TRANSFER,EXT-VERDANA,Fictional Counterparty,VD,,DEV-0002,FALSE,Synthetic routine activity
TXN-0002557,ACC-00056,2026-09-12T10:50:00,2387.51,VRD,DEBIT,MOBILE,TRANSFER,EXT-VERDANA,Fictional Counterparty,VD,,DEV-0037,FALSE,Synthetic routine activity
TXN-0002558,ACC-00081,2026-09-12T10:50:00,9880.89,VRD,DEBIT,MOBILE,TRANSFER,EXT-VERDANA,Fictional Counterparty,VD,,DEV-0012,FALSE,Synthetic routine activity
TXN-0002559,ACC-00106,2026-09-12T10:50:00,3934.56,VRD,CREDIT,MOBILE,TRANSFER,EXT-VERDANA,Fictional Counterparty,VD,,DEV-0047,FALSE,Synthetic routine activity
TXN-0002560,ACC-00031,2026-09-12T11:00:00,46354.00,VRD,CREDIT,CASH,CASH_DEPOSIT,EXT-VERDANA,Fictional Counterparty,VD,,DEV-0049,TRUE,Synthetic documented retail takings
TXN-0002561,ACC-00032,2026-09-12T11:00:00,43173.00,VRD,CREDIT,CASH,CASH_DEPOSIT,EXT-VERDANA,Fictional Counterparty,VD,,DEV-0005,TRUE,Synthetic documented retail takings
TXN-0002562,ACC-00033,2026-09-12T11:00:00,41717.00,VRD,CREDIT,CASH,CASH_DEPOSIT,EXT-VERDANA,Fictional Counterparty,VD,,DEV-0021,TRUE,Synthetic documented retail takings
TXN-0002563,ACC-00034,2026-09-12T11:00:00,43526.00,VRD,CREDIT,CASH,CASH_DEPOSIT,EXT-VERDANA,Fictional Counterparty,VD,,DEV-0037,TRUE,Synthetic documented retail takings
TXN-0002564,ACC-00035,2026-09-12T11:00:00,44651.00,VRD,CREDIT,CASH,CASH_DEPOSIT,EXT-VERDANA,Fictional Counterparty,VD,,DEV-0053,TRUE,Synthetic documented retail takings
TXN-0002565,ACC-00036,2026-09-12T11:00:00,46473.00,VRD,CREDIT,CASH,CASH_DEPOSIT,EXT-VERDANA,Fictional Counterparty,VD,,DEV-0009,TRUE,Synthetic documented retail takings
TXN-0002566,ACC-00037,2026-09-12T11:00:00,42930.00,VRD,CREDIT,CASH,CASH_DEPOSIT,EXT-VERDANA,Fictional Counterparty,VD,,DEV-0025,TRUE,Synthetic documented retail takings
TXN-0002567,ACC-00038,2026-09-12T11:00:00,44678.00,VRD,CREDIT,CASH,CASH_DEPOSIT,EXT-VERDANA,Fictional Counterparty,VD,,DEV-0041,TRUE,Synthetic documented retail takings
TXN-0002568,ACC-00039,2026-09-12T11:00:00,43619.00,VRD,CREDIT,CASH,CASH_DEPOSIT,EXT-VERDANA,Fictional Counterparty,VD,,DEV-0057,TRUE,Synthetic documented retail takings
TXN-0002569,ACC-00040,2026-09-12T11:00:00,45813.00,VRD,CREDIT,CASH,CASH_DEPOSIT,EXT-VERDANA,Fictional Counterparty,VD,,DEV-0013,TRUE,Synthetic documented retail takings
TXN-0002570,ACC-00041,2026-09-12T11:00:00,41827.00,VRD,CREDIT,CASH,CASH_DEPOSIT,EXT-VERDANA,Fictional Counterparty,VD,,DEV-0029,TRUE,Synthetic documented retail takings
TXN-0002571,ACC-00042,2026-09-12T11:00:00,44301.00,VRD,CREDIT,CASH,CASH_DEPOSIT,EXT-VERDANA,Fictional Counterparty,VD,,DEV-0045,TRUE,Synthetic documented retail takings
TXN-0002572,ACC-00013,2026-09-12T12:06:00,5405.84,VRD,DEBIT,CARD,PURCHASE,EXT-VERDANA,Fictional Counterparty,VD,,DEV-0048,FALSE,Synthetic routine activity
TXN-0002573,ACC-00038,2026-09-12T12:06:00,7230.05,VRD,CREDIT,CARD,PURCHASE,EXT-VERDANA,Fictional Counterparty,VD,,DEV-0023,FALSE,Synthetic routine activity
TXN-0002574,ACC-00065,2026-09-12T14:12:00,11148.42,VRD,DEBIT,CARD,PURCHASE,EXT-VERDANA,Fictional Counterparty,VD,,DEV-0014,FALSE,Synthetic routine activity
TXN-0002575,ACC-00090,2026-09-12T14:12:00,6987.32,VRD,DEBIT,CARD,PURCHASE,EXT-VERDANA,Fictional Counterparty,VD,,DEV-0049,FALSE,Synthetic routine activity
TXN-0002576,ACC-00115,2026-09-12T14:12:00,13696.07,VRD,DEBIT,CARD,PURCHASE,EXT-VERDANA,Fictional Counterparty,VD,,DEV-0024,FALSE,Synthetic routine activity
TXN-0002577,ACC-00022,2026-09-12T16:28:00,9349.10,VRD,DEBIT,TRANSFER,TRANSFER,EXT-VERDANA,Fictional Counterparty,VD,,DEV-0025,FALSE,Synthetic routine activity
TXN-0002578,ACC-00047,2026-09-12T16:28:00,10977.76,VRD,DEBIT,TRANSFER,TRANSFER,EXT-VERDANA,Fictional Counterparty,VD,,DEV-0060,FALSE,Synthetic routine activity
TXN-0002579,ACC-00072,2026-09-12T16:28:00,3352.46,VRD,CREDIT,TRANSFER,TRANSFER,EXT-VERDANA,Fictional Counterparty,VD,,DEV-0035,FALSE,Synthetic routine activity
TXN-0002580,ACC-00006,2026-09-13T09:03:00,3146.69,VRD,DEBIT,CARD,PURCHASE,EXT-VERDANA,Fictional Counterparty,VD,,DEV-0046,FALSE,Synthetic routine activity
TXN-0002581,ACC-00101,2026-09-13T09:53:00,14723.88,VRD,CREDIT,MOBILE,TRANSFER,EXT-VERDANA,Fictional Counterparty,VD,,DEV-0001,FALSE,Synthetic routine activity
TXN-0002582,ACC-00126,2026-09-13T09:53:00,4242.94,VRD,DEBIT,MOBILE,TRANSFER,EXT-VERDANA,Fictional Counterparty,VD,,DEV-0036,FALSE,Synthetic routine activity
TXN-0002583,ACC-00033,2026-09-13T11:09:00,1034.29,VRD,CREDIT,CARD,PURCHASE,EXT-VERDANA,Fictional Counterparty,VD,,DEV-0037,FALSE,Synthetic routine activity
TXN-0002584,ACC-00058,2026-09-13T11:09:00,5679.19,VRD,DEBIT,CARD,PURCHASE,EXT-VERDANA,Fictional Counterparty,VD,,DEV-0012,FALSE,Synthetic routine activity
TXN-0002585,ACC-00083,2026-09-13T11:09:00,11585.69,VRD,DEBIT,CARD,PURCHASE,EXT-VERDANA,Fictional Counterparty,VD,,DEV-0047,FALSE,Synthetic routine activity
TXN-0002586,ACC-00108,2026-09-13T11:09:00,4121.57,VRD,DEBIT,CARD,PURCHASE,EXT-VERDANA,Fictional Counterparty,VD,,DEV-0022,FALSE,Synthetic routine activity
TXN-0002587,ACC-00031,2026-09-13T12:00:00,42351.00,VRD,CREDIT,CASH,CASH_DEPOSIT,EXT-VERDANA,Fictional Counterparty,VD,,DEV-0050,TRUE,Synthetic documented retail takings
TXN-0002588,ACC-00032,2026-09-13T12:00:00,46411.00,VRD,CREDIT,CASH,CASH_DEPOSIT,EXT-VERDANA,Fictional Counterparty,VD,,DEV-0006,TRUE,Synthetic documented retail takings
TXN-0002589,ACC-00033,2026-09-13T12:00:00,43412.00,VRD,CREDIT,CASH,CASH_DEPOSIT,EXT-VERDANA,Fictional Counterparty,VD,,DEV-0022,TRUE,Synthetic documented retail takings
TXN-0002590,ACC-00034,2026-09-13T12:00:00,47429.00,VRD,CREDIT,CASH,CASH_DEPOSIT,EXT-VERDANA,Fictional Counterparty,VD,,DEV-0038,TRUE,Synthetic documented retail takings
TXN-0002591,ACC-00035,2026-09-13T12:00:00,41365.00,VRD,CREDIT,CASH,CASH_DEPOSIT,EXT-VERDANA,Fictional Counterparty,VD,,DEV-0054,TRUE,Synthetic documented retail takings
TXN-0002592,ACC-00036,2026-09-13T12:00:00,43816.00,VRD,CREDIT,CASH,CASH_DEPOSIT,EXT-VERDANA,Fictional Counterparty,VD,,DEV-0010,TRUE,Synthetic documented retail takings
TXN-0002593,ACC-00037,2026-09-13T12:00:00,44901.00,VRD,CREDIT,CASH,CASH_DEPOSIT,EXT-VERDANA,Fictional Counterparty,VD,,DEV-0026,TRUE,Synthetic documented retail takings
TXN-0002594,ACC-00038,2026-09-13T12:00:00,42416.00,VRD,CREDIT,CASH,CASH_DEPOSIT,EXT-VERDANA,Fictional Counterparty,VD,,DEV-0042,TRUE,Synthetic documented retail takings
TXN-0002595,ACC-00039,2026-09-13T12:00:00,46956.00,VRD,CREDIT,CASH,CASH_DEPOSIT,EXT-VERDANA,Fictional Counterparty,VD,,DEV-0058,TRUE,Synthetic documented retail takings
TXN-0002596,ACC-00040,2026-09-13T12:00:00,45280.00,VRD,CREDIT,CASH,CASH_DEPOSIT,EXT-VERDANA,Fictional Counterparty,VD,,DEV-0014,TRUE,Synthetic documented retail takings
TXN-0002597,ACC-00041,2026-09-13T12:00:00,47436.00,VRD,CREDIT,CASH,CASH_DEPOSIT,EXT-VERDANA,Fictional Counterparty,VD,,DEV-0030,TRUE,Synthetic documented retail takings
TXN-0002598,ACC-00042,2026-09-13T12:00:00,42178.00,VRD,CREDIT,CASH,CASH_DEPOSIT,EXT-VERDANA,Fictional Counterparty,VD,,DEV-0046,TRUE,Synthetic documented retail takings
TXN-0002599,ACC-00001,2026-09-13T12:10:00,48364.00,VRD,CREDIT,CASH,CASH_DEPOSIT,EXT-VERDANA,Fictional Counterparty,VD,,DEV-0011,TRUE,Synthetic planted structuring cash credit
TXN-0002600,ACC-00002,2026-09-13T12:10:00,48104.00,VRD,CREDIT,CASH,CASH_DEPOSIT,EXT-VERDANA,Fictional Counterparty,VD,,DEV-0031,TRUE,Synthetic planted structuring cash credit
TXN-0002601,ACC-00003,2026-09-13T12:10:00,48596.00,VRD,CREDIT,CASH,CASH_DEPOSIT,EXT-VERDANA,Fictional Counterparty,VD,,DEV-0051,TRUE,Synthetic planted structuring cash credit
TXN-0002602,ACC-00004,2026-09-13T12:10:00,48125.00,VRD,CREDIT,CASH,CASH_DEPOSIT,EXT-VERDANA,Fictional Counterparty,VD,,DEV-0011,TRUE,Synthetic planted structuring cash credit
TXN-0002603,ACC-00005,2026-09-13T12:10:00,48930.00,VRD,CREDIT,CASH,CASH_DEPOSIT,EXT-VERDANA,Fictional Counterparty,VD,,DEV-0031,TRUE,Synthetic planted structuring cash credit
TXN-0002604,ACC-00006,2026-09-13T12:10:00,48089.00,VRD,CREDIT,CASH,CASH_DEPOSIT,EXT-VERDANA,Fictional Counterparty,VD,,DEV-0051,TRUE,Synthetic planted structuring cash credit
TXN-0002605,ACC-00007,2026-09-13T12:10:00,48491.00,VRD,CREDIT,CASH,CASH_DEPOSIT,EXT-VERDANA,Fictional Counterparty,VD,,DEV-0011,TRUE,Synthetic planted structuring cash credit
TXN-0002606,ACC-00008,2026-09-13T12:10:00,48287.00,VRD,CREDIT,CASH,CASH_DEPOSIT,EXT-VERDANA,Fictional Counterparty,VD,,DEV-0031,TRUE,Synthetic planted structuring cash credit
TXN-0002607,ACC-00009,2026-09-13T12:10:00,48754.00,VRD,CREDIT,CASH,CASH_DEPOSIT,EXT-VERDANA,Fictional Counterparty,VD,,DEV-0051,TRUE,Synthetic planted structuring cash credit
TXN-0002608,ACC-00010,2026-09-13T12:10:00,48714.00,VRD,CREDIT,CASH,CASH_DEPOSIT,EXT-VERDANA,Fictional Counterparty,VD,,DEV-0011,TRUE,Synthetic planted structuring cash credit
TXN-0002609,ACC-00011,2026-09-13T12:10:00,48555.00,VRD,CREDIT,CASH,CASH_DEPOSIT,EXT-VERDANA,Fictional Counterparty,VD,,DEV-0031,TRUE,Synthetic planted structuring cash credit
TXN-0002610,ACC-00012,2026-09-13T12:10:00,48348.00,VRD,CREDIT,CASH,CASH_DEPOSIT,EXT-VERDANA,Fictional Counterparty,VD,,DEV-0051,TRUE,Synthetic planted structuring cash credit
TXN-0002611,ACC-00013,2026-09-13T12:10:00,48373.00,VRD,CREDIT,CASH,CASH_DEPOSIT,EXT-VERDANA,Fictional Counterparty,VD,,DEV-0011,TRUE,Synthetic planted structuring cash credit
TXN-0002612,ACC-00014,2026-09-13T12:10:00,48654.00,VRD,CREDIT,CASH,CASH_DEPOSIT,EXT-VERDANA,Fictional Counterparty,VD,,DEV-0031,TRUE,Synthetic planted structuring cash credit
TXN-0002613,ACC-00015,2026-09-13T12:10:00,48387.00,VRD,CREDIT,CASH,CASH_DEPOSIT,EXT-VERDANA,Fictional Counterparty,VD,,DEV-0051,TRUE,Synthetic planted structuring cash credit
TXN-0002614,ACC-00016,2026-09-13T12:10:00,48616.00,VRD,CREDIT,CASH,CASH_DEPOSIT,EXT-VERDANA,Fictional Counterparty,VD,,DEV-0011,TRUE,Synthetic planted structuring cash credit
TXN-0002615,ACC-00017,2026-09-13T12:10:00,48651.00,VRD,CREDIT,CASH,CASH_DEPOSIT,EXT-VERDANA,Fictional Counterparty,VD,,DEV-0031,TRUE,Synthetic planted structuring cash credit
TXN-0002616,ACC-00018,2026-09-13T12:10:00,48805.00,VRD,CREDIT,CASH,CASH_DEPOSIT,EXT-VERDANA,Fictional Counterparty,VD,,DEV-0051,TRUE,Synthetic planted structuring cash credit
TXN-0002617,ACC-00019,2026-09-13T12:10:00,48848.00,VRD,CREDIT,CASH,CASH_DEPOSIT,EXT-VERDANA,Fictional Counterparty,VD,,DEV-0011,TRUE,Synthetic planted structuring cash credit
TXN-0002618,ACC-00020,2026-09-13T12:10:00,48107.00,VRD,CREDIT,CASH,CASH_DEPOSIT,EXT-VERDANA,Fictional Counterparty,VD,,DEV-0031,TRUE,Synthetic planted structuring cash credit
TXN-0002619,ACC-00015,2026-09-13T13:25:00,10668.95,VRD,DEBIT,TRANSFER,TRANSFER,EXT-VERDANA,Fictional Counterparty,VD,,DEV-0023,FALSE,Synthetic routine activity
TXN-0002620,ACC-00040,2026-09-13T13:25:00,7769.21,VRD,DEBIT,TRANSFER,TRANSFER,EXT-VERDANA,Fictional Counterparty,VD,,DEV-0058,FALSE,Synthetic routine activity
TXN-0002621,ACC-00067,2026-09-13T15:31:00,9579.02,VRD,CREDIT,TRANSFER,TRANSFER,EXT-VERDANA,Fictional Counterparty,VD,,DEV-0049,FALSE,Synthetic routine activity
TXN-0002622,ACC-00092,2026-09-13T15:31:00,14839.92,VRD,DEBIT,TRANSFER,TRANSFER,EXT-VERDANA,Fictional Counterparty,VD,,DEV-0024,FALSE,Synthetic routine activity
TXN-0002623,ACC-00117,2026-09-13T15:31:00,8011.81,VRD,DEBIT,TRANSFER,TRANSFER,EXT-VERDANA,Fictional Counterparty,VD,,DEV-0059,FALSE,Synthetic routine activity
TXN-0002624,ACC-00024,2026-09-13T17:47:00,2723.59,VRD,DEBIT,MOBILE,TRANSFER,EXT-VERDANA,Fictional Counterparty,VD,,DEV-0060,FALSE,Synthetic routine activity
TXN-0002625,ACC-00049,2026-09-13T17:47:00,8004.82,VRD,DEBIT,MOBILE,TRANSFER,EXT-VERDANA,Fictional Counterparty,VD,,DEV-0035,FALSE,Synthetic routine activity
TXN-0002626,ACC-00074,2026-09-13T17:47:00,4605.25,VRD,DEBIT,MOBILE,TRANSFER,EXT-VERDANA,Fictional Counterparty,VD,,DEV-0010,FALSE,Synthetic routine activity
TXN-0002627,ACC-00026,2026-09-14T08:06:00,3749.09,VRD,CREDIT,CARD,PURCHASE,EXT-VERDANA,Fictional Counterparty,VD,,DEV-0035,FALSE,Synthetic routine activity
TXN-0002628,ACC-00051,2026-09-14T08:06:00,12604.47,VRD,DEBIT,CARD,PURCHASE,EXT-VERDANA,Fictional Counterparty,VD,,DEV-0010,FALSE,Synthetic routine activity
TXN-0002629,ACC-00076,2026-09-14T08:06:00,14602.44,VRD,DEBIT,CARD,PURCHASE,EXT-VERDANA,Fictional Counterparty,VD,,DEV-0045,FALSE,Synthetic routine activity
TXN-0002630,ACC-00128,2026-09-14T10:12:00,2966.00,VRD,CREDIT,CARD,PURCHASE,EXT-VERDANA,Fictional Counterparty,VD,,DEV-0011,FALSE,Synthetic routine activity
TXN-0002631,ACC-00008,2026-09-14T10:22:00,1660.65,VRD,DEBIT,TRANSFER,TRANSFER,EXT-VERDANA,Fictional Counterparty,VD,,DEV-0021,FALSE,Synthetic routine activity
TXN-0002632,ACC-00060,2026-09-14T12:28:00,6043.86,VRD,CREDIT,TRANSFER,TRANSFER,EXT-VERDANA,Fictional Counterparty,VD,,DEV-0047,FALSE,Synthetic routine activity
TXN-0002633,ACC-00085,2026-09-14T12:28:00,9267.94,VRD,DEBIT,TRANSFER,TRANSFER,EXT-VERDANA,Fictional Counterparty,VD,,DEV-0022,FALSE,Synthetic routine activity
TXN-0002634,ACC-00110,2026-09-14T12:28:00,14968.25,VRD,DEBIT,TRANSFER,TRANSFER,EXT-VERDANA,Fictional Counterparty,VD,,DEV-0057,FALSE,Synthetic routine activity
TXN-0002635,ACC-00031,2026-09-14T13:00:00,45975.00,VRD,CREDIT,CASH,CASH_DEPOSIT,EXT-VERDANA,Fictional Counterparty,VD,,DEV-0051,TRUE,Synthetic documented retail takings
TXN-0002636,ACC-00032,2026-09-14T13:00:00,43306.00,VRD,CREDIT,CASH,CASH_DEPOSIT,EXT-VERDANA,Fictional Counterparty,VD,,DEV-0007,TRUE,Synthetic documented retail takings
TXN-0002637,ACC-00033,2026-09-14T13:00:00,46423.00,VRD,CREDIT,CASH,CASH_DEPOSIT,EXT-VERDANA,Fictional Counterparty,VD,,DEV-0023,TRUE,Synthetic documented retail takings
TXN-0002638,ACC-00034,2026-09-14T13:00:00,44256.00,VRD,CREDIT,CASH,CASH_DEPOSIT,EXT-VERDANA,Fictional Counterparty,VD,,DEV-0039,TRUE,Synthetic documented retail takings
TXN-0002639,ACC-00035,2026-09-14T13:00:00,43156.00,VRD,CREDIT,CASH,CASH_DEPOSIT,EXT-VERDANA,Fictional Counterparty,VD,,DEV-0055,TRUE,Synthetic documented retail takings
TXN-0002640,ACC-00036,2026-09-14T13:00:00,45435.00,VRD,CREDIT,CASH,CASH_DEPOSIT,EXT-VERDANA,Fictional Counterparty,VD,,DEV-0011,TRUE,Synthetic documented retail takings
TXN-0002641,ACC-00037,2026-09-14T13:00:00,43448.00,VRD,CREDIT,CASH,CASH_DEPOSIT,EXT-VERDANA,Fictional Counterparty,VD,,DEV-0027,TRUE,Synthetic documented retail takings
TXN-0002642,ACC-00038,2026-09-14T13:00:00,42369.00,VRD,CREDIT,CASH,CASH_DEPOSIT,EXT-VERDANA,Fictional Counterparty,VD,,DEV-0043,TRUE,Synthetic documented retail takings
TXN-0002643,ACC-00039,2026-09-14T13:00:00,41548.00,VRD,CREDIT,CASH,CASH_DEPOSIT,EXT-VERDANA,Fictional Counterparty,VD,,DEV-0059,TRUE,Synthetic documented retail takings
TXN-0002644,ACC-00040,2026-09-14T13:00:00,47403.00,VRD,CREDIT,CASH,CASH_DEPOSIT,EXT-VERDANA,Fictional Counterparty,VD,,DEV-0015,TRUE,Synthetic documented retail takings
TXN-0002645,ACC-00041,2026-09-14T13:00:00,43343.00,VRD,CREDIT,CASH,CASH_DEPOSIT,EXT-VERDANA,Fictional Counterparty,VD,,DEV-0031,TRUE,Synthetic documented retail takings
TXN-0002646,ACC-00042,2026-09-14T13:00:00,46064.00,VRD,CREDIT,CASH,CASH_DEPOSIT,EXT-VERDANA,Fictional Counterparty,VD,,DEV-0047,TRUE,Synthetic documented retail takings
TXN-0002647,ACC-00017,2026-09-14T14:44:00,7649.77,VRD,DEBIT,MOBILE,TRANSFER,EXT-VERDANA,Fictional Counterparty,VD,,DEV-0058,FALSE,Synthetic routine activity
TXN-0002648,ACC-00042,2026-09-14T14:44:00,5337.02,VRD,DEBIT,MOBILE,TRANSFER,EXT-VERDANA,Fictional Counterparty,VD,,DEV-0033,FALSE,Synthetic routine activity
TXN-0002649,ACC-00001,2026-09-14T15:11:00,48405.00,VRD,CREDIT,CASH,CASH_DEPOSIT,EXT-VERDANA,Fictional Counterparty,VD,,DEV-0012,TRUE,Synthetic planted structuring cash credit
TXN-0002650,ACC-00002,2026-09-14T15:11:00,48823.00,VRD,CREDIT,CASH,CASH_DEPOSIT,EXT-VERDANA,Fictional Counterparty,VD,,DEV-0032,TRUE,Synthetic planted structuring cash credit
TXN-0002651,ACC-00003,2026-09-14T15:11:00,48600.00,VRD,CREDIT,CASH,CASH_DEPOSIT,EXT-VERDANA,Fictional Counterparty,VD,,DEV-0052,TRUE,Synthetic planted structuring cash credit
TXN-0002652,ACC-00004,2026-09-14T15:11:00,48043.00,VRD,CREDIT,CASH,CASH_DEPOSIT,EXT-VERDANA,Fictional Counterparty,VD,,DEV-0012,TRUE,Synthetic planted structuring cash credit
TXN-0002653,ACC-00005,2026-09-14T15:11:00,48191.00,VRD,CREDIT,CASH,CASH_DEPOSIT,EXT-VERDANA,Fictional Counterparty,VD,,DEV-0032,TRUE,Synthetic planted structuring cash credit
TXN-0002654,ACC-00006,2026-09-14T15:11:00,48286.00,VRD,CREDIT,CASH,CASH_DEPOSIT,EXT-VERDANA,Fictional Counterparty,VD,,DEV-0052,TRUE,Synthetic planted structuring cash credit
TXN-0002655,ACC-00007,2026-09-14T15:11:00,48557.00,VRD,CREDIT,CASH,CASH_DEPOSIT,EXT-VERDANA,Fictional Counterparty,VD,,DEV-0012,TRUE,Synthetic planted structuring cash credit
TXN-0002656,ACC-00008,2026-09-14T15:11:00,48059.00,VRD,CREDIT,CASH,CASH_DEPOSIT,EXT-VERDANA,Fictional Counterparty,VD,,DEV-0032,TRUE,Synthetic planted structuring cash credit
TXN-0002657,ACC-00009,2026-09-14T15:11:00,48057.00,VRD,CREDIT,CASH,CASH_DEPOSIT,EXT-VERDANA,Fictional Counterparty,VD,,DEV-0052,TRUE,Synthetic planted structuring cash credit
TXN-0002658,ACC-00010,2026-09-14T15:11:00,48367.00,VRD,CREDIT,CASH,CASH_DEPOSIT,EXT-VERDANA,Fictional Counterparty,VD,,DEV-0012,TRUE,Synthetic planted structuring cash credit
TXN-0002659,ACC-00011,2026-09-14T15:11:00,48316.00,VRD,CREDIT,CASH,CASH_DEPOSIT,EXT-VERDANA,Fictional Counterparty,VD,,DEV-0032,TRUE,Synthetic planted structuring cash credit
TXN-0002660,ACC-00012,2026-09-14T15:11:00,48734.00,VRD,CREDIT,CASH,CASH_DEPOSIT,EXT-VERDANA,Fictional Counterparty,VD,,DEV-0052,TRUE,Synthetic planted structuring cash credit
TXN-0002661,ACC-00013,2026-09-14T15:11:00,48983.00,VRD,CREDIT,CASH,CASH_DEPOSIT,EXT-VERDANA,Fictional Counterparty,VD,,DEV-0012,TRUE,Synthetic planted structuring cash credit
TXN-0002662,ACC-00014,2026-09-14T15:11:00,48983.00,VRD,CREDIT,CASH,CASH_DEPOSIT,EXT-VERDANA,Fictional Counterparty,VD,,DEV-0032,TRUE,Synthetic planted structuring cash credit
TXN-0002663,ACC-00015,2026-09-14T15:11:00,48314.00,VRD,CREDIT,CASH,CASH_DEPOSIT,EXT-VERDANA,Fictional Counterparty,VD,,DEV-0052,TRUE,Synthetic planted structuring cash credit
TXN-0002664,ACC-00016,2026-09-14T15:11:00,48325.00,VRD,CREDIT,CASH,CASH_DEPOSIT,EXT-VERDANA,Fictional Counterparty,VD,,DEV-0012,TRUE,Synthetic planted structuring cash credit
TXN-0002665,ACC-00017,2026-09-14T15:11:00,48906.00,VRD,CREDIT,CASH,CASH_DEPOSIT,EXT-VERDANA,Fictional Counterparty,VD,,DEV-0032,TRUE,Synthetic planted structuring cash credit
TXN-0002666,ACC-00018,2026-09-14T15:11:00,48110.00,VRD,CREDIT,CASH,CASH_DEPOSIT,EXT-VERDANA,Fictional Counterparty,VD,,DEV-0052,TRUE,Synthetic planted structuring cash credit
TXN-0002667,ACC-00019,2026-09-14T15:11:00,48490.00,VRD,CREDIT,CASH,CASH_DEPOSIT,EXT-VERDANA,Fictional Counterparty,VD,,DEV-0012,TRUE,Synthetic planted structuring cash credit
TXN-0002668,ACC-00020,2026-09-14T15:11:00,48075.00,VRD,CREDIT,CASH,CASH_DEPOSIT,EXT-VERDANA,Fictional Counterparty,VD,,DEV-0032,TRUE,Synthetic planted structuring cash credit
TXN-0002669,ACC-00094,2026-09-14T16:50:00,6744.67,VRD,CREDIT,MOBILE,TRANSFER,EXT-VERDANA,Fictional Counterparty,VD,,DEV-0059,FALSE,Synthetic routine activity
TXN-0002670,ACC-00119,2026-09-14T16:50:00,517.27,VRD,DEBIT,MOBILE,TRANSFER,EXT-VERDANA,Fictional Counterparty,VD,,DEV-0034,FALSE,Synthetic routine activity
TXN-0002671,ACC-00001,2026-09-15T09:12:00,48525.00,VRD,CREDIT,CASH,CASH_DEPOSIT,EXT-VERDANA,Fictional Counterparty,VD,,DEV-0013,TRUE,Synthetic planted structuring cash credit
TXN-0002672,ACC-00002,2026-09-15T09:12:00,48812.00,VRD,CREDIT,CASH,CASH_DEPOSIT,EXT-VERDANA,Fictional Counterparty,VD,,DEV-0033,TRUE,Synthetic planted structuring cash credit
TXN-0002673,ACC-00003,2026-09-15T09:12:00,48265.00,VRD,CREDIT,CASH,CASH_DEPOSIT,EXT-VERDANA,Fictional Counterparty,VD,,DEV-0053,TRUE,Synthetic planted structuring cash credit
TXN-0002674,ACC-00004,2026-09-15T09:12:00,48964.00,VRD,CREDIT,CASH,CASH_DEPOSIT,EXT-VERDANA,Fictional Counterparty,VD,,DEV-0013,TRUE,Synthetic planted structuring cash credit
TXN-0002675,ACC-00005,2026-09-15T09:12:00,48281.00,VRD,CREDIT,CASH,CASH_DEPOSIT,EXT-VERDANA,Fictional Counterparty,VD,,DEV-0033,TRUE,Synthetic planted structuring cash credit
TXN-0002676,ACC-00006,2026-09-15T09:12:00,48392.00,VRD,CREDIT,CASH,CASH_DEPOSIT,EXT-VERDANA,Fictional Counterparty,VD,,DEV-0053,TRUE,Synthetic planted structuring cash credit
TXN-0002677,ACC-00007,2026-09-15T09:12:00,48800.00,VRD,CREDIT,CASH,CASH_DEPOSIT,EXT-VERDANA,Fictional Counterparty,VD,,DEV-0013,TRUE,Synthetic planted structuring cash credit
TXN-0002678,ACC-00008,2026-09-15T09:12:00,48828.00,VRD,CREDIT,CASH,CASH_DEPOSIT,EXT-VERDANA,Fictional Counterparty,VD,,DEV-0033,TRUE,Synthetic planted structuring cash credit
TXN-0002679,ACC-00009,2026-09-15T09:12:00,48782.00,VRD,CREDIT,CASH,CASH_DEPOSIT,EXT-VERDANA,Fictional Counterparty,VD,,DEV-0053,TRUE,Synthetic planted structuring cash credit
TXN-0002680,ACC-00010,2026-09-15T09:12:00,48935.00,VRD,CREDIT,CASH,CASH_DEPOSIT,EXT-VERDANA,Fictional Counterparty,VD,,DEV-0013,TRUE,Synthetic planted structuring cash credit
TXN-0002681,ACC-00011,2026-09-15T09:12:00,48179.00,VRD,CREDIT,CASH,CASH_DEPOSIT,EXT-VERDANA,Fictional Counterparty,VD,,DEV-0033,TRUE,Synthetic planted structuring cash credit
TXN-0002682,ACC-00012,2026-09-15T09:12:00,48181.00,VRD,CREDIT,CASH,CASH_DEPOSIT,EXT-VERDANA,Fictional Counterparty,VD,,DEV-0053,TRUE,Synthetic planted structuring cash credit
TXN-0002683,ACC-00013,2026-09-15T09:12:00,48074.00,VRD,CREDIT,CASH,CASH_DEPOSIT,EXT-VERDANA,Fictional Counterparty,VD,,DEV-0013,TRUE,Synthetic planted structuring cash credit
TXN-0002684,ACC-00014,2026-09-15T09:12:00,48498.00,VRD,CREDIT,CASH,CASH_DEPOSIT,EXT-VERDANA,Fictional Counterparty,VD,,DEV-0033,TRUE,Synthetic planted structuring cash credit
TXN-0002685,ACC-00015,2026-09-15T09:12:00,48751.00,VRD,CREDIT,CASH,CASH_DEPOSIT,EXT-VERDANA,Fictional Counterparty,VD,,DEV-0053,TRUE,Synthetic planted structuring cash credit
TXN-0002686,ACC-00016,2026-09-15T09:12:00,48943.00,VRD,CREDIT,CASH,CASH_DEPOSIT,EXT-VERDANA,Fictional Counterparty,VD,,DEV-0013,TRUE,Synthetic planted structuring cash credit
TXN-0002687,ACC-00017,2026-09-15T09:12:00,48986.00,VRD,CREDIT,CASH,CASH_DEPOSIT,EXT-VERDANA,Fictional Counterparty,VD,,DEV-0033,TRUE,Synthetic planted structuring cash credit
TXN-0002688,ACC-00018,2026-09-15T09:12:00,48737.00,VRD,CREDIT,CASH,CASH_DEPOSIT,EXT-VERDANA,Fictional Counterparty,VD,,DEV-0053,TRUE,Synthetic planted structuring cash credit
TXN-0002689,ACC-00019,2026-09-15T09:12:00,48807.00,VRD,CREDIT,CASH,CASH_DEPOSIT,EXT-VERDANA,Fictional Counterparty,VD,,DEV-0013,TRUE,Synthetic planted structuring cash credit
TXN-0002690,ACC-00020,2026-09-15T09:12:00,48350.00,VRD,CREDIT,CASH,CASH_DEPOSIT,EXT-VERDANA,Fictional Counterparty,VD,,DEV-0033,TRUE,Synthetic planted structuring cash credit
TXN-0002691,ACC-00028,2026-09-15T09:25:00,970.63,VRD,DEBIT,TRANSFER,TRANSFER,EXT-VERDANA,Fictional Counterparty,VD,,DEV-0010,FALSE,Synthetic routine activity
TXN-0002692,ACC-00053,2026-09-15T09:25:00,7066.08,VRD,CREDIT,TRANSFER,TRANSFER,EXT-VERDANA,Fictional Counterparty,VD,,DEV-0045,FALSE,Synthetic routine activity
TXN-0002693,ACC-00078,2026-09-15T09:25:00,6495.05,VRD,DEBIT,TRANSFER,TRANSFER,EXT-VERDANA,Fictional Counterparty,VD,,DEV-0020,FALSE,Synthetic routine activity
TXN-0002694,ACC-00130,2026-09-15T11:31:00,13278.98,VRD,DEBIT,TRANSFER,TRANSFER,EXT-VERDANA,Fictional Counterparty,VD,,DEV-0046,FALSE,Synthetic routine activity
TXN-0002695,ACC-00010,2026-09-15T11:41:00,6709.00,VRD,DEBIT,MOBILE,TRANSFER,EXT-VERDANA,Fictional Counterparty,VD,,DEV-0056,FALSE,Synthetic routine activity
TXN-0002696,ACC-00062,2026-09-15T13:47:00,8817.98,VRD,DEBIT,MOBILE,TRANSFER,EXT-VERDANA,Fictional Counterparty,VD,,DEV-0022,FALSE,Synthetic routine activity
TXN-0002697,ACC-00087,2026-09-15T13:47:00,4772.49,VRD,CREDIT,MOBILE,TRANSFER,EXT-VERDANA,Fictional Counterparty,VD,,DEV-0057,FALSE,Synthetic routine activity
TXN-0002698,ACC-00112,2026-09-15T13:47:00,10912.68,VRD,DEBIT,MOBILE,TRANSFER,EXT-VERDANA,Fictional Counterparty,VD,,DEV-0032,FALSE,Synthetic routine activity
TXN-0002699,ACC-00031,2026-09-15T14:00:00,44556.00,VRD,CREDIT,CASH,CASH_DEPOSIT,EXT-VERDANA,Fictional Counterparty,VD,,DEV-0052,TRUE,Synthetic documented retail takings
TXN-0002700,ACC-00032,2026-09-15T14:00:00,43436.00,VRD,CREDIT,CASH,CASH_DEPOSIT,EXT-VERDANA,Fictional Counterparty,VD,,DEV-0008,TRUE,Synthetic documented retail takings
TXN-0002701,ACC-00033,2026-09-15T14:00:00,46120.00,VRD,CREDIT,CASH,CASH_DEPOSIT,EXT-VERDANA,Fictional Counterparty,VD,,DEV-0024,TRUE,Synthetic documented retail takings
TXN-0002702,ACC-00034,2026-09-15T14:00:00,44857.00,VRD,CREDIT,CASH,CASH_DEPOSIT,EXT-VERDANA,Fictional Counterparty,VD,,DEV-0040,TRUE,Synthetic documented retail takings
TXN-0002703,ACC-00035,2026-09-15T14:00:00,44602.00,VRD,CREDIT,CASH,CASH_DEPOSIT,EXT-VERDANA,Fictional Counterparty,VD,,DEV-0056,TRUE,Synthetic documented retail takings
TXN-0002704,ACC-00036,2026-09-15T14:00:00,44391.00,VRD,CREDIT,CASH,CASH_DEPOSIT,EXT-VERDANA,Fictional Counterparty,VD,,DEV-0012,TRUE,Synthetic documented retail takings
TXN-0002705,ACC-00037,2026-09-15T14:00:00,41646.00,VRD,CREDIT,CASH,CASH_DEPOSIT,EXT-VERDANA,Fictional Counterparty,VD,,DEV-0028,TRUE,Synthetic documented retail takings
TXN-0002706,ACC-00038,2026-09-15T14:00:00,42735.00,VRD,CREDIT,CASH,CASH_DEPOSIT,EXT-VERDANA,Fictional Counterparty,VD,,DEV-0044,TRUE,Synthetic documented retail takings
TXN-0002707,ACC-00039,2026-09-15T14:00:00,41712.00,VRD,CREDIT,CASH,CASH_DEPOSIT,EXT-VERDANA,Fictional Counterparty,VD,,DEV-0060,TRUE,Synthetic documented retail takings
TXN-0002708,ACC-00040,2026-09-15T14:00:00,44437.00,VRD,CREDIT,CASH,CASH_DEPOSIT,EXT-VERDANA,Fictional Counterparty,VD,,DEV-0016,TRUE,Synthetic documented retail takings
TXN-0002709,ACC-00041,2026-09-15T14:00:00,45387.00,VRD,CREDIT,CASH,CASH_DEPOSIT,EXT-VERDANA,Fictional Counterparty,VD,,DEV-0032,TRUE,Synthetic documented retail takings
TXN-0002710,ACC-00042,2026-09-15T14:00:00,45986.00,VRD,CREDIT,CASH,CASH_DEPOSIT,EXT-VERDANA,Fictional Counterparty,VD,,DEV-0048,TRUE,Synthetic documented retail takings
TXN-0002711,ACC-00019,2026-09-15T15:03:00,8875.60,VRD,CREDIT,CARD,PURCHASE,EXT-VERDANA,Fictional Counterparty,VD,,DEV-0033,FALSE,Synthetic routine activity
TXN-0002712,ACC-00044,2026-09-15T15:03:00,8173.09,VRD,DEBIT,CARD,PURCHASE,EXT-VERDANA,Fictional Counterparty,VD,,DEV-0008,FALSE,Synthetic routine activity
TXN-0002713,ACC-00096,2026-09-15T17:09:00,12030.26,VRD,DEBIT,CARD,PURCHASE,EXT-VERDANA,Fictional Counterparty,VD,,DEV-0034,FALSE,Synthetic routine activity
TXN-0002714,ACC-00121,2026-09-15T17:09:00,5652.17,VRD,CREDIT,CARD,PURCHASE,EXT-VERDANA,Fictional Counterparty,VD,,DEV-0009,FALSE,Synthetic routine activity
TXN-0002715,ACC-00098,2026-09-16T08:28:00,12301.69,VRD,DEBIT,TRANSFER,TRANSFER,EXT-VERDANA,Fictional Counterparty,VD,,DEV-0009,FALSE,Synthetic routine activity
TXN-0002716,ACC-00123,2026-09-16T08:28:00,8709.98,VRD,DEBIT,TRANSFER,TRANSFER,EXT-VERDANA,Fictional Counterparty,VD,,DEV-0044,FALSE,Synthetic routine activity
TXN-0002717,ACC-00003,2026-09-16T08:38:00,6716.34,VRD,DEBIT,MOBILE,TRANSFER,EXT-VERDANA,Fictional Counterparty,VD,,DEV-0054,FALSE,Synthetic routine activity
TXN-0002718,ACC-00030,2026-09-16T10:44:00,3533.24,VRD,DEBIT,MOBILE,TRANSFER,EXT-VERDANA,Fictional Counterparty,VD,,DEV-0045,FALSE,Synthetic routine activity
TXN-0002719,ACC-00055,2026-09-16T10:44:00,2465.00,VRD,DEBIT,MOBILE,TRANSFER,EXT-VERDANA,Fictional Counterparty,VD,,DEV-0020,FALSE,Synthetic routine activity
TXN-0002720,ACC-00080,2026-09-16T10:44:00,11539.14,VRD,CREDIT,MOBILE,TRANSFER,EXT-VERDANA,Fictional Counterparty,VD,,DEV-0055,FALSE,Synthetic routine activity
TXN-0002721,ACC-00105,2026-09-16T10:44:00,10383.88,VRD,DEBIT,MOBILE,TRANSFER,EXT-VERDANA,Fictional Counterparty,VD,,DEV-0030,FALSE,Synthetic routine activity
TXN-0002722,ACC-00012,2026-09-16T12:00:00,5415.58,VRD,CREDIT,CARD,PURCHASE,EXT-VERDANA,Fictional Counterparty,VD,,DEV-0031,FALSE,Synthetic routine activity
TXN-0002723,ACC-00037,2026-09-16T12:00:00,5026.98,VRD,DEBIT,CARD,PURCHASE,EXT-VERDANA,Fictional Counterparty,VD,,DEV-0006,FALSE,Synthetic routine activity
TXN-0002724,ACC-00001,2026-09-16T12:13:00,48050.00,VRD,CREDIT,CASH,CASH_DEPOSIT,EXT-VERDANA,Fictional Counterparty,VD,,DEV-0014,TRUE,Synthetic planted structuring cash credit
TXN-0002725,ACC-00002,2026-09-16T12:13:00,48143.00,VRD,CREDIT,CASH,CASH_DEPOSIT,EXT-VERDANA,Fictional Counterparty,VD,,DEV-0034,TRUE,Synthetic planted structuring cash credit
TXN-0002726,ACC-00003,2026-09-16T12:13:00,48939.00,VRD,CREDIT,CASH,CASH_DEPOSIT,EXT-VERDANA,Fictional Counterparty,VD,,DEV-0054,TRUE,Synthetic planted structuring cash credit
TXN-0002727,ACC-00004,2026-09-16T12:13:00,48472.00,VRD,CREDIT,CASH,CASH_DEPOSIT,EXT-VERDANA,Fictional Counterparty,VD,,DEV-0014,TRUE,Synthetic planted structuring cash credit
TXN-0002728,ACC-00005,2026-09-16T12:13:00,48286.00,VRD,CREDIT,CASH,CASH_DEPOSIT,EXT-VERDANA,Fictional Counterparty,VD,,DEV-0034,TRUE,Synthetic planted structuring cash credit
TXN-0002729,ACC-00006,2026-09-16T12:13:00,48140.00,VRD,CREDIT,CASH,CASH_DEPOSIT,EXT-VERDANA,Fictional Counterparty,VD,,DEV-0054,TRUE,Synthetic planted structuring cash credit
TXN-0002730,ACC-00007,2026-09-16T12:13:00,48496.00,VRD,CREDIT,CASH,CASH_DEPOSIT,EXT-VERDANA,Fictional Counterparty,VD,,DEV-0014,TRUE,Synthetic planted structuring cash credit
TXN-0002731,ACC-00008,2026-09-16T12:13:00,48483.00,VRD,CREDIT,CASH,CASH_DEPOSIT,EXT-VERDANA,Fictional Counterparty,VD,,DEV-0034,TRUE,Synthetic planted structuring cash credit
TXN-0002732,ACC-00009,2026-09-16T12:13:00,48970.00,VRD,CREDIT,CASH,CASH_DEPOSIT,EXT-VERDANA,Fictional Counterparty,VD,,DEV-0054,TRUE,Synthetic planted structuring cash credit
TXN-0002733,ACC-00010,2026-09-16T12:13:00,48605.00,VRD,CREDIT,CASH,CASH_DEPOSIT,EXT-VERDANA,Fictional Counterparty,VD,,DEV-0014,TRUE,Synthetic planted structuring cash credit
TXN-0002734,ACC-00011,2026-09-16T12:13:00,48502.00,VRD,CREDIT,CASH,CASH_DEPOSIT,EXT-VERDANA,Fictional Counterparty,VD,,DEV-0034,TRUE,Synthetic planted structuring cash credit
TXN-0002735,ACC-00012,2026-09-16T12:13:00,48940.00,VRD,CREDIT,CASH,CASH_DEPOSIT,EXT-VERDANA,Fictional Counterparty,VD,,DEV-0054,TRUE,Synthetic planted structuring cash credit
TXN-0002736,ACC-00013,2026-09-16T12:13:00,48382.00,VRD,CREDIT,CASH,CASH_DEPOSIT,EXT-VERDANA,Fictional Counterparty,VD,,DEV-0014,TRUE,Synthetic planted structuring cash credit
TXN-0002737,ACC-00014,2026-09-16T12:13:00,48664.00,VRD,CREDIT,CASH,CASH_DEPOSIT,EXT-VERDANA,Fictional Counterparty,VD,,DEV-0034,TRUE,Synthetic planted structuring cash credit
TXN-0002738,ACC-00015,2026-09-16T12:13:00,48705.00,VRD,CREDIT,CASH,CASH_DEPOSIT,EXT-VERDANA,Fictional Counterparty,VD,,DEV-0054,TRUE,Synthetic planted structuring cash credit
TXN-0002739,ACC-00016,2026-09-16T12:13:00,48828.00,VRD,CREDIT,CASH,CASH_DEPOSIT,EXT-VERDANA,Fictional Counterparty,VD,,DEV-0014,TRUE,Synthetic planted structuring cash credit
TXN-0002740,ACC-00017,2026-09-16T12:13:00,48090.00,VRD,CREDIT,CASH,CASH_DEPOSIT,EXT-VERDANA,Fictional Counterparty,VD,,DEV-0034,TRUE,Synthetic planted structuring cash credit
TXN-0002741,ACC-00018,2026-09-16T12:13:00,48001.00,VRD,CREDIT,CASH,CASH_DEPOSIT,EXT-VERDANA,Fictional Counterparty,VD,,DEV-0054,TRUE,Synthetic planted structuring cash credit
TXN-0002742,ACC-00019,2026-09-16T12:13:00,48884.00,VRD,CREDIT,CASH,CASH_DEPOSIT,EXT-VERDANA,Fictional Counterparty,VD,,DEV-0014,TRUE,Synthetic planted structuring cash credit
TXN-0002743,ACC-00020,2026-09-16T12:13:00,48174.00,VRD,CREDIT,CASH,CASH_DEPOSIT,EXT-VERDANA,Fictional Counterparty,VD,,DEV-0034,TRUE,Synthetic planted structuring cash credit
TXN-0002744,ACC-00064,2026-09-16T14:06:00,14445.15,VRD,DEBIT,CARD,PURCHASE,EXT-VERDANA,Fictional Counterparty,VD,,DEV-0057,FALSE,Synthetic routine activity
TXN-0002745,ACC-00089,2026-09-16T14:06:00,8781.25,VRD,DEBIT,CARD,PURCHASE,EXT-VERDANA,Fictional Counterparty,VD,,DEV-0032,FALSE,Synthetic routine activity
TXN-0002746,ACC-00114,2026-09-16T14:06:00,9451.27,VRD,CREDIT,CARD,PURCHASE,EXT-VERDANA,Fictional Counterparty,VD,,DEV-0007,FALSE,Synthetic routine activity
TXN-0002747,ACC-00031,2026-09-16T15:00:00,42286.00,VRD,CREDIT,CASH,CASH_DEPOSIT,EXT-VERDANA,Fictional Counterparty,VD,,DEV-0053,TRUE,Synthetic documented retail takings
TXN-0002748,ACC-00032,2026-09-16T15:00:00,42945.00,VRD,CREDIT,CASH,CASH_DEPOSIT,EXT-VERDANA,Fictional Counterparty,VD,,DEV-0009,TRUE,Synthetic documented retail takings
TXN-0002749,ACC-00033,2026-09-16T15:00:00,45916.00,VRD,CREDIT,CASH,CASH_DEPOSIT,EXT-VERDANA,Fictional Counterparty,VD,,DEV-0025,TRUE,Synthetic documented retail takings
TXN-0002750,ACC-00034,2026-09-16T15:00:00,45006.00,VRD,CREDIT,CASH,CASH_DEPOSIT,EXT-VERDANA,Fictional Counterparty,VD,,DEV-0041,TRUE,Synthetic documented retail takings
TXN-0002751,ACC-00035,2026-09-16T15:00:00,44809.00,VRD,CREDIT,CASH,CASH_DEPOSIT,EXT-VERDANA,Fictional Counterparty,VD,,DEV-0057,TRUE,Synthetic documented retail takings
TXN-0002752,ACC-00036,2026-09-16T15:00:00,47196.00,VRD,CREDIT,CASH,CASH_DEPOSIT,EXT-VERDANA,Fictional Counterparty,VD,,DEV-0013,TRUE,Synthetic documented retail takings
TXN-0002753,ACC-00037,2026-09-16T15:00:00,44234.00,VRD,CREDIT,CASH,CASH_DEPOSIT,EXT-VERDANA,Fictional Counterparty,VD,,DEV-0029,TRUE,Synthetic documented retail takings
TXN-0002754,ACC-00038,2026-09-16T15:00:00,42578.00,VRD,CREDIT,CASH,CASH_DEPOSIT,EXT-VERDANA,Fictional Counterparty,VD,,DEV-0045,TRUE,Synthetic documented retail takings
TXN-0002755,ACC-00039,2026-09-16T15:00:00,44179.00,VRD,CREDIT,CASH,CASH_DEPOSIT,EXT-VERDANA,Fictional Counterparty,VD,,DEV-0001,TRUE,Synthetic documented retail takings
TXN-0002756,ACC-00040,2026-09-16T15:00:00,41921.00,VRD,CREDIT,CASH,CASH_DEPOSIT,EXT-VERDANA,Fictional Counterparty,VD,,DEV-0017,TRUE,Synthetic documented retail takings
TXN-0002757,ACC-00041,2026-09-16T15:00:00,43816.00,VRD,CREDIT,CASH,CASH_DEPOSIT,EXT-VERDANA,Fictional Counterparty,VD,,DEV-0033,TRUE,Synthetic documented retail takings
TXN-0002758,ACC-00042,2026-09-16T15:00:00,46577.00,VRD,CREDIT,CASH,CASH_DEPOSIT,EXT-VERDANA,Fictional Counterparty,VD,,DEV-0049,TRUE,Synthetic documented retail takings
TXN-0002759,ACC-00021,2026-09-16T16:22:00,7751.78,VRD,DEBIT,TRANSFER,TRANSFER,EXT-VERDANA,Fictional Counterparty,VD,,DEV-0008,FALSE,Synthetic routine activity
TXN-0002760,ACC-00046,2026-09-16T16:22:00,3031.53,VRD,CREDIT,TRANSFER,TRANSFER,EXT-VERDANA,Fictional Counterparty,VD,,DEV-0043,FALSE,Synthetic routine activity
TXN-0002761,ACC-00071,2026-09-16T16:22:00,4764.90,VRD,DEBIT,TRANSFER,TRANSFER,EXT-VERDANA,Fictional Counterparty,VD,,DEV-0018,FALSE,Synthetic routine activity
TXN-0002762,ACC-00100,2026-09-17T09:47:00,9756.31,VRD,DEBIT,MOBILE,TRANSFER,EXT-VERDANA,Fictional Counterparty,VD,,DEV-0044,FALSE,Synthetic routine activity
TXN-0002763,ACC-00125,2026-09-17T09:47:00,14810.34,VRD,DEBIT,MOBILE,TRANSFER,EXT-VERDANA,Fictional Counterparty,VD,,DEV-0019,FALSE,Synthetic routine activity
TXN-0002764,ACC-00005,2026-09-17T09:57:00,2376.87,VRD,CREDIT,CARD,PURCHASE,EXT-VERDANA,Fictional Counterparty,VD,,DEV-0029,FALSE,Synthetic routine activity
TXN-0002765,ACC-00032,2026-09-17T11:03:00,9061.48,VRD,DEBIT,CARD,PURCHASE,EXT-VERDANA,Fictional Counterparty,VD,,DEV-0020,FALSE,Synthetic routine activity
TXN-0002766,ACC-00057,2026-09-17T11:03:00,12417.82,VRD,DEBIT,CARD,PURCHASE,EXT-VERDANA,Fictional Counterparty,VD,,DEV-0055,FALSE,Synthetic routine activity
TXN-0002767,ACC-00082,2026-09-17T11:03:00,6304.86,VRD,DEBIT,CARD,PURCHASE,EXT-VERDANA,Fictional Counterparty,VD,,DEV-0030,FALSE,Synthetic routine activity
TXN-0002768,ACC-00107,2026-09-17T11:03:00,10229.81,VRD,CREDIT,CARD,PURCHASE,EXT-VERDANA,Fictional Counterparty,VD,,DEV-0005,FALSE,Synthetic routine activity
TXN-0002769,ACC-00014,2026-09-17T13:19:00,12644.56,VRD,DEBIT,TRANSFER,TRANSFER,EXT-VERDANA,Fictional Counterparty,VD,,DEV-0006,FALSE,Synthetic routine activity
TXN-0002770,ACC-00039,2026-09-17T13:19:00,11849.50,VRD,CREDIT,TRANSFER,TRANSFER,EXT-VERDANA,Fictional Counterparty,VD,,DEV-0041,FALSE,Synthetic routine activity
TXN-0002771,ACC-00001,2026-09-17T15:14:00,48693.00,VRD,CREDIT,CASH,CASH_DEPOSIT,EXT-VERDANA,Fictional Counterparty,VD,,DEV-0015,TRUE,Synthetic planted structuring cash credit
TXN-0002772,ACC-00002,2026-09-17T15:14:00,48124.00,VRD,CREDIT,CASH,CASH_DEPOSIT,EXT-VERDANA,Fictional Counterparty,VD,,DEV-0035,TRUE,Synthetic planted structuring cash credit
TXN-0002773,ACC-00003,2026-09-17T15:14:00,48832.00,VRD,CREDIT,CASH,CASH_DEPOSIT,EXT-VERDANA,Fictional Counterparty,VD,,DEV-0055,TRUE,Synthetic planted structuring cash credit
TXN-0002774,ACC-00004,2026-09-17T15:14:00,48051.00,VRD,CREDIT,CASH,CASH_DEPOSIT,EXT-VERDANA,Fictional Counterparty,VD,,DEV-0015,TRUE,Synthetic planted structuring cash credit
TXN-0002775,ACC-00005,2026-09-17T15:14:00,48456.00,VRD,CREDIT,CASH,CASH_DEPOSIT,EXT-VERDANA,Fictional Counterparty,VD,,DEV-0035,TRUE,Synthetic planted structuring cash credit
TXN-0002776,ACC-00006,2026-09-17T15:14:00,48429.00,VRD,CREDIT,CASH,CASH_DEPOSIT,EXT-VERDANA,Fictional Counterparty,VD,,DEV-0055,TRUE,Synthetic planted structuring cash credit
TXN-0002777,ACC-00007,2026-09-17T15:14:00,48352.00,VRD,CREDIT,CASH,CASH_DEPOSIT,EXT-VERDANA,Fictional Counterparty,VD,,DEV-0015,TRUE,Synthetic planted structuring cash credit
TXN-0002778,ACC-00008,2026-09-17T15:14:00,48542.00,VRD,CREDIT,CASH,CASH_DEPOSIT,EXT-VERDANA,Fictional Counterparty,VD,,DEV-0035,TRUE,Synthetic planted structuring cash credit
TXN-0002779,ACC-00009,2026-09-17T15:14:00,48224.00,VRD,CREDIT,CASH,CASH_DEPOSIT,EXT-VERDANA,Fictional Counterparty,VD,,DEV-0055,TRUE,Synthetic planted structuring cash credit
TXN-0002780,ACC-00010,2026-09-17T15:14:00,48028.00,VRD,CREDIT,CASH,CASH_DEPOSIT,EXT-VERDANA,Fictional Counterparty,VD,,DEV-0015,TRUE,Synthetic planted structuring cash credit
TXN-0002781,ACC-00011,2026-09-17T15:14:00,48038.00,VRD,CREDIT,CASH,CASH_DEPOSIT,EXT-VERDANA,Fictional Counterparty,VD,,DEV-0035,TRUE,Synthetic planted structuring cash credit
TXN-0002782,ACC-00012,2026-09-17T15:14:00,48821.00,VRD,CREDIT,CASH,CASH_DEPOSIT,EXT-VERDANA,Fictional Counterparty,VD,,DEV-0055,TRUE,Synthetic planted structuring cash credit
TXN-0002783,ACC-00013,2026-09-17T15:14:00,48721.00,VRD,CREDIT,CASH,CASH_DEPOSIT,EXT-VERDANA,Fictional Counterparty,VD,,DEV-0015,TRUE,Synthetic planted structuring cash credit
TXN-0002784,ACC-00014,2026-09-17T15:14:00,48324.00,VRD,CREDIT,CASH,CASH_DEPOSIT,EXT-VERDANA,Fictional Counterparty,VD,,DEV-0035,TRUE,Synthetic planted structuring cash credit
TXN-0002785,ACC-00015,2026-09-17T15:14:00,48301.00,VRD,CREDIT,CASH,CASH_DEPOSIT,EXT-VERDANA,Fictional Counterparty,VD,,DEV-0055,TRUE,Synthetic planted structuring cash credit
TXN-0002786,ACC-00016,2026-09-17T15:14:00,48990.00,VRD,CREDIT,CASH,CASH_DEPOSIT,EXT-VERDANA,Fictional Counterparty,VD,,DEV-0015,TRUE,Synthetic planted structuring cash credit
TXN-0002787,ACC-00017,2026-09-17T15:14:00,48841.00,VRD,CREDIT,CASH,CASH_DEPOSIT,EXT-VERDANA,Fictional Counterparty,VD,,DEV-0035,TRUE,Synthetic planted structuring cash credit
TXN-0002788,ACC-00018,2026-09-17T15:14:00,48049.00,VRD,CREDIT,CASH,CASH_DEPOSIT,EXT-VERDANA,Fictional Counterparty,VD,,DEV-0055,TRUE,Synthetic planted structuring cash credit
TXN-0002789,ACC-00019,2026-09-17T15:14:00,48591.00,VRD,CREDIT,CASH,CASH_DEPOSIT,EXT-VERDANA,Fictional Counterparty,VD,,DEV-0015,TRUE,Synthetic planted structuring cash credit
TXN-0002790,ACC-00020,2026-09-17T15:14:00,48909.00,VRD,CREDIT,CASH,CASH_DEPOSIT,EXT-VERDANA,Fictional Counterparty,VD,,DEV-0035,TRUE,Synthetic planted structuring cash credit
TXN-0002791,ACC-00066,2026-09-17T15:25:00,10968.79,VRD,DEBIT,TRANSFER,TRANSFER,EXT-VERDANA,Fictional Counterparty,VD,,DEV-0032,FALSE,Synthetic routine activity
TXN-0002792,ACC-00091,2026-09-17T15:25:00,14828.69,VRD,DEBIT,TRANSFER,TRANSFER,EXT-VERDANA,Fictional Counterparty,VD,,DEV-0007,FALSE,Synthetic routine activity
TXN-0002793,ACC-00116,2026-09-17T15:25:00,12975.86,VRD,DEBIT,TRANSFER,TRANSFER,EXT-VERDANA,Fictional Counterparty,VD,,DEV-0042,FALSE,Synthetic routine activity
TXN-0002794,ACC-00031,2026-09-17T16:00:00,41438.00,VRD,CREDIT,CASH,CASH_DEPOSIT,EXT-VERDANA,Fictional Counterparty,VD,,DEV-0054,TRUE,Synthetic documented retail takings
TXN-0002795,ACC-00032,2026-09-17T16:00:00,41785.00,VRD,CREDIT,CASH,CASH_DEPOSIT,EXT-VERDANA,Fictional Counterparty,VD,,DEV-0010,TRUE,Synthetic documented retail takings
TXN-0002796,ACC-00033,2026-09-17T16:00:00,44934.00,VRD,CREDIT,CASH,CASH_DEPOSIT,EXT-VERDANA,Fictional Counterparty,VD,,DEV-0026,TRUE,Synthetic documented retail takings
TXN-0002797,ACC-00034,2026-09-17T16:00:00,46415.00,VRD,CREDIT,CASH,CASH_DEPOSIT,EXT-VERDANA,Fictional Counterparty,VD,,DEV-0042,TRUE,Synthetic documented retail takings
TXN-0002798,ACC-00035,2026-09-17T16:00:00,43157.00,VRD,CREDIT,CASH,CASH_DEPOSIT,EXT-VERDANA,Fictional Counterparty,VD,,DEV-0058,TRUE,Synthetic documented retail takings
TXN-0002799,ACC-00036,2026-09-17T16:00:00,45831.00,VRD,CREDIT,CASH,CASH_DEPOSIT,EXT-VERDANA,Fictional Counterparty,VD,,DEV-0014,TRUE,Synthetic documented retail takings
TXN-0002800,ACC-00037,2026-09-17T16:00:00,46851.00,VRD,CREDIT,CASH,CASH_DEPOSIT,EXT-VERDANA,Fictional Counterparty,VD,,DEV-0030,TRUE,Synthetic documented retail takings
TXN-0002801,ACC-00038,2026-09-17T16:00:00,42033.00,VRD,CREDIT,CASH,CASH_DEPOSIT,EXT-VERDANA,Fictional Counterparty,VD,,DEV-0046,TRUE,Synthetic documented retail takings
TXN-0002802,ACC-00039,2026-09-17T16:00:00,45557.00,VRD,CREDIT,CASH,CASH_DEPOSIT,EXT-VERDANA,Fictional Counterparty,VD,,DEV-0002,TRUE,Synthetic documented retail takings
TXN-0002803,ACC-00040,2026-09-17T16:00:00,44395.00,VRD,CREDIT,CASH,CASH_DEPOSIT,EXT-VERDANA,Fictional Counterparty,VD,,DEV-0018,TRUE,Synthetic documented retail takings
TXN-0002804,ACC-00041,2026-09-17T16:00:00,44366.00,VRD,CREDIT,CASH,CASH_DEPOSIT,EXT-VERDANA,Fictional Counterparty,VD,,DEV-0034,TRUE,Synthetic documented retail takings
TXN-0002805,ACC-00042,2026-09-17T16:00:00,46682.00,VRD,CREDIT,CASH,CASH_DEPOSIT,EXT-VERDANA,Fictional Counterparty,VD,,DEV-0050,TRUE,Synthetic documented retail takings
TXN-0002806,ACC-00023,2026-09-17T17:41:00,9318.95,VRD,DEBIT,MOBILE,TRANSFER,EXT-VERDANA,Fictional Counterparty,VD,,DEV-0043,FALSE,Synthetic routine activity
TXN-0002807,ACC-00048,2026-09-17T17:41:00,2659.01,VRD,DEBIT,MOBILE,TRANSFER,EXT-VERDANA,Fictional Counterparty,VD,,DEV-0018,FALSE,Synthetic routine activity
TXN-0002808,ACC-00073,2026-09-17T17:41:00,5694.82,VRD,CREDIT,MOBILE,TRANSFER,EXT-VERDANA,Fictional Counterparty,VD,,DEV-0053,FALSE,Synthetic routine activity
TXN-0002809,ACC-00001,2026-09-18T09:15:00,48306.00,VRD,CREDIT,CASH,CASH_DEPOSIT,EXT-VERDANA,Fictional Counterparty,VD,,DEV-0016,TRUE,Synthetic planted structuring cash credit
TXN-0002810,ACC-00002,2026-09-18T09:15:00,48012.00,VRD,CREDIT,CASH,CASH_DEPOSIT,EXT-VERDANA,Fictional Counterparty,VD,,DEV-0036,TRUE,Synthetic planted structuring cash credit
TXN-0002811,ACC-00003,2026-09-18T09:15:00,48076.00,VRD,CREDIT,CASH,CASH_DEPOSIT,EXT-VERDANA,Fictional Counterparty,VD,,DEV-0056,TRUE,Synthetic planted structuring cash credit
TXN-0002812,ACC-00004,2026-09-18T09:15:00,48172.00,VRD,CREDIT,CASH,CASH_DEPOSIT,EXT-VERDANA,Fictional Counterparty,VD,,DEV-0016,TRUE,Synthetic planted structuring cash credit
TXN-0002813,ACC-00005,2026-09-18T09:15:00,48904.00,VRD,CREDIT,CASH,CASH_DEPOSIT,EXT-VERDANA,Fictional Counterparty,VD,,DEV-0036,TRUE,Synthetic planted structuring cash credit
TXN-0002814,ACC-00006,2026-09-18T09:15:00,48204.00,VRD,CREDIT,CASH,CASH_DEPOSIT,EXT-VERDANA,Fictional Counterparty,VD,,DEV-0056,TRUE,Synthetic planted structuring cash credit
TXN-0002815,ACC-00007,2026-09-18T09:15:00,48934.00,VRD,CREDIT,CASH,CASH_DEPOSIT,EXT-VERDANA,Fictional Counterparty,VD,,DEV-0016,TRUE,Synthetic planted structuring cash credit
TXN-0002816,ACC-00008,2026-09-18T09:15:00,48366.00,VRD,CREDIT,CASH,CASH_DEPOSIT,EXT-VERDANA,Fictional Counterparty,VD,,DEV-0036,TRUE,Synthetic planted structuring cash credit
TXN-0002817,ACC-00009,2026-09-18T09:15:00,48589.00,VRD,CREDIT,CASH,CASH_DEPOSIT,EXT-VERDANA,Fictional Counterparty,VD,,DEV-0056,TRUE,Synthetic planted structuring cash credit
TXN-0002818,ACC-00010,2026-09-18T09:15:00,48720.00,VRD,CREDIT,CASH,CASH_DEPOSIT,EXT-VERDANA,Fictional Counterparty,VD,,DEV-0016,TRUE,Synthetic planted structuring cash credit
TXN-0002819,ACC-00011,2026-09-18T09:15:00,48092.00,VRD,CREDIT,CASH,CASH_DEPOSIT,EXT-VERDANA,Fictional Counterparty,VD,,DEV-0036,TRUE,Synthetic planted structuring cash credit
TXN-0002820,ACC-00012,2026-09-18T09:15:00,48864.00,VRD,CREDIT,CASH,CASH_DEPOSIT,EXT-VERDANA,Fictional Counterparty,VD,,DEV-0056,TRUE,Synthetic planted structuring cash credit
TXN-0002821,ACC-00013,2026-09-18T09:15:00,48964.00,VRD,CREDIT,CASH,CASH_DEPOSIT,EXT-VERDANA,Fictional Counterparty,VD,,DEV-0016,TRUE,Synthetic planted structuring cash credit
TXN-0002822,ACC-00014,2026-09-18T09:15:00,48178.00,VRD,CREDIT,CASH,CASH_DEPOSIT,EXT-VERDANA,Fictional Counterparty,VD,,DEV-0036,TRUE,Synthetic planted structuring cash credit
TXN-0002823,ACC-00015,2026-09-18T09:15:00,48130.00,VRD,CREDIT,CASH,CASH_DEPOSIT,EXT-VERDANA,Fictional Counterparty,VD,,DEV-0056,TRUE,Synthetic planted structuring cash credit
TXN-0002824,ACC-00016,2026-09-18T09:15:00,48626.00,VRD,CREDIT,CASH,CASH_DEPOSIT,EXT-VERDANA,Fictional Counterparty,VD,,DEV-0016,TRUE,Synthetic planted structuring cash credit
TXN-0002825,ACC-00017,2026-09-18T09:15:00,48725.00,VRD,CREDIT,CASH,CASH_DEPOSIT,EXT-VERDANA,Fictional Counterparty,VD,,DEV-0036,TRUE,Synthetic planted structuring cash credit
TXN-0002826,ACC-00018,2026-09-18T09:15:00,48395.00,VRD,CREDIT,CASH,CASH_DEPOSIT,EXT-VERDANA,Fictional Counterparty,VD,,DEV-0056,TRUE,Synthetic planted structuring cash credit
TXN-0002827,ACC-00019,2026-09-18T09:15:00,48666.00,VRD,CREDIT,CASH,CASH_DEPOSIT,EXT-VERDANA,Fictional Counterparty,VD,,DEV-0016,TRUE,Synthetic planted structuring cash credit
TXN-0002828,ACC-00020,2026-09-18T09:15:00,48384.00,VRD,CREDIT,CASH,CASH_DEPOSIT,EXT-VERDANA,Fictional Counterparty,VD,,DEV-0036,TRUE,Synthetic planted structuring cash credit
TXN-0002829,ACC-00031,2026-09-18T10:00:00,41829.00,VRD,CREDIT,CASH,CASH_DEPOSIT,EXT-VERDANA,Fictional Counterparty,VD,,DEV-0055,TRUE,Synthetic documented retail takings
TXN-0002830,ACC-00032,2026-09-18T10:00:00,41406.00,VRD,CREDIT,CASH,CASH_DEPOSIT,EXT-VERDANA,Fictional Counterparty,VD,,DEV-0011,TRUE,Synthetic documented retail takings
TXN-0002831,ACC-00033,2026-09-18T10:00:00,42635.00,VRD,CREDIT,CASH,CASH_DEPOSIT,EXT-VERDANA,Fictional Counterparty,VD,,DEV-0027,TRUE,Synthetic documented retail takings
TXN-0002832,ACC-00034,2026-09-18T10:00:00,43170.00,VRD,CREDIT,CASH,CASH_DEPOSIT,EXT-VERDANA,Fictional Counterparty,VD,,DEV-0043,TRUE,Synthetic documented retail takings
TXN-0002833,ACC-00035,2026-09-18T10:00:00,42853.00,VRD,CREDIT,CASH,CASH_DEPOSIT,EXT-VERDANA,Fictional Counterparty,VD,,DEV-0059,TRUE,Synthetic documented retail takings
TXN-0002834,ACC-00036,2026-09-18T10:00:00,42863.00,VRD,CREDIT,CASH,CASH_DEPOSIT,EXT-VERDANA,Fictional Counterparty,VD,,DEV-0015,TRUE,Synthetic documented retail takings
TXN-0002835,ACC-00037,2026-09-18T10:00:00,41284.00,VRD,CREDIT,CASH,CASH_DEPOSIT,EXT-VERDANA,Fictional Counterparty,VD,,DEV-0031,TRUE,Synthetic documented retail takings
TXN-0002836,ACC-00038,2026-09-18T10:00:00,41349.00,VRD,CREDIT,CASH,CASH_DEPOSIT,EXT-VERDANA,Fictional Counterparty,VD,,DEV-0047,TRUE,Synthetic documented retail takings
TXN-0002837,ACC-00039,2026-09-18T10:00:00,44255.00,VRD,CREDIT,CASH,CASH_DEPOSIT,EXT-VERDANA,Fictional Counterparty,VD,,DEV-0003,TRUE,Synthetic documented retail takings
TXN-0002838,ACC-00040,2026-09-18T10:00:00,42225.00,VRD,CREDIT,CASH,CASH_DEPOSIT,EXT-VERDANA,Fictional Counterparty,VD,,DEV-0019,TRUE,Synthetic documented retail takings
TXN-0002839,ACC-00041,2026-09-18T10:00:00,43163.00,VRD,CREDIT,CASH,CASH_DEPOSIT,EXT-VERDANA,Fictional Counterparty,VD,,DEV-0035,TRUE,Synthetic documented retail takings
TXN-0002840,ACC-00042,2026-09-18T10:00:00,44290.00,VRD,CREDIT,CASH,CASH_DEPOSIT,EXT-VERDANA,Fictional Counterparty,VD,,DEV-0051,TRUE,Synthetic documented retail takings
TXN-0002841,ACC-00031,2026-09-19T11:00:00,43712.00,VRD,CREDIT,CASH,CASH_DEPOSIT,EXT-VERDANA,Fictional Counterparty,VD,,DEV-0056,TRUE,Synthetic documented retail takings
TXN-0002842,ACC-00032,2026-09-19T11:00:00,44218.00,VRD,CREDIT,CASH,CASH_DEPOSIT,EXT-VERDANA,Fictional Counterparty,VD,,DEV-0012,TRUE,Synthetic documented retail takings
TXN-0002843,ACC-00033,2026-09-19T11:00:00,41794.00,VRD,CREDIT,CASH,CASH_DEPOSIT,EXT-VERDANA,Fictional Counterparty,VD,,DEV-0028,TRUE,Synthetic documented retail takings
TXN-0002844,ACC-00034,2026-09-19T11:00:00,41746.00,VRD,CREDIT,CASH,CASH_DEPOSIT,EXT-VERDANA,Fictional Counterparty,VD,,DEV-0044,TRUE,Synthetic documented retail takings
TXN-0002845,ACC-00035,2026-09-19T11:00:00,43200.00,VRD,CREDIT,CASH,CASH_DEPOSIT,EXT-VERDANA,Fictional Counterparty,VD,,DEV-0060,TRUE,Synthetic documented retail takings
TXN-0002846,ACC-00036,2026-09-19T11:00:00,45535.00,VRD,CREDIT,CASH,CASH_DEPOSIT,EXT-VERDANA,Fictional Counterparty,VD,,DEV-0016,TRUE,Synthetic documented retail takings
TXN-0002847,ACC-00037,2026-09-19T11:00:00,45113.00,VRD,CREDIT,CASH,CASH_DEPOSIT,EXT-VERDANA,Fictional Counterparty,VD,,DEV-0032,TRUE,Synthetic documented retail takings
TXN-0002848,ACC-00038,2026-09-19T11:00:00,44468.00,VRD,CREDIT,CASH,CASH_DEPOSIT,EXT-VERDANA,Fictional Counterparty,VD,,DEV-0048,TRUE,Synthetic documented retail takings
TXN-0002849,ACC-00039,2026-09-19T11:00:00,45522.00,VRD,CREDIT,CASH,CASH_DEPOSIT,EXT-VERDANA,Fictional Counterparty,VD,,DEV-0004,TRUE,Synthetic documented retail takings
TXN-0002850,ACC-00040,2026-09-19T11:00:00,42214.00,VRD,CREDIT,CASH,CASH_DEPOSIT,EXT-VERDANA,Fictional Counterparty,VD,,DEV-0020,TRUE,Synthetic documented retail takings
TXN-0002851,ACC-00041,2026-09-19T11:00:00,44137.00,VRD,CREDIT,CASH,CASH_DEPOSIT,EXT-VERDANA,Fictional Counterparty,VD,,DEV-0036,TRUE,Synthetic documented retail takings
TXN-0002852,ACC-00042,2026-09-19T11:00:00,41317.00,VRD,CREDIT,CASH,CASH_DEPOSIT,EXT-VERDANA,Fictional Counterparty,VD,,DEV-0052,TRUE,Synthetic documented retail takings
TXN-0002853,ACC-00001,2026-09-19T12:16:00,48266.00,VRD,CREDIT,CASH,CASH_DEPOSIT,EXT-VERDANA,Fictional Counterparty,VD,,DEV-0017,TRUE,Synthetic planted structuring cash credit
TXN-0002854,ACC-00002,2026-09-19T12:16:00,48063.00,VRD,CREDIT,CASH,CASH_DEPOSIT,EXT-VERDANA,Fictional Counterparty,VD,,DEV-0037,TRUE,Synthetic planted structuring cash credit
TXN-0002855,ACC-00003,2026-09-19T12:16:00,48022.00,VRD,CREDIT,CASH,CASH_DEPOSIT,EXT-VERDANA,Fictional Counterparty,VD,,DEV-0057,TRUE,Synthetic planted structuring cash credit
TXN-0002856,ACC-00004,2026-09-19T12:16:00,48946.00,VRD,CREDIT,CASH,CASH_DEPOSIT,EXT-VERDANA,Fictional Counterparty,VD,,DEV-0017,TRUE,Synthetic planted structuring cash credit
TXN-0002857,ACC-00005,2026-09-19T12:16:00,48152.00,VRD,CREDIT,CASH,CASH_DEPOSIT,EXT-VERDANA,Fictional Counterparty,VD,,DEV-0037,TRUE,Synthetic planted structuring cash credit
TXN-0002858,ACC-00006,2026-09-19T12:16:00,48658.00,VRD,CREDIT,CASH,CASH_DEPOSIT,EXT-VERDANA,Fictional Counterparty,VD,,DEV-0057,TRUE,Synthetic planted structuring cash credit
TXN-0002859,ACC-00007,2026-09-19T12:16:00,48579.00,VRD,CREDIT,CASH,CASH_DEPOSIT,EXT-VERDANA,Fictional Counterparty,VD,,DEV-0017,TRUE,Synthetic planted structuring cash credit
TXN-0002860,ACC-00008,2026-09-19T12:16:00,48785.00,VRD,CREDIT,CASH,CASH_DEPOSIT,EXT-VERDANA,Fictional Counterparty,VD,,DEV-0037,TRUE,Synthetic planted structuring cash credit
TXN-0002861,ACC-00009,2026-09-19T12:16:00,48866.00,VRD,CREDIT,CASH,CASH_DEPOSIT,EXT-VERDANA,Fictional Counterparty,VD,,DEV-0057,TRUE,Synthetic planted structuring cash credit
TXN-0002862,ACC-00010,2026-09-19T12:16:00,48717.00,VRD,CREDIT,CASH,CASH_DEPOSIT,EXT-VERDANA,Fictional Counterparty,VD,,DEV-0017,TRUE,Synthetic planted structuring cash credit
TXN-0002863,ACC-00011,2026-09-19T12:16:00,48057.00,VRD,CREDIT,CASH,CASH_DEPOSIT,EXT-VERDANA,Fictional Counterparty,VD,,DEV-0037,TRUE,Synthetic planted structuring cash credit
TXN-0002864,ACC-00012,2026-09-19T12:16:00,48889.00,VRD,CREDIT,CASH,CASH_DEPOSIT,EXT-VERDANA,Fictional Counterparty,VD,,DEV-0057,TRUE,Synthetic planted structuring cash credit
TXN-0002865,ACC-00013,2026-09-19T12:16:00,48678.00,VRD,CREDIT,CASH,CASH_DEPOSIT,EXT-VERDANA,Fictional Counterparty,VD,,DEV-0017,TRUE,Synthetic planted structuring cash credit
TXN-0002866,ACC-00014,2026-09-19T12:16:00,48724.00,VRD,CREDIT,CASH,CASH_DEPOSIT,EXT-VERDANA,Fictional Counterparty,VD,,DEV-0037,TRUE,Synthetic planted structuring cash credit
TXN-0002867,ACC-00015,2026-09-19T12:16:00,48181.00,VRD,CREDIT,CASH,CASH_DEPOSIT,EXT-VERDANA,Fictional Counterparty,VD,,DEV-0057,TRUE,Synthetic planted structuring cash credit
TXN-0002868,ACC-00016,2026-09-19T12:16:00,48226.00,VRD,CREDIT,CASH,CASH_DEPOSIT,EXT-VERDANA,Fictional Counterparty,VD,,DEV-0017,TRUE,Synthetic planted structuring cash credit
TXN-0002869,ACC-00017,2026-09-19T12:16:00,48686.00,VRD,CREDIT,CASH,CASH_DEPOSIT,EXT-VERDANA,Fictional Counterparty,VD,,DEV-0037,TRUE,Synthetic planted structuring cash credit
TXN-0002870,ACC-00018,2026-09-19T12:16:00,48448.00,VRD,CREDIT,CASH,CASH_DEPOSIT,EXT-VERDANA,Fictional Counterparty,VD,,DEV-0057,TRUE,Synthetic planted structuring cash credit
TXN-0002871,ACC-00019,2026-09-19T12:16:00,48776.00,VRD,CREDIT,CASH,CASH_DEPOSIT,EXT-VERDANA,Fictional Counterparty,VD,,DEV-0017,TRUE,Synthetic planted structuring cash credit
TXN-0002872,ACC-00020,2026-09-19T12:16:00,48164.00,VRD,CREDIT,CASH,CASH_DEPOSIT,EXT-VERDANA,Fictional Counterparty,VD,,DEV-0037,TRUE,Synthetic planted structuring cash credit
TXN-0002873,ACC-00001,2026-09-20T15:17:00,48839.00,VRD,CREDIT,CASH,CASH_DEPOSIT,EXT-VERDANA,Fictional Counterparty,VD,,DEV-0018,TRUE,Synthetic planted structuring cash credit
TXN-0002874,ACC-00002,2026-09-20T15:17:00,48850.00,VRD,CREDIT,CASH,CASH_DEPOSIT,EXT-VERDANA,Fictional Counterparty,VD,,DEV-0038,TRUE,Synthetic planted structuring cash credit
TXN-0002875,ACC-00003,2026-09-20T15:17:00,48066.00,VRD,CREDIT,CASH,CASH_DEPOSIT,EXT-VERDANA,Fictional Counterparty,VD,,DEV-0058,TRUE,Synthetic planted structuring cash credit
TXN-0002876,ACC-00004,2026-09-20T15:17:00,48587.00,VRD,CREDIT,CASH,CASH_DEPOSIT,EXT-VERDANA,Fictional Counterparty,VD,,DEV-0018,TRUE,Synthetic planted structuring cash credit
TXN-0002877,ACC-00005,2026-09-20T15:17:00,48035.00,VRD,CREDIT,CASH,CASH_DEPOSIT,EXT-VERDANA,Fictional Counterparty,VD,,DEV-0038,TRUE,Synthetic planted structuring cash credit
TXN-0002878,ACC-00006,2026-09-20T15:17:00,48905.00,VRD,CREDIT,CASH,CASH_DEPOSIT,EXT-VERDANA,Fictional Counterparty,VD,,DEV-0058,TRUE,Synthetic planted structuring cash credit
TXN-0002879,ACC-00007,2026-09-20T15:17:00,48514.00,VRD,CREDIT,CASH,CASH_DEPOSIT,EXT-VERDANA,Fictional Counterparty,VD,,DEV-0018,TRUE,Synthetic planted structuring cash credit
TXN-0002880,ACC-00008,2026-09-20T15:17:00,48598.00,VRD,CREDIT,CASH,CASH_DEPOSIT,EXT-VERDANA,Fictional Counterparty,VD,,DEV-0038,TRUE,Synthetic planted structuring cash credit
TXN-0002881,ACC-00009,2026-09-20T15:17:00,48816.00,VRD,CREDIT,CASH,CASH_DEPOSIT,EXT-VERDANA,Fictional Counterparty,VD,,DEV-0058,TRUE,Synthetic planted structuring cash credit
TXN-0002882,ACC-00010,2026-09-20T15:17:00,48360.00,VRD,CREDIT,CASH,CASH_DEPOSIT,EXT-VERDANA,Fictional Counterparty,VD,,DEV-0018,TRUE,Synthetic planted structuring cash credit
TXN-0002883,ACC-00011,2026-09-20T15:17:00,48238.00,VRD,CREDIT,CASH,CASH_DEPOSIT,EXT-VERDANA,Fictional Counterparty,VD,,DEV-0038,TRUE,Synthetic planted structuring cash credit
TXN-0002884,ACC-00012,2026-09-20T15:17:00,48331.00,VRD,CREDIT,CASH,CASH_DEPOSIT,EXT-VERDANA,Fictional Counterparty,VD,,DEV-0058,TRUE,Synthetic planted structuring cash credit
TXN-0002885,ACC-00013,2026-09-20T15:17:00,48405.00,VRD,CREDIT,CASH,CASH_DEPOSIT,EXT-VERDANA,Fictional Counterparty,VD,,DEV-0018,TRUE,Synthetic planted structuring cash credit
TXN-0002886,ACC-00014,2026-09-20T15:17:00,48991.00,VRD,CREDIT,CASH,CASH_DEPOSIT,EXT-VERDANA,Fictional Counterparty,VD,,DEV-0038,TRUE,Synthetic planted structuring cash credit
TXN-0002887,ACC-00015,2026-09-20T15:17:00,48746.00,VRD,CREDIT,CASH,CASH_DEPOSIT,EXT-VERDANA,Fictional Counterparty,VD,,DEV-0058,TRUE,Synthetic planted structuring cash credit
TXN-0002888,ACC-00016,2026-09-20T15:17:00,48654.00,VRD,CREDIT,CASH,CASH_DEPOSIT,EXT-VERDANA,Fictional Counterparty,VD,,DEV-0018,TRUE,Synthetic planted structuring cash credit
TXN-0002889,ACC-00017,2026-09-20T15:17:00,48654.00,VRD,CREDIT,CASH,CASH_DEPOSIT,EXT-VERDANA,Fictional Counterparty,VD,,DEV-0038,TRUE,Synthetic planted structuring cash credit
TXN-0002890,ACC-00018,2026-09-20T15:17:00,48750.00,VRD,CREDIT,CASH,CASH_DEPOSIT,EXT-VERDANA,Fictional Counterparty,VD,,DEV-0058,TRUE,Synthetic planted structuring cash credit
TXN-0002891,ACC-00019,2026-09-20T15:17:00,48703.00,VRD,CREDIT,CASH,CASH_DEPOSIT,EXT-VERDANA,Fictional Counterparty,VD,,DEV-0018,TRUE,Synthetic planted structuring cash credit
TXN-0002892,ACC-00020,2026-09-20T15:17:00,48749.00,VRD,CREDIT,CASH,CASH_DEPOSIT,EXT-VERDANA,Fictional Counterparty,VD,,DEV-0038,TRUE,Synthetic planted structuring cash credit
TXN-0002893,ACC-00001,2026-09-21T09:18:00,48178.00,VRD,CREDIT,CASH,CASH_DEPOSIT,EXT-VERDANA,Fictional Counterparty,VD,,DEV-0019,TRUE,Synthetic planted structuring cash credit
TXN-0002894,ACC-00002,2026-09-21T09:18:00,48799.00,VRD,CREDIT,CASH,CASH_DEPOSIT,EXT-VERDANA,Fictional Counterparty,VD,,DEV-0039,TRUE,Synthetic planted structuring cash credit
TXN-0002895,ACC-00003,2026-09-21T09:18:00,48202.00,VRD,CREDIT,CASH,CASH_DEPOSIT,EXT-VERDANA,Fictional Counterparty,VD,,DEV-0059,TRUE,Synthetic planted structuring cash credit
TXN-0002896,ACC-00004,2026-09-21T09:18:00,48443.00,VRD,CREDIT,CASH,CASH_DEPOSIT,EXT-VERDANA,Fictional Counterparty,VD,,DEV-0019,TRUE,Synthetic planted structuring cash credit
TXN-0002897,ACC-00005,2026-09-21T09:18:00,48628.00,VRD,CREDIT,CASH,CASH_DEPOSIT,EXT-VERDANA,Fictional Counterparty,VD,,DEV-0039,TRUE,Synthetic planted structuring cash credit
TXN-0002898,ACC-00006,2026-09-21T09:18:00,48816.00,VRD,CREDIT,CASH,CASH_DEPOSIT,EXT-VERDANA,Fictional Counterparty,VD,,DEV-0059,TRUE,Synthetic planted structuring cash credit
TXN-0002899,ACC-00007,2026-09-21T09:18:00,48329.00,VRD,CREDIT,CASH,CASH_DEPOSIT,EXT-VERDANA,Fictional Counterparty,VD,,DEV-0019,TRUE,Synthetic planted structuring cash credit
TXN-0002900,ACC-00008,2026-09-21T09:18:00,48238.00,VRD,CREDIT,CASH,CASH_DEPOSIT,EXT-VERDANA,Fictional Counterparty,VD,,DEV-0039,TRUE,Synthetic planted structuring cash credit
TXN-0002901,ACC-00009,2026-09-21T09:18:00,48397.00,VRD,CREDIT,CASH,CASH_DEPOSIT,EXT-VERDANA,Fictional Counterparty,VD,,DEV-0059,TRUE,Synthetic planted structuring cash credit
TXN-0002902,ACC-00010,2026-09-21T09:18:00,48970.00,VRD,CREDIT,CASH,CASH_DEPOSIT,EXT-VERDANA,Fictional Counterparty,VD,,DEV-0019,TRUE,Synthetic planted structuring cash credit
TXN-0002903,ACC-00011,2026-09-21T09:18:00,48616.00,VRD,CREDIT,CASH,CASH_DEPOSIT,EXT-VERDANA,Fictional Counterparty,VD,,DEV-0039,TRUE,Synthetic planted structuring cash credit
TXN-0002904,ACC-00012,2026-09-21T09:18:00,48060.00,VRD,CREDIT,CASH,CASH_DEPOSIT,EXT-VERDANA,Fictional Counterparty,VD,,DEV-0059,TRUE,Synthetic planted structuring cash credit
TXN-0002905,ACC-00013,2026-09-21T09:18:00,48600.00,VRD,CREDIT,CASH,CASH_DEPOSIT,EXT-VERDANA,Fictional Counterparty,VD,,DEV-0019,TRUE,Synthetic planted structuring cash credit
TXN-0002906,ACC-00014,2026-09-21T09:18:00,48575.00,VRD,CREDIT,CASH,CASH_DEPOSIT,EXT-VERDANA,Fictional Counterparty,VD,,DEV-0039,TRUE,Synthetic planted structuring cash credit
TXN-0002907,ACC-00015,2026-09-21T09:18:00,48001.00,VRD,CREDIT,CASH,CASH_DEPOSIT,EXT-VERDANA,Fictional Counterparty,VD,,DEV-0059,TRUE,Synthetic planted structuring cash credit
TXN-0002908,ACC-00016,2026-09-21T09:18:00,48579.00,VRD,CREDIT,CASH,CASH_DEPOSIT,EXT-VERDANA,Fictional Counterparty,VD,,DEV-0019,TRUE,Synthetic planted structuring cash credit
TXN-0002909,ACC-00017,2026-09-21T09:18:00,48746.00,VRD,CREDIT,CASH,CASH_DEPOSIT,EXT-VERDANA,Fictional Counterparty,VD,,DEV-0039,TRUE,Synthetic planted structuring cash credit
TXN-0002910,ACC-00018,2026-09-21T09:18:00,48429.00,VRD,CREDIT,CASH,CASH_DEPOSIT,EXT-VERDANA,Fictional Counterparty,VD,,DEV-0059,TRUE,Synthetic planted structuring cash credit
TXN-0002911,ACC-00019,2026-09-21T09:18:00,48230.00,VRD,CREDIT,CASH,CASH_DEPOSIT,EXT-VERDANA,Fictional Counterparty,VD,,DEV-0019,TRUE,Synthetic planted structuring cash credit
TXN-0002912,ACC-00020,2026-09-21T09:18:00,48076.00,VRD,CREDIT,CASH,CASH_DEPOSIT,EXT-VERDANA,Fictional Counterparty,VD,,DEV-0039,TRUE,Synthetic planted structuring cash credit
TXN-0002913,ACC-00001,2026-09-22T12:19:00,48031.00,VRD,CREDIT,CASH,CASH_DEPOSIT,EXT-VERDANA,Fictional Counterparty,VD,,DEV-0020,TRUE,Synthetic planted structuring cash credit
TXN-0002914,ACC-00002,2026-09-22T12:19:00,48227.00,VRD,CREDIT,CASH,CASH_DEPOSIT,EXT-VERDANA,Fictional Counterparty,VD,,DEV-0040,TRUE,Synthetic planted structuring cash credit
TXN-0002915,ACC-00003,2026-09-22T12:19:00,48924.00,VRD,CREDIT,CASH,CASH_DEPOSIT,EXT-VERDANA,Fictional Counterparty,VD,,DEV-0060,TRUE,Synthetic planted structuring cash credit
TXN-0002916,ACC-00004,2026-09-22T12:19:00,48841.00,VRD,CREDIT,CASH,CASH_DEPOSIT,EXT-VERDANA,Fictional Counterparty,VD,,DEV-0020,TRUE,Synthetic planted structuring cash credit
TXN-0002917,ACC-00005,2026-09-22T12:19:00,48634.00,VRD,CREDIT,CASH,CASH_DEPOSIT,EXT-VERDANA,Fictional Counterparty,VD,,DEV-0040,TRUE,Synthetic planted structuring cash credit
TXN-0002918,ACC-00006,2026-09-22T12:19:00,48538.00,VRD,CREDIT,CASH,CASH_DEPOSIT,EXT-VERDANA,Fictional Counterparty,VD,,DEV-0060,TRUE,Synthetic planted structuring cash credit
TXN-0002919,ACC-00007,2026-09-22T12:19:00,48397.00,VRD,CREDIT,CASH,CASH_DEPOSIT,EXT-VERDANA,Fictional Counterparty,VD,,DEV-0020,TRUE,Synthetic planted structuring cash credit
TXN-0002920,ACC-00008,2026-09-22T12:19:00,48997.00,VRD,CREDIT,CASH,CASH_DEPOSIT,EXT-VERDANA,Fictional Counterparty,VD,,DEV-0040,TRUE,Synthetic planted structuring cash credit
TXN-0002921,ACC-00009,2026-09-22T12:19:00,48363.00,VRD,CREDIT,CASH,CASH_DEPOSIT,EXT-VERDANA,Fictional Counterparty,VD,,DEV-0060,TRUE,Synthetic planted structuring cash credit
TXN-0002922,ACC-00010,2026-09-22T12:19:00,48581.00,VRD,CREDIT,CASH,CASH_DEPOSIT,EXT-VERDANA,Fictional Counterparty,VD,,DEV-0020,TRUE,Synthetic planted structuring cash credit
TXN-0002923,ACC-00011,2026-09-22T12:19:00,48224.00,VRD,CREDIT,CASH,CASH_DEPOSIT,EXT-VERDANA,Fictional Counterparty,VD,,DEV-0040,TRUE,Synthetic planted structuring cash credit
TXN-0002924,ACC-00012,2026-09-22T12:19:00,48022.00,VRD,CREDIT,CASH,CASH_DEPOSIT,EXT-VERDANA,Fictional Counterparty,VD,,DEV-0060,TRUE,Synthetic planted structuring cash credit
TXN-0002925,ACC-00013,2026-09-22T12:19:00,48103.00,VRD,CREDIT,CASH,CASH_DEPOSIT,EXT-VERDANA,Fictional Counterparty,VD,,DEV-0020,TRUE,Synthetic planted structuring cash credit
TXN-0002926,ACC-00014,2026-09-22T12:19:00,48710.00,VRD,CREDIT,CASH,CASH_DEPOSIT,EXT-VERDANA,Fictional Counterparty,VD,,DEV-0040,TRUE,Synthetic planted structuring cash credit
TXN-0002927,ACC-00015,2026-09-22T12:19:00,48971.00,VRD,CREDIT,CASH,CASH_DEPOSIT,EXT-VERDANA,Fictional Counterparty,VD,,DEV-0060,TRUE,Synthetic planted structuring cash credit
TXN-0002928,ACC-00016,2026-09-22T12:19:00,48106.00,VRD,CREDIT,CASH,CASH_DEPOSIT,EXT-VERDANA,Fictional Counterparty,VD,,DEV-0020,TRUE,Synthetic planted structuring cash credit
TXN-0002929,ACC-00017,2026-09-22T12:19:00,48907.00,VRD,CREDIT,CASH,CASH_DEPOSIT,EXT-VERDANA,Fictional Counterparty,VD,,DEV-0040,TRUE,Synthetic planted structuring cash credit
TXN-0002930,ACC-00018,2026-09-22T12:19:00,48992.00,VRD,CREDIT,CASH,CASH_DEPOSIT,EXT-VERDANA,Fictional Counterparty,VD,,DEV-0060,TRUE,Synthetic planted structuring cash credit
TXN-0002931,ACC-00019,2026-09-22T12:19:00,48166.00,VRD,CREDIT,CASH,CASH_DEPOSIT,EXT-VERDANA,Fictional Counterparty,VD,,DEV-0020,TRUE,Synthetic planted structuring cash credit
TXN-0002932,ACC-00020,2026-09-22T12:19:00,48560.00,VRD,CREDIT,CASH,CASH_DEPOSIT,EXT-VERDANA,Fictional Counterparty,VD,,DEV-0040,TRUE,Synthetic planted structuring cash credit
